level1_time,level1_attempts,level1_hints,level1_stars,level2_time,level2_attempts,level2_hints,level2_stars,level3_time,level3_attempts,level3_hints,level3_stars,difficulty_label,difficulty_name
120,4,2,2,133,3,2,2,116,3,2,2,0,easy-basic
87,4,3,1,95,5,2,2,115,5,2,2,0,easy-basic
93,4,2,1,74,3,2,2,100,3,2,1,0,easy-basic
63,3,3,1,64,3,2,2,68,3,2,1,0,easy-basic
117,5,3,2,83,3,2,1,135,5,2,2,0,easy-basic
76,3,3,2,92,4,3,1,88,5,2,1,0,easy-basic
97,5,2,1,89,4,3,1,98,4,2,1,0,easy-basic
84,4,3,1,74,3,2,2,90,5,2,2,0,easy-basic
133,4,2,1,115,3,2,2,131,3,2,1,0,easy-basic
72,5,3,1,111,4,2,1,98,5,2,1,0,easy-basic
76,3,2,1,129,4,2,2,78,5,3,2,0,easy-basic
105,5,3,2,101,5,3,2,79,4,2,1,0,easy-basic
94,5,2,1,77,4,2,1,119,4,2,1,0,easy-basic
91,3,3,2,138,3,3,2,104,5,2,1,0,easy-basic
106,5,3,1,74,3,3,1,88,4,2,1,0,easy-basic
98,3,2,1,62,3,2,2,126,4,3,2,0,easy-basic
85,5,3,1,111,3,2,1,138,5,2,1,0,easy-basic
123,3,3,2,85,3,2,2,119,4,2,1,0,easy-basic
65,5,2,1,103,5,2,1,124,3,2,1,0,easy-basic
133,5,2,1,91,5,2,2,87,5,2,1,0,easy-basic
127,5,3,2,128,5,2,1,63,5,3,2,0,easy-basic
98,4,2,2,139,3,3,1,113,3,2,1,0,easy-basic
103,5,2,2,135,4,3,1,118,3,2,2,0,easy-basic
104,5,3,2,94,3,2,2,94,4,3,2,0,easy-basic
138,5,3,2,82,3,2,2,84,3,2,2,0,easy-basic
61,5,3,2,110,5,3,2,98,5,3,1,0,easy-basic
72,3,2,2,122,3,2,2,74,3,3,2,0,easy-basic
104,4,3,2,114,3,3,2,78,4,2,1,0,easy-basic
117,4,3,1,65,4,2,1,127,4,2,2,0,easy-basic
98,4,3,1,69,5,3,1,83,4,2,2,0,easy-basic
61,4,3,1,63,5,3,2,136,4,2,2,0,easy-basic
66,3,2,1,85,3,3,2,125,5,3,2,0,easy-basic
80,4,3,2,95,5,2,2,138,4,3,2,0,easy-basic
66,4,3,1,118,3,2,1,100,4,2,1,0,easy-basic
70,4,2,1,82,5,3,1,137,3,3,2,0,easy-basic
122,3,3,2,76,3,3,1,135,5,2,2,0,easy-basic
133,4,3,2,112,4,3,1,103,4,2,1,0,easy-basic
69,5,3,2,119,3,2,1,69,5,2,2,0,easy-basic
135,3,3,2,140,5,3,1,95,3,3,2,0,easy-basic
78,4,2,1,119,4,2,1,96,5,3,1,0,easy-basic
117,3,3,2,77,4,2,2,72,3,2,2,0,easy-basic
137,4,3,2,137,4,3,2,108,3,3,1,0,easy-basic
114,3,2,2,74,4,3,1,103,3,3,1,0,easy-basic
66,4,3,2,101,5,2,1,107,4,3,2,0,easy-basic
99,5,3,1,133,5,2,1,126,4,3,1,0,easy-basic
139,3,3,1,72,4,3,2,76,4,3,1,0,easy-basic
67,5,2,2,114,5,3,2,129,3,2,2,0,easy-basic
95,5,3,2,135,3,3,2,123,3,3,1,0,easy-basic
124,5,3,1,134,5,3,1,71,4,3,1,0,easy-basic
133,4,2,2,97,3,3,1,86,4,2,1,0,easy-basic
63,5,2,1,89,3,2,2,107,4,3,1,0,easy-basic
92,5,3,2,107,4,2,1,120,4,3,2,0,easy-basic
116,4,2,1,96,4,2,2,98,5,2,1,0,easy-basic
74,3,3,2,94,5,3,2,123,4,2,2,0,easy-basic
105,4,3,1,120,3,3,1,102,5,2,1,0,easy-basic
103,5,2,2,67,5,2,2,126,5,2,2,0,easy-basic
86,4,2,1,122,4,2,1,66,4,3,1,0,easy-basic
111,4,3,2,83,4,2,1,80,5,2,1,0,easy-basic
123,5,2,2,64,3,2,2,94,3,2,2,0,easy-basic
65,4,3,1,94,3,2,1,71,3,2,1,0,easy-basic
113,4,2,1,64,4,2,1,117,5,2,2,0,easy-basic
97,3,2,2,132,3,3,1,126,4,2,2,0,easy-basic
87,5,3,1,97,3,3,2,89,5,3,2,0,easy-basic
101,4,2,2,127,4,2,2,70,3,3,1,0,easy-basic
72,3,2,1,125,3,3,2,84,4,3,1,0,easy-basic
138,3,2,1,138,3,3,2,116,5,3,2,0,easy-basic
109,5,3,2,139,4,2,2,65,3,3,2,0,easy-basic
78,3,2,2,119,3,3,2,122,4,3,1,0,easy-basic
98,3,2,2,82,5,3,2,123,3,3,1,0,easy-basic
136,5,3,1,77,3,2,1,138,3,3,2,0,easy-basic
83,4,3,2,104,3,3,1,105,3,3,2,0,easy-basic
135,3,3,2,126,5,2,1,105,5,3,2,0,easy-basic
114,5,2,2,137,5,3,1,123,4,2,2,0,easy-basic
120,4,3,1,124,3,3,2,60,4,2,1,0,easy-basic
115,4,2,2,127,3,2,2,109,3,2,2,0,easy-basic
138,5,2,2,61,5,2,2,131,3,3,2,0,easy-basic
99,4,2,1,124,5,3,1,124,5,2,2,0,easy-basic
87,3,2,2,114,3,2,1,77,4,3,1,0,easy-basic
109,5,2,1,127,5,3,1,99,3,3,2,0,easy-basic
75,3,2,1,116,5,3,1,139,4,2,2,0,easy-basic
74,5,3,1,115,4,2,1,72,4,3,1,0,easy-basic
129,4,3,2,122,4,3,2,116,5,3,2,0,easy-basic
120,4,3,2,62,4,2,1,92,3,2,2,0,easy-basic
76,3,3,2,118,3,2,2,104,4,2,2,0,easy-basic
122,5,3,2,114,3,3,1,93,5,2,1,0,easy-basic
126,5,3,1,95,3,3,2,110,4,2,1,0,easy-basic
89,4,3,1,76,3,3,2,133,3,2,1,0,easy-basic
96,4,3,1,82,3,3,2,133,3,3,1,0,easy-basic
68,5,2,1,132,5,3,2,140,4,3,1,0,easy-basic
137,5,2,1,131,5,3,2,137,5,2,2,0,easy-basic
64,5,2,1,72,5,3,1,70,5,2,2,0,easy-basic
70,3,3,1,95,4,2,2,60,5,3,2,0,easy-basic
132,5,2,2,96,3,3,2,117,4,2,2,0,easy-basic
73,4,2,2,65,5,3,2,60,4,2,2,0,easy-basic
91,5,3,1,77,5,3,2,92,3,2,2,0,easy-basic
103,3,2,2,116,5,2,1,89,4,3,1,0,easy-basic
132,4,3,2,112,4,2,1,103,4,2,1,0,easy-basic
105,5,3,2,134,4,2,2,71,3,3,1,0,easy-basic
95,3,2,1,80,5,3,2,72,3,2,2,0,easy-basic
127,3,2,2,131,5,2,1,80,4,2,1,0,easy-basic
136,4,3,2,60,3,3,1,131,5,2,1,0,easy-basic
92,5,3,1,126,3,2,2,137,5,3,1,0,easy-basic
87,4,3,2,106,5,3,1,97,3,3,2,0,easy-basic
107,3,3,2,101,4,3,1,75,4,2,2,0,easy-basic
91,5,2,1,87,5,2,1,109,3,3,2,0,easy-basic
64,4,3,2,138,5,3,2,95,4,3,2,0,easy-basic
130,3,3,2,115,3,3,1,128,5,2,2,0,easy-basic
78,3,3,1,116,5,2,1,126,4,3,2,0,easy-basic
98,3,2,1,136,5,2,1,122,5,2,2,0,easy-basic
66,4,2,1,108,5,3,1,98,3,2,1,0,easy-basic
74,3,3,2,115,5,3,2,119,4,2,2,0,easy-basic
64,3,2,1,107,3,3,1,121,3,3,2,0,easy-basic
112,5,2,2,86,4,3,1,119,3,2,2,0,easy-basic
96,3,2,2,112,4,3,1,97,3,2,1,0,easy-basic
101,3,2,1,94,5,2,1,104,4,2,2,0,easy-basic
114,3,3,1,139,4,2,2,96,4,2,2,0,easy-basic
102,3,3,2,117,3,3,1,61,4,2,1,0,easy-basic
139,3,3,2,72,4,2,2,93,5,2,1,0,easy-basic
64,4,3,2,116,3,3,1,83,5,2,2,0,easy-basic
97,4,3,1,116,4,3,2,65,5,3,1,0,easy-basic
96,4,2,2,90,4,2,1,116,5,2,2,0,easy-basic
127,4,2,2,98,5,3,1,65,4,3,2,0,easy-basic
63,4,3,2,75,3,3,2,107,3,3,2,0,easy-basic
111,5,2,1,80,4,2,2,119,3,2,2,0,easy-basic
100,4,3,1,93,5,2,2,95,4,2,2,0,easy-basic
60,3,3,2,127,5,3,1,80,4,2,2,0,easy-basic
108,5,2,1,69,3,3,2,72,3,2,1,0,easy-basic
74,3,3,1,110,3,3,1,72,3,3,2,0,easy-basic
75,4,2,2,137,5,2,1,120,3,2,2,0,easy-basic
119,3,3,1,140,4,3,1,79,3,2,2,0,easy-basic
121,4,2,1,92,5,2,2,86,3,2,2,0,easy-basic
81,5,3,1,113,5,3,1,135,3,2,1,0,easy-basic
91,5,2,1,74,5,2,1,110,4,3,2,0,easy-basic
83,3,2,1,92,5,2,2,128,3,2,2,0,easy-basic
114,4,2,1,64,3,3,1,79,3,3,1,0,easy-basic
64,3,3,2,112,3,3,2,81,3,2,2,0,easy-basic
101,3,3,1,137,3,2,1,100,3,2,2,0,easy-basic
85,4,3,1,115,3,2,2,82,3,2,2,0,easy-basic
131,4,3,1,110,3,2,2,106,3,3,1,0,easy-basic
120,4,3,2,108,5,2,1,121,5,3,2,0,easy-basic
63,5,3,2,85,3,2,1,64,3,2,1,0,easy-basic
111,3,3,1,77,3,2,2,77,5,3,2,0,easy-basic
104,4,3,1,87,3,2,2,126,5,2,1,0,easy-basic
87,3,3,2,96,4,2,1,87,3,2,1,0,easy-basic
74,5,3,2,84,3,3,1,136,3,2,2,0,easy-basic
68,4,2,1,125,3,3,2,106,4,3,2,0,easy-basic
137,5,2,2,87,4,3,1,108,4,2,1,0,easy-basic
65,3,3,1,76,5,3,1,91,4,3,2,0,easy-basic
109,5,2,2,110,3,3,1,94,4,2,1,0,easy-basic
134,5,2,2,62,4,3,2,96,4,2,2,0,easy-basic
64,4,3,2,110,3,3,1,80,4,3,2,0,easy-basic
99,4,3,1,116,4,3,1,135,4,3,2,0,easy-basic
117,4,3,2,94,3,2,2,105,5,3,1,0,easy-basic
103,3,3,2,117,4,2,2,64,5,3,2,0,easy-basic
136,3,2,1,83,4,3,2,98,4,3,1,0,easy-basic
107,5,2,1,140,4,2,1,91,5,2,1,0,easy-basic
126,5,3,2,105,5,2,1,89,4,2,2,0,easy-basic
105,5,2,2,110,4,3,2,87,3,2,1,0,easy-basic
127,5,3,2,63,4,2,2,68,3,3,1,0,easy-basic
97,5,3,1,116,3,2,2,60,5,2,1,0,easy-basic
120,4,3,2,112,5,3,1,137,4,3,1,0,easy-basic
109,5,2,2,73,4,2,1,138,3,2,1,0,easy-basic
70,4,3,1,130,5,2,2,116,4,3,2,0,easy-basic
122,3,2,2,82,3,3,1,109,4,3,2,0,easy-basic
85,3,2,2,116,4,3,1,128,5,2,2,0,easy-basic
63,4,3,2,71,3,3,2,76,4,2,2,0,easy-basic
76,5,3,1,82,3,3,1,126,3,2,1,0,easy-basic
112,5,3,1,73,5,3,2,121,3,2,1,0,easy-basic
123,5,3,2,63,5,2,2,65,3,3,2,0,easy-basic
96,3,2,2,127,3,3,2,80,5,2,1,0,easy-basic
66,3,2,1,62,3,3,1,90,3,2,1,0,easy-basic
131,5,3,2,77,5,2,1,127,3,2,2,0,easy-basic
84,3,2,2,135,3,2,2,66,4,2,1,0,easy-basic
111,4,2,2,129,3,2,1,77,4,3,1,0,easy-basic
90,3,3,1,110,3,3,2,109,4,2,2,0,easy-basic
125,5,3,1,86,3,3,2,117,5,2,1,0,easy-basic
61,5,2,2,117,5,3,1,128,4,2,2,0,easy-basic
64,4,2,2,129,4,2,2,128,4,2,1,0,easy-basic
87,4,3,1,135,4,2,1,101,5,3,2,0,easy-basic
134,3,2,2,122,3,2,1,74,4,2,1,0,easy-basic
119,4,3,1,107,3,3,2,78,3,2,1,0,easy-basic
94,5,2,2,117,5,2,1,139,5,3,2,0,easy-basic
68,3,3,1,105,5,3,1,136,3,3,2,0,easy-basic
137,3,2,2,111,5,3,1,83,3,2,1,0,easy-basic
125,5,2,1,107,3,2,1,74,4,3,2,0,easy-basic
92,5,2,1,130,3,3,1,93,3,3,1,0,easy-basic
114,4,2,2,137,5,2,1,119,3,3,1,0,easy-basic
77,5,2,1,135,5,3,2,66,3,3,2,0,easy-basic
63,4,3,2,129,3,3,2,132,4,3,2,0,easy-basic
108,3,3,2,97,4,3,1,117,4,2,1,0,easy-basic
107,4,3,1,97,3,3,1,71,5,2,2,0,easy-basic
66,5,2,2,93,5,2,2,101,5,2,2,0,easy-basic
96,3,3,2,115,4,2,1,98,4,2,1,0,easy-basic
135,5,3,2,75,5,2,2,90,3,3,1,0,easy-basic
71,3,2,2,138,3,2,1,91,4,3,2,0,easy-basic
85,4,3,2,138,3,3,1,129,4,2,1,0,easy-basic
69,3,2,2,67,3,3,2,67,3,2,2,0,easy-basic
134,3,3,1,104,3,2,2,120,4,3,1,0,easy-basic
117,4,2,2,79,3,3,2,112,3,3,2,0,easy-basic
103,4,2,2,71,5,3,1,65,4,2,2,0,easy-basic
127,3,3,2,130,4,3,2,101,4,3,2,0,easy-basic
110,3,3,2,122,4,3,1,111,4,3,2,0,easy-basic
105,3,2,2,107,4,3,1,64,3,2,1,0,easy-basic
82,5,2,2,99,4,2,1,80,4,3,1,0,easy-basic
113,4,2,1,114,4,2,1,138,4,3,1,0,easy-basic
88,5,2,1,64,5,2,2,85,4,2,1,0,easy-basic
104,4,3,2,88,3,3,2,126,3,2,2,0,easy-basic
89,4,3,1,98,3,2,1,134,4,2,1,0,easy-basic
132,3,3,2,125,3,2,1,86,5,2,1,0,easy-basic
134,5,3,2,63,3,3,1,83,3,3,2,0,easy-basic
106,3,2,1,112,4,3,2,140,3,2,1,0,easy-basic
100,3,2,1,136,5,2,1,128,5,3,1,0,easy-basic
100,3,2,1,98,5,3,2,122,3,3,1,0,easy-basic
104,3,3,1,123,5,3,2,67,3,3,2,0,easy-basic
99,3,2,2,134,5,2,1,79,5,3,1,0,easy-basic
80,4,2,1,136,4,3,1,89,3,2,2,0,easy-basic
117,4,2,1,121,3,2,1,104,4,3,1,0,easy-basic
98,3,2,1,78,3,2,2,114,4,3,1,0,easy-basic
120,4,2,2,115,4,2,2,96,3,2,2,0,easy-basic
99,4,2,1,117,3,3,2,97,5,2,1,0,easy-basic
78,3,3,1,132,3,3,2,86,3,2,2,0,easy-basic
91,3,3,2,115,5,2,2,68,5,2,2,0,easy-basic
64,5,3,2,116,5,2,2,97,5,2,2,0,easy-basic
128,3,3,2,122,3,3,1,102,3,2,2,0,easy-basic
115,3,3,1,106,5,3,2,101,3,2,2,0,easy-basic
91,5,2,1,88,3,3,1,98,3,2,1,0,easy-basic
110,5,3,1,66,3,3,1,107,3,2,2,0,easy-basic
105,5,3,2,136,3,2,2,127,3,2,1,0,easy-basic
130,3,2,1,61,5,2,2,70,4,2,2,0,easy-basic
115,3,2,1,133,4,2,1,87,3,3,2,0,easy-basic
137,4,2,1,108,3,3,2,80,4,2,2,0,easy-basic
131,4,2,1,60,5,3,2,133,4,2,1,0,easy-basic
121,4,2,1,102,5,2,2,76,3,3,1,0,easy-basic
65,5,2,2,116,5,2,2,72,4,3,1,0,easy-basic
63,3,2,1,102,3,3,1,79,3,2,1,0,easy-basic
85,5,2,1,61,3,3,1,138,4,2,2,0,easy-basic
61,4,3,2,105,3,2,1,88,3,2,2,0,easy-basic
92,4,3,2,107,3,3,2,83,5,3,2,0,easy-basic
84,3,3,2,66,5,2,2,92,3,2,2,0,easy-basic
90,5,2,2,77,5,3,2,71,5,3,2,0,easy-basic
76,5,2,1,72,5,3,1,111,3,3,1,0,easy-basic
132,4,3,1,87,4,2,1,126,3,3,2,0,easy-basic
125,4,3,1,121,4,3,2,60,4,3,1,0,easy-basic
76,5,2,2,91,4,2,2,114,4,3,2,0,easy-basic
74,3,3,1,93,3,3,1,89,4,2,1,0,easy-basic
127,3,2,2,86,5,2,1,79,4,2,1,0,easy-basic
139,5,3,2,73,5,2,1,123,3,3,2,0,easy-basic
98,5,3,1,125,4,2,2,85,3,2,1,0,easy-basic
106,3,2,2,64,3,3,1,82,3,3,2,0,easy-basic
140,3,3,1,107,5,3,2,94,4,3,2,0,easy-basic
70,5,2,1,131,4,2,1,95,5,2,1,0,easy-basic
126,4,2,1,61,4,3,2,106,5,3,2,0,easy-basic
139,5,3,2,121,4,2,1,115,5,3,2,0,easy-basic
91,4,3,2,114,4,2,2,67,5,3,1,0,easy-basic
123,4,3,2,71,5,3,1,112,3,3,2,0,easy-basic
79,3,3,1,108,3,2,2,111,4,2,2,0,easy-basic
128,3,2,1,105,4,2,2,65,3,3,2,0,easy-basic
120,3,2,2,83,4,3,2,68,5,3,2,0,easy-basic
105,3,3,1,133,3,3,1,138,4,3,1,0,easy-basic
107,4,2,1,93,5,3,2,74,3,2,2,0,easy-basic
60,3,2,2,112,4,2,2,73,4,2,1,0,easy-basic
81,4,3,1,128,4,3,1,126,3,3,1,0,easy-basic
82,4,2,1,64,3,2,2,100,3,2,1,0,easy-basic
116,4,3,2,93,4,3,2,103,5,3,2,0,easy-basic
69,5,3,2,126,3,2,2,69,3,3,2,0,easy-basic
126,4,2,2,84,3,3,1,118,4,2,2,0,easy-basic
99,4,2,2,109,4,3,2,119,3,3,1,0,easy-basic
139,3,3,1,133,4,2,2,117,5,3,1,0,easy-basic
112,3,2,2,122,4,2,2,112,5,2,2,0,easy-basic
78,5,3,2,132,5,3,1,128,5,2,1,0,easy-basic
60,3,2,1,119,3,2,2,81,4,2,2,0,easy-basic
114,3,2,2,111,3,3,2,85,3,3,1,0,easy-basic
118,4,2,2,85,4,2,2,76,3,2,1,0,easy-basic
77,5,2,2,135,4,3,1,132,3,2,2,0,easy-basic
60,4,2,1,87,4,2,1,117,5,3,2,0,easy-basic
138,4,2,1,130,3,2,2,136,3,2,2,0,easy-basic
61,3,3,2,133,5,2,1,121,4,2,2,0,easy-basic
93,3,2,1,80,4,3,2,66,4,3,1,0,easy-basic
90,3,3,2,136,3,2,2,74,4,2,2,0,easy-basic
109,4,3,1,119,3,3,1,140,5,2,1,0,easy-basic
87,3,3,2,131,3,2,2,62,4,2,2,0,easy-basic
110,3,3,1,102,5,3,1,86,5,3,1,0,easy-basic
118,3,3,1,103,3,2,1,130,5,2,2,0,easy-basic
77,4,3,2,140,5,3,1,81,5,2,1,0,easy-basic
134,4,2,2,118,4,3,1,65,3,2,1,0,easy-basic
77,4,3,1,85,5,3,2,128,4,2,2,0,easy-basic
69,4,2,1,118,3,2,1,102,3,3,1,0,easy-basic
118,4,2,1,112,3,2,1,124,3,2,2,0,easy-basic
135,3,3,2,81,3,3,1,113,4,3,1,0,easy-basic
113,3,2,1,90,5,2,1,67,4,2,1,0,easy-basic
81,5,3,1,121,3,2,2,103,4,3,2,0,easy-basic
130,3,2,2,67,5,3,2,88,3,3,2,0,easy-basic
67,4,3,1,95,5,2,2,80,3,3,1,0,easy-basic
131,5,3,2,111,4,3,2,77,3,2,2,0,easy-basic
87,5,2,2,116,4,3,2,78,5,3,1,0,easy-basic
92,3,3,2,127,5,3,2,98,3,3,2,0,easy-basic
62,3,3,2,99,3,3,1,78,4,2,2,0,easy-basic
81,3,3,1,95,4,3,2,63,3,2,2,0,easy-basic
92,5,2,2,90,5,2,1,126,4,2,2,0,easy-basic
114,3,3,2,76,3,2,2,91,4,2,2,0,easy-basic
62,3,3,1,110,5,3,1,77,3,3,2,0,easy-basic
110,5,3,1,73,3,2,2,60,4,2,2,0,easy-basic
81,5,3,2,86,4,3,2,107,4,3,1,0,easy-basic
121,3,3,2,126,3,2,1,95,3,3,1,0,easy-basic
75,3,2,1,101,3,2,1,98,4,2,1,0,easy-basic
105,3,3,2,138,3,3,1,96,4,2,1,0,easy-basic
82,3,2,2,128,3,3,1,127,5,3,2,0,easy-basic
89,5,3,1,105,5,2,1,66,3,2,2,0,easy-basic
72,3,3,1,123,4,2,2,122,4,3,2,0,easy-basic
81,3,2,2,88,5,3,2,94,4,2,1,0,easy-basic
67,5,3,2,73,4,2,2,93,3,2,2,0,easy-basic
95,4,2,2,104,3,2,2,106,4,2,1,0,easy-basic
129,4,2,1,106,3,3,2,117,5,3,2,0,easy-basic
134,3,2,1,119,4,2,1,82,3,3,1,0,easy-basic
96,5,2,2,65,5,2,2,88,3,2,1,0,easy-basic
93,3,2,2,133,5,3,2,104,5,3,2,0,easy-basic
83,4,3,2,122,3,3,1,124,4,2,1,0,easy-basic
114,4,3,1,70,3,2,1,109,5,2,1,0,easy-basic
86,4,2,2,85,4,3,1,89,3,3,1,0,easy-basic
135,3,3,1,81,3,2,2,95,5,2,2,0,easy-basic
112,5,3,2,122,3,3,1,99,5,2,2,0,easy-basic
127,5,2,1,107,4,2,1,85,5,3,1,0,easy-basic
129,5,3,1,101,3,3,2,113,3,2,1,0,easy-basic
80,3,2,1,68,5,3,1,88,5,2,2,0,easy-basic
92,5,3,1,78,3,2,2,108,3,2,2,0,easy-basic
114,5,3,1,73,5,3,2,60,3,3,1,0,easy-basic
113,4,2,2,140,3,2,2,84,4,3,1,0,easy-basic
127,4,2,1,60,5,2,2,124,3,2,2,0,easy-basic
108,4,3,2,74,4,3,2,69,3,2,2,0,easy-basic
67,5,3,2,62,5,2,2,60,4,3,2,0,easy-basic
70,3,2,1,125,4,2,2,80,5,2,1,0,easy-basic
87,5,2,2,138,3,3,2,115,3,3,1,0,easy-basic
114,3,2,1,85,5,2,2,76,4,3,1,0,easy-basic
72,3,2,1,85,4,3,1,67,3,2,2,0,easy-basic
110,3,2,1,113,4,2,1,104,4,2,1,0,easy-basic
113,3,3,2,66,5,3,2,110,4,2,2,0,easy-basic
96,3,2,1,63,4,3,1,108,5,3,1,0,easy-basic
135,5,2,2,92,5,2,2,124,3,3,1,0,easy-basic
130,3,2,2,95,3,3,2,132,4,3,2,0,easy-basic
96,5,2,1,92,4,2,1,137,4,2,2,0,easy-basic
105,5,3,2,72,3,2,1,101,4,3,2,0,easy-basic
73,3,2,1,71,3,2,1,113,4,2,2,0,easy-basic
62,3,3,1,68,5,3,2,108,4,2,2,0,easy-basic
127,3,2,2,92,4,2,2,116,4,3,2,0,easy-basic
102,5,2,1,79,5,3,1,72,5,3,1,0,easy-basic
77,3,3,1,128,4,3,1,126,4,3,2,0,easy-basic
90,3,2,2,139,3,3,2,120,4,3,1,0,easy-basic
88,3,3,1,105,4,2,1,76,3,2,2,0,easy-basic
139,3,2,1,92,4,2,2,114,4,2,2,0,easy-basic
120,3,2,1,68,5,3,2,126,4,2,1,0,easy-basic
129,5,3,1,89,4,2,2,115,5,2,2,0,easy-basic
116,3,3,1,139,3,2,2,67,4,3,2,0,easy-basic
64,5,2,2,65,5,3,1,97,5,2,2,0,easy-basic
111,3,3,1,126,3,2,2,77,3,2,2,0,easy-basic
89,4,3,2,77,4,3,2,131,4,2,2,0,easy-basic
80,3,3,1,121,4,2,1,78,3,2,2,0,easy-basic
126,3,2,2,71,3,2,1,104,5,2,1,0,easy-basic
135,3,3,1,126,3,2,1,83,3,3,2,0,easy-basic
126,5,2,2,130,3,3,2,79,5,2,2,0,easy-basic
95,3,2,1,124,3,3,1,133,5,3,2,0,easy-basic
73,4,3,2,139,4,3,2,99,3,3,1,0,easy-basic
99,4,3,2,94,3,3,1,95,4,3,2,0,easy-basic
93,5,3,1,136,3,3,1,89,4,3,2,0,easy-basic
136,5,2,2,88,5,3,2,140,5,3,2,0,easy-basic
135,3,3,1,136,3,2,2,128,4,3,2,0,easy-basic
89,5,2,1,91,3,2,1,100,5,2,2,0,easy-basic
135,5,3,2,114,5,3,1,73,3,2,1,0,easy-basic
64,3,3,2,139,3,2,2,64,3,3,1,0,easy-basic
138,3,2,2,126,3,3,2,71,3,3,2,0,easy-basic
115,5,2,2,75,4,2,1,81,4,3,2,0,easy-basic
95,5,3,1,65,4,2,1,99,5,2,2,0,easy-basic
115,5,2,2,124,5,2,1,127,5,3,2,0,easy-basic
137,5,3,2,103,3,3,1,100,4,2,1,0,easy-basic
126,4,3,1,126,5,2,2,119,5,2,2,0,easy-basic
101,4,3,2,89,3,2,1,108,5,2,2,0,easy-basic
94,3,2,2,99,3,3,2,98,4,3,2,0,easy-basic
110,3,3,1,123,3,3,1,128,5,2,1,0,easy-basic
62,3,2,2,87,5,2,2,100,5,3,2,0,easy-basic
92,3,3,2,68,5,3,2,109,5,3,1,0,easy-basic
65,5,2,1,133,4,3,1,121,5,3,2,0,easy-basic
91,4,2,2,114,5,3,2,118,3,3,1,0,easy-basic
121,4,2,1,72,4,2,1,62,5,2,1,0,easy-basic
137,4,2,2,89,3,2,2,99,3,2,1,0,easy-basic
67,4,3,2,87,5,3,1,79,4,2,2,0,easy-basic
60,5,3,1,134,5,3,2,138,5,3,1,0,easy-basic
102,5,2,2,139,5,2,2,96,4,3,1,0,easy-basic
128,4,3,1,116,5,3,1,65,4,2,1,0,easy-basic
88,4,3,2,82,4,3,2,88,3,3,2,0,easy-basic
140,5,3,2,82,4,2,1,110,3,3,2,0,easy-basic
135,5,3,1,97,5,3,2,101,5,2,2,0,easy-basic
120,4,2,2,123,3,3,1,115,3,2,2,0,easy-basic
88,4,3,2,114,5,3,1,113,3,2,1,0,easy-basic
106,3,3,2,73,3,2,1,116,5,2,1,0,easy-basic
133,5,2,2,116,4,3,1,61,5,3,1,0,easy-basic
121,3,3,2,67,4,2,2,107,3,2,2,0,easy-basic
64,3,3,2,81,3,2,1,95,3,3,1,0,easy-basic
118,5,3,1,120,4,2,2,87,3,2,1,0,easy-basic
84,4,3,1,68,4,2,2,62,5,2,1,0,easy-basic
138,5,2,1,99,4,3,1,73,3,3,2,0,easy-basic
85,5,3,1,128,5,3,2,65,5,3,1,0,easy-basic
78,5,2,1,74,5,3,1,110,4,2,1,0,easy-basic
132,5,2,2,124,3,2,1,121,3,3,1,0,easy-basic
132,3,2,2,96,5,2,2,85,5,3,2,0,easy-basic
137,3,2,2,130,3,2,1,120,3,2,1,0,easy-basic
98,5,2,1,79,3,3,2,134,3,2,1,0,easy-basic
71,4,2,2,127,4,2,1,130,5,3,1,0,easy-basic
84,5,2,1,132,3,3,1,90,4,3,1,0,easy-basic
86,4,3,1,63,5,3,2,124,4,3,2,0,easy-basic
126,4,3,2,76,3,3,2,116,3,3,1,0,easy-basic
103,3,3,2,96,4,2,1,113,5,2,2,0,easy-basic
136,3,3,2,84,4,3,2,74,3,2,2,0,easy-basic
60,5,3,2,120,3,3,2,120,5,3,2,0,easy-basic
119,3,3,1,135,4,3,2,133,3,2,2,0,easy-basic
68,3,2,1,69,5,2,1,139,5,2,1,0,easy-basic
114,3,2,2,115,3,3,2,104,5,2,2,0,easy-basic
108,3,3,2,122,4,3,1,128,3,3,1,0,easy-basic
101,5,2,2,119,5,3,1,124,4,2,2,0,easy-basic
88,3,3,1,129,4,2,2,126,4,2,2,0,easy-basic
126,3,2,1,96,4,2,1,116,5,2,2,0,easy-basic
61,3,2,2,69,4,3,1,103,4,2,2,0,easy-basic
107,3,2,1,114,4,2,2,95,4,3,1,0,easy-basic
123,5,3,1,120,3,3,2,94,3,3,2,0,easy-basic
62,4,2,2,83,4,2,2,120,5,2,2,0,easy-basic
92,3,2,1,131,5,3,2,130,3,3,2,0,easy-basic
139,5,3,1,91,3,3,1,127,3,3,2,0,easy-basic
98,4,2,1,126,5,2,1,84,4,2,1,0,easy-basic
86,4,2,1,132,4,2,1,135,3,2,2,0,easy-basic
116,3,3,2,98,4,3,1,102,3,3,2,0,easy-basic
107,3,3,2,63,3,2,1,135,3,3,2,0,easy-basic
60,3,3,2,77,5,3,2,104,3,2,2,0,easy-basic
118,4,2,1,89,5,2,2,92,3,3,1,0,easy-basic
75,3,2,2,114,4,3,2,106,3,3,2,0,easy-basic
76,5,3,1,113,5,3,2,115,5,3,2,0,easy-basic
71,3,2,2,131,3,2,1,76,4,3,2,0,easy-basic
109,3,2,2,135,5,2,1,85,3,3,1,0,easy-basic
100,5,2,2,130,5,2,1,92,3,2,2,0,easy-basic
105,3,2,2,93,3,3,2,87,4,3,1,0,easy-basic
108,3,3,2,102,3,3,2,103,5,3,2,0,easy-basic
140,4,3,2,128,4,3,2,87,5,2,2,0,easy-basic
118,4,3,2,135,4,3,1,108,5,3,1,0,easy-basic
129,5,2,1,77,4,3,1,82,4,3,2,0,easy-basic
71,4,3,1,133,5,2,1,85,5,3,2,0,easy-basic
127,4,2,1,105,5,2,1,99,4,3,1,0,easy-basic
66,4,3,1,62,3,3,1,66,5,3,2,0,easy-basic
109,5,2,1,62,5,3,1,81,5,3,1,0,easy-basic
65,5,3,2,105,3,3,2,62,4,2,2,0,easy-basic
63,4,3,1,112,5,3,2,127,5,2,1,0,easy-basic
70,3,3,2,102,3,2,1,137,4,2,2,0,easy-basic
63,5,3,2,112,4,3,2,91,5,3,2,0,easy-basic
74,3,3,1,76,5,2,1,138,5,3,1,0,easy-basic
86,5,3,1,95,5,2,2,89,4,2,1,0,easy-basic
109,5,2,2,72,5,2,1,130,4,3,1,0,easy-basic
125,3,2,2,126,5,3,1,107,4,2,2,0,easy-basic
117,4,2,1,122,5,2,1,122,4,2,2,0,easy-basic
114,5,2,2,78,5,3,1,115,3,3,2,0,easy-basic
139,3,3,2,83,4,3,1,120,4,3,2,0,easy-basic
88,4,2,2,118,3,2,2,134,4,2,2,0,easy-basic
61,5,3,2,72,3,2,1,102,3,3,1,0,easy-basic
139,4,3,1,75,5,3,2,71,4,3,1,0,easy-basic
109,3,2,2,94,3,3,1,83,3,2,2,0,easy-basic
105,4,2,2,139,5,3,2,125,5,2,2,0,easy-basic
91,3,3,2,75,4,2,2,81,3,3,2,0,easy-basic
80,5,3,1,126,5,3,2,111,4,3,1,0,easy-basic
63,3,2,1,93,5,3,2,85,4,2,2,0,easy-basic
88,3,2,1,67,4,2,2,62,5,3,1,0,easy-basic
75,3,2,2,135,4,3,1,90,3,3,2,0,easy-basic
114,5,3,2,67,3,3,1,80,3,3,2,0,easy-basic
132,5,2,2,77,4,3,2,83,3,3,2,0,easy-basic
136,3,3,2,70,3,2,2,72,4,2,2,0,easy-basic
104,3,3,1,75,4,3,1,90,4,2,2,0,easy-basic
69,4,2,2,90,4,3,2,125,5,3,2,0,easy-basic
64,4,2,1,114,4,3,1,133,4,3,2,0,easy-basic
109,4,2,2,137,5,2,1,93,5,3,1,0,easy-basic
117,4,2,2,67,3,2,2,91,5,2,2,0,easy-basic
79,4,2,2,138,3,3,2,74,4,3,2,0,easy-basic
82,4,3,1,113,4,2,1,83,3,3,2,0,easy-basic
93,3,3,1,68,4,3,1,135,4,2,2,0,easy-basic
137,5,3,1,109,5,2,2,100,3,3,2,0,easy-basic
137,4,3,2,139,5,2,1,95,3,2,2,0,easy-basic
106,4,2,2,89,5,2,2,68,3,3,2,0,easy-basic
111,5,2,1,87,5,3,1,98,3,2,1,0,easy-basic
108,4,2,1,61,3,2,2,122,4,2,1,0,easy-basic
111,5,2,2,130,3,2,2,131,4,2,2,0,easy-basic
77,4,3,2,111,5,2,2,68,4,2,1,0,easy-basic
112,4,3,2,101,4,2,2,129,4,3,1,0,easy-basic
80,5,2,1,90,5,3,1,77,4,2,1,0,easy-basic
79,3,3,2,61,4,3,2,109,5,2,2,0,easy-basic
98,5,3,2,88,3,2,2,100,5,3,2,0,easy-basic
107,5,2,2,106,5,3,2,63,3,3,2,0,easy-basic
136,4,3,2,102,5,3,2,127,3,2,2,0,easy-basic
110,4,2,2,134,4,2,2,70,3,3,1,0,easy-basic
65,4,2,2,119,5,2,1,76,3,2,2,0,easy-basic
71,5,3,2,101,3,2,2,127,5,3,1,0,easy-basic
93,3,3,1,80,5,2,1,85,4,2,2,0,easy-basic
133,3,2,1,119,3,3,1,69,3,2,1,0,easy-basic
139,4,3,1,83,5,3,1,136,3,2,1,0,easy-basic
118,3,2,2,108,3,2,2,84,4,3,2,0,easy-basic
134,4,3,1,62,4,2,1,98,5,3,1,0,easy-basic
87,4,3,1,108,3,2,2,79,5,2,2,0,easy-basic
120,4,2,1,138,4,2,2,66,4,3,1,0,easy-basic
113,3,2,1,113,3,2,2,132,5,3,1,0,easy-basic
131,3,3,1,130,4,2,1,80,3,3,2,0,easy-basic
78,3,3,2,127,3,2,1,98,3,3,2,0,easy-basic
74,5,2,1,138,3,2,2,70,4,2,2,0,easy-basic
115,4,3,2,63,4,2,2,87,5,2,2,0,easy-basic
62,4,2,2,82,5,3,2,73,4,2,2,0,easy-basic
115,3,2,2,103,3,2,2,113,4,3,2,0,easy-basic
136,3,2,2,95,5,2,2,81,4,3,2,0,easy-basic
67,3,3,1,118,3,2,2,70,3,3,1,0,easy-basic
62,4,3,1,78,3,3,1,73,4,3,2,0,easy-basic
120,3,2,2,133,4,2,2,92,5,2,1,0,easy-basic
121,4,2,2,69,5,3,1,74,3,3,1,0,easy-basic
99,5,2,2,73,4,2,1,139,4,2,1,0,easy-basic
75,5,2,2,110,5,2,2,73,3,2,2,0,easy-basic
115,5,3,2,101,3,2,2,67,5,3,1,0,easy-basic
137,3,2,2,93,3,2,2,91,3,2,2,0,easy-basic
127,3,3,2,69,4,3,1,66,4,3,1,0,easy-basic
94,5,2,2,75,4,2,2,117,5,3,1,0,easy-basic
79,5,2,1,64,3,2,2,74,3,3,1,0,easy-basic
119,3,2,2,81,4,3,1,60,5,2,1,0,easy-basic
94,5,2,2,139,5,2,1,72,5,2,1,0,easy-basic
98,5,3,2,113,4,3,2,93,4,2,1,0,easy-basic
85,3,3,1,136,5,3,2,137,5,3,1,0,easy-basic
89,3,3,1,101,3,2,2,109,5,3,1,0,easy-basic
120,5,2,1,139,3,2,2,99,4,3,2,0,easy-basic
85,4,2,2,85,4,2,1,88,3,3,2,0,easy-basic
134,3,2,1,134,5,2,2,126,3,3,2,0,easy-basic
60,5,2,1,112,5,3,2,113,3,3,2,0,easy-basic
94,4,3,1,126,5,2,2,113,3,2,1,0,easy-basic
131,3,3,1,132,3,3,2,63,4,3,1,0,easy-basic
113,3,2,2,69,4,2,1,101,4,2,2,0,easy-basic
120,5,3,1,139,4,2,1,73,4,2,1,0,easy-basic
89,5,2,1,85,5,2,1,119,3,2,2,0,easy-basic
86,3,2,2,88,3,2,1,113,4,3,1,0,easy-basic
124,3,3,1,105,4,3,2,62,4,2,1,0,easy-basic
93,4,3,1,71,4,2,1,120,4,3,1,0,easy-basic
110,5,2,1,70,5,3,2,114,3,3,2,0,easy-basic
72,4,2,1,107,5,3,1,117,3,2,2,0,easy-basic
113,4,3,2,62,4,3,2,138,5,2,2,0,easy-basic
99,3,2,1,80,4,2,2,107,5,3,2,0,easy-basic
98,5,2,1,73,4,2,1,99,5,3,1,0,easy-basic
95,4,3,1,60,4,3,2,62,3,2,1,0,easy-basic
127,5,2,2,126,4,2,2,67,5,3,2,0,easy-basic
66,3,3,2,74,3,3,1,68,5,2,1,0,easy-basic
86,3,3,2,131,3,2,2,91,4,2,1,0,easy-basic
122,3,3,2,127,4,2,2,119,4,3,2,0,easy-basic
131,3,2,2,94,4,3,1,97,4,3,1,0,easy-basic
119,3,2,1,138,3,3,1,85,5,3,2,0,easy-basic
81,4,2,2,121,5,3,1,119,5,3,1,0,easy-basic
99,4,2,2,65,4,3,1,96,4,2,2,0,easy-basic
90,4,3,1,102,3,2,2,139,4,2,1,0,easy-basic
100,4,3,2,82,3,2,1,68,5,2,2,0,easy-basic
132,5,3,1,90,3,2,1,117,5,2,1,0,easy-basic
107,5,2,2,93,3,2,2,83,5,2,2,0,easy-basic
104,3,3,2,80,5,2,1,66,5,3,2,0,easy-basic
117,4,2,1,77,4,2,2,98,4,2,2,0,easy-basic
101,3,2,2,63,3,3,2,124,4,2,2,0,easy-basic
107,3,3,2,139,4,2,1,80,4,3,2,0,easy-basic
131,5,3,2,140,4,2,1,134,5,2,1,0,easy-basic
106,5,3,1,130,4,3,1,114,4,3,2,0,easy-basic
81,5,2,2,77,4,3,2,73,5,3,2,0,easy-basic
134,5,2,1,63,3,2,2,95,5,2,2,0,easy-basic
125,3,3,1,136,4,3,2,71,3,2,2,0,easy-basic
81,4,3,1,84,3,2,2,104,4,2,2,0,easy-basic
133,4,2,2,129,5,3,2,129,5,2,1,0,easy-basic
116,5,2,1,113,3,2,2,126,4,3,1,0,easy-basic
84,3,3,1,69,5,3,1,74,3,3,1,0,easy-basic
91,3,3,2,69,3,3,1,116,4,3,1,0,easy-basic
112,4,3,1,107,4,2,1,122,4,3,1,0,easy-basic
120,5,2,2,89,4,2,1,92,5,3,1,0,easy-basic
63,5,3,2,65,5,3,2,133,3,2,2,0,easy-basic
98,4,2,1,79,4,2,1,105,3,3,1,0,easy-basic
128,4,3,1,78,3,3,1,133,5,2,1,0,easy-basic
84,5,2,2,88,5,3,1,102,3,3,1,0,easy-basic
137,4,2,2,97,5,3,1,72,3,2,2,0,easy-basic
68,4,3,2,63,4,2,2,82,4,3,2,0,easy-basic
81,4,2,1,74,5,2,2,72,3,3,1,0,easy-basic
63,3,3,1,72,3,2,2,110,3,3,1,0,easy-basic
60,3,3,1,104,4,3,1,124,4,2,1,0,easy-basic
60,5,2,2,128,5,3,1,110,4,3,1,0,easy-basic
75,4,2,1,98,4,2,1,114,3,2,2,0,easy-basic
85,4,3,1,94,3,2,1,134,4,2,2,0,easy-basic
128,5,2,1,102,5,2,1,93,4,3,2,0,easy-basic
120,5,3,2,104,4,3,1,103,3,3,2,0,easy-basic
133,4,3,1,81,3,2,2,69,5,3,2,0,easy-basic
122,4,3,1,113,5,3,2,93,3,2,2,0,easy-basic
85,4,2,1,77,3,3,1,136,5,2,2,0,easy-basic
80,3,2,1,117,5,3,2,60,4,3,1,0,easy-basic
63,3,3,1,106,3,3,2,133,4,2,2,0,easy-basic
80,5,3,1,84,3,2,1,63,4,3,1,0,easy-basic
127,3,3,2,69,3,2,2,138,4,2,1,0,easy-basic
135,5,3,2,62,4,3,1,101,3,3,1,0,easy-basic
127,3,2,1,123,3,2,2,102,4,2,1,0,easy-basic
119,3,3,1,94,5,2,1,81,5,2,1,0,easy-basic
135,3,2,2,82,5,2,2,76,3,3,2,0,easy-basic
120,3,3,1,74,5,2,2,72,5,2,1,0,easy-basic
62,5,2,2,98,3,2,2,104,4,3,2,0,easy-basic
108,3,2,2,99,5,3,2,115,3,2,1,0,easy-basic
67,3,2,2,123,4,2,1,81,3,2,2,0,easy-basic
138,3,2,2,131,4,2,1,68,3,2,2,0,easy-basic
101,5,2,1,101,4,2,2,113,5,3,1,0,easy-basic
113,3,3,2,113,5,2,1,118,5,3,2,0,easy-basic
62,5,3,2,112,4,2,2,85,4,2,1,0,easy-basic
93,4,2,2,96,5,2,1,107,4,3,1,0,easy-basic
98,3,3,1,69,5,3,1,106,3,3,1,0,easy-basic
98,4,2,2,128,4,3,1,98,3,3,1,0,easy-basic
63,5,2,2,129,3,2,1,81,5,3,2,0,easy-basic
101,4,3,2,81,3,2,2,77,4,2,2,0,easy-basic
140,4,3,2,132,4,3,1,86,3,2,1,0,easy-basic
137,4,3,2,60,5,2,2,140,5,2,1,0,easy-basic
105,4,2,1,127,4,3,1,88,4,3,2,0,easy-basic
96,5,3,1,81,4,2,1,122,5,3,1,0,easy-basic
112,5,2,1,86,5,2,1,82,4,3,2,0,easy-basic
115,4,2,2,119,3,3,2,132,4,2,2,0,easy-basic
102,4,3,2,92,5,3,1,77,3,3,2,0,easy-basic
140,3,2,1,101,4,3,2,110,4,2,1,0,easy-basic
105,3,2,1,105,3,3,1,124,4,3,2,0,easy-basic
62,4,2,2,115,4,3,2,94,3,2,1,0,easy-basic
64,3,2,1,137,5,2,1,130,4,2,1,0,easy-basic
66,3,2,2,110,4,2,2,97,4,2,1,0,easy-basic
66,4,2,2,85,3,3,1,75,5,3,1,0,easy-basic
132,4,2,1,76,4,2,1,139,3,3,1,0,easy-basic
133,4,2,2,133,5,2,1,76,5,2,1,0,easy-basic
66,4,3,2,69,5,3,2,109,4,3,2,0,easy-basic
60,3,2,2,100,5,2,1,86,4,3,2,0,easy-basic
123,5,3,1,131,3,2,1,72,4,3,2,0,easy-basic
101,4,3,2,83,5,3,2,119,3,3,1,0,easy-basic
120,3,3,1,132,5,3,1,108,4,2,2,0,easy-basic
111,3,2,1,90,5,2,2,132,5,3,2,0,easy-basic
64,4,3,2,118,3,3,1,136,3,2,1,0,easy-basic
88,4,2,1,111,4,2,2,87,4,2,2,0,easy-basic
66,5,3,1,99,3,3,1,87,5,3,1,0,easy-basic
137,5,3,1,131,4,3,1,126,3,2,1,0,easy-basic
139,3,2,1,72,3,2,1,133,3,3,2,0,easy-basic
72,3,2,2,115,4,3,2,81,4,3,1,0,easy-basic
77,3,3,1,120,4,3,1,95,4,2,2,0,easy-basic
134,5,3,1,136,3,3,2,136,5,2,2,0,easy-basic
122,5,3,1,72,5,3,1,138,5,2,1,0,easy-basic
74,4,3,2,77,5,3,2,120,4,2,1,0,easy-basic
64,3,3,1,79,5,2,1,104,3,3,2,0,easy-basic
123,5,2,2,128,5,2,2,132,5,3,2,0,easy-basic
115,5,3,2,90,3,2,2,73,5,3,1,0,easy-basic
66,3,2,2,113,3,3,2,138,4,2,2,0,easy-basic
91,4,3,1,137,5,3,2,130,3,2,2,0,easy-basic
125,5,3,1,61,3,3,2,94,3,2,2,0,easy-basic
97,3,2,1,92,3,3,2,125,3,2,1,0,easy-basic
100,4,3,1,69,5,2,1,80,4,2,1,0,easy-basic
76,5,3,2,101,3,2,2,63,5,3,2,0,easy-basic
79,3,2,1,65,3,2,1,127,3,2,2,0,easy-basic
62,3,3,2,107,3,3,2,122,5,3,2,0,easy-basic
121,4,2,2,118,4,2,2,71,4,2,1,0,easy-basic
68,3,3,1,68,4,3,2,109,5,3,2,0,easy-basic
119,4,2,2,77,5,2,1,119,4,3,2,0,easy-basic
64,4,3,2,76,5,2,1,115,3,2,1,0,easy-basic
73,3,3,1,109,5,2,1,95,5,2,2,0,easy-basic
118,4,3,2,62,4,2,2,132,3,3,1,0,easy-basic
110,4,2,1,99,3,2,1,111,4,3,2,0,easy-basic
79,4,3,1,136,3,2,2,65,3,3,2,0,easy-basic
64,5,3,1,101,3,2,1,81,4,2,2,0,easy-basic
132,3,3,1,124,5,3,2,80,5,3,2,0,easy-basic
100,3,2,2,126,5,2,1,102,4,3,1,0,easy-basic
65,4,3,1,87,5,3,1,79,3,3,1,0,easy-basic
69,3,3,1,86,5,2,2,118,4,3,1,0,easy-basic
61,3,3,2,113,5,2,1,77,5,3,2,0,easy-basic
71,3,3,2,69,3,3,2,108,4,2,2,0,easy-basic
116,3,2,1,99,3,3,1,135,5,3,2,0,easy-basic
140,4,2,2,94,4,3,1,73,5,3,1,0,easy-basic
93,5,3,1,114,4,2,1,64,5,2,2,0,easy-basic
113,3,3,2,112,4,3,2,91,4,3,2,0,easy-basic
65,3,2,1,93,3,2,2,89,5,3,1,0,easy-basic
93,4,2,2,68,3,3,1,140,4,3,1,0,easy-basic
140,4,2,2,136,3,3,1,119,3,2,2,0,easy-basic
139,3,3,1,82,5,2,1,97,3,3,2,0,easy-basic
135,3,2,2,100,4,3,2,121,3,2,1,0,easy-basic
98,5,2,1,135,4,2,1,127,3,3,2,0,easy-basic
73,5,2,2,119,5,2,1,84,5,3,2,0,easy-basic
111,3,3,2,121,3,2,2,106,4,3,2,0,easy-basic
130,3,3,1,82,4,3,1,62,3,3,2,0,easy-basic
94,4,2,1,81,5,2,2,140,3,2,2,0,easy-basic
97,3,2,2,98,3,2,2,126,5,2,2,0,easy-basic
72,5,2,2,135,5,3,2,92,5,3,2,0,easy-basic
61,5,3,2,133,3,2,2,120,3,3,2,0,easy-basic
92,5,2,2,128,5,2,2,126,3,2,2,0,easy-basic
76,3,2,2,136,5,2,2,101,3,3,2,0,easy-basic
111,4,2,1,123,4,2,2,63,5,3,1,0,easy-basic
81,3,2,2,84,5,3,2,87,4,3,1,0,easy-basic
97,3,3,1,140,5,3,2,117,4,3,1,0,easy-basic
97,5,2,2,62,4,3,1,119,4,2,2,0,easy-basic
75,3,3,2,130,4,3,1,107,3,2,2,0,easy-basic
126,3,2,2,133,4,3,1,132,5,3,2,0,easy-basic
111,4,3,2,87,4,3,2,127,5,2,1,0,easy-basic
65,3,3,2,93,5,3,2,65,5,2,2,0,easy-basic
100,3,3,2,85,3,3,1,98,4,2,2,0,easy-basic
109,5,3,2,119,3,2,2,110,4,3,1,0,easy-basic
124,3,3,1,115,5,2,2,131,5,2,2,0,easy-basic
109,4,2,1,68,5,2,2,71,3,3,2,0,easy-basic
112,3,2,1,111,5,2,2,74,3,3,1,0,easy-basic
81,5,3,2,82,3,2,1,122,3,3,1,0,easy-basic
124,5,2,2,63,4,2,2,111,5,2,2,0,easy-basic
137,3,3,2,90,5,3,1,117,3,2,1,0,easy-basic
89,5,3,2,127,3,3,1,118,3,2,2,0,easy-basic
112,4,2,2,125,3,3,2,120,5,3,1,0,easy-basic
75,3,3,1,106,4,3,1,71,5,3,1,0,easy-basic
136,3,3,1,134,3,3,2,106,4,3,1,0,easy-basic
92,5,2,2,110,5,3,2,81,5,2,1,0,easy-basic
108,4,2,1,133,5,3,2,83,3,3,2,0,easy-basic
131,3,2,1,86,3,2,2,111,3,2,1,0,easy-basic
124,3,3,1,73,5,2,2,93,4,2,1,0,easy-basic
133,4,3,2,132,4,2,2,108,3,3,1,0,easy-basic
108,4,3,2,93,5,3,2,85,3,3,1,0,easy-basic
60,5,2,1,84,5,2,2,119,3,2,1,0,easy-basic
84,5,3,1,124,3,3,2,122,3,2,1,0,easy-basic
92,3,3,1,106,4,2,1,125,5,2,1,0,easy-basic
113,4,2,1,63,5,2,1,73,4,2,1,0,easy-basic
67,3,2,1,66,4,2,1,63,3,2,2,0,easy-basic
84,4,2,2,130,4,3,2,65,4,3,2,0,easy-basic
85,5,2,1,139,4,2,2,128,5,3,1,0,easy-basic
71,5,3,1,119,5,2,2,115,3,2,1,0,easy-basic
67,4,3,1,129,3,2,2,139,3,2,1,0,easy-basic
81,4,3,1,122,3,3,2,118,5,3,2,0,easy-basic
92,4,2,1,91,3,2,2,75,4,3,1,0,easy-basic
123,3,2,1,63,5,3,1,92,4,2,1,0,easy-basic
80,3,2,2,74,3,3,1,101,5,3,1,0,easy-basic
134,5,3,2,127,5,2,2,129,4,2,1,0,easy-basic
93,5,2,1,69,3,2,2,73,4,2,1,0,easy-basic
110,4,3,2,119,4,2,1,139,5,2,2,0,easy-basic
135,5,2,2,90,3,2,1,84,5,2,2,0,easy-basic
102,4,3,2,105,4,3,2,63,5,3,1,0,easy-basic
72,4,3,1,87,4,3,1,135,4,3,1,0,easy-basic
107,3,3,2,79,5,2,1,102,3,3,1,0,easy-basic
76,3,3,1,135,5,3,2,93,3,3,1,0,easy-basic
102,4,3,2,128,4,2,2,68,4,2,1,0,easy-basic
93,3,3,2,106,4,3,2,122,4,3,2,0,easy-basic
68,5,3,1,86,4,2,2,84,3,2,1,0,easy-basic
75,5,3,1,122,3,2,2,91,4,3,2,0,easy-basic
131,4,3,2,97,4,3,1,69,4,3,2,0,easy-basic
125,5,3,1,74,5,2,1,130,5,2,2,0,easy-basic
81,4,3,2,100,4,3,1,68,3,2,1,0,easy-basic
128,4,2,1,123,3,3,1,90,3,3,2,0,easy-basic
115,3,2,2,70,5,3,1,138,4,3,2,0,easy-basic
98,4,3,1,95,4,2,2,111,3,3,2,0,easy-basic
84,4,2,1,74,3,2,1,98,5,3,1,0,easy-basic
136,5,3,2,99,4,3,1,120,3,2,2,0,easy-basic
69,4,3,1,79,3,3,2,78,4,2,2,0,easy-basic
108,5,2,2,78,3,2,1,87,4,3,2,0,easy-basic
114,4,3,2,138,4,3,1,92,4,3,2,0,easy-basic
131,4,2,2,128,3,2,2,78,5,2,2,0,easy-basic
122,3,3,1,91,4,3,1,99,3,2,1,0,easy-basic
122,3,3,2,117,3,2,2,118,4,3,2,0,easy-basic
125,4,3,2,106,3,2,2,123,3,2,1,0,easy-basic
126,5,3,1,111,5,2,2,88,3,3,2,0,easy-basic
95,4,3,2,119,4,2,2,89,5,3,2,0,easy-basic
79,4,2,1,129,4,3,2,88,5,2,1,0,easy-basic
112,5,3,1,113,3,3,2,122,3,3,2,0,easy-basic
105,5,3,2,140,4,3,2,115,5,3,2,0,easy-basic
131,5,2,2,118,3,3,1,74,5,2,2,0,easy-basic
100,3,3,2,124,5,2,1,111,5,2,2,0,easy-basic
102,3,2,2,120,4,3,2,89,5,2,2,0,easy-basic
92,4,2,2,69,5,3,1,128,4,3,1,0,easy-basic
102,3,3,2,94,4,2,1,89,5,2,2,0,easy-basic
93,3,3,2,115,4,2,1,70,3,2,2,0,easy-basic
75,3,2,2,95,4,2,2,61,3,3,2,0,easy-basic
75,5,2,2,130,3,3,1,97,3,2,2,0,easy-basic
119,3,3,1,99,3,2,1,62,5,3,2,0,easy-basic
105,4,2,2,105,4,3,1,92,4,2,1,0,easy-basic
75,5,3,2,123,4,3,1,86,3,2,2,0,easy-basic
121,5,2,2,111,4,3,2,100,5,2,1,0,easy-basic
119,5,2,1,92,3,2,1,91,5,3,1,0,easy-basic
94,3,2,2,66,4,2,2,117,5,3,1,0,easy-basic
64,3,2,2,115,5,3,2,126,5,3,2,0,easy-basic
101,4,3,1,82,5,3,2,127,3,2,1,0,easy-basic
92,5,2,1,73,3,2,2,135,4,2,1,0,easy-basic
112,3,2,1,72,3,2,2,140,5,3,2,0,easy-basic
126,4,2,2,97,3,3,2,63,3,2,1,0,easy-basic
127,4,2,2,123,3,2,1,135,5,3,2,0,easy-basic
131,3,2,2,68,5,2,1,107,5,3,1,0,easy-basic
115,4,3,2,72,3,3,2,134,5,2,2,0,easy-basic
127,4,3,2,90,3,3,2,124,3,3,2,0,easy-basic
83,4,2,2,61,5,3,1,131,3,3,1,0,easy-basic
94,3,3,2,101,3,2,1,131,5,2,1,0,easy-basic
110,4,3,2,112,3,2,1,126,3,3,1,0,easy-basic
98,3,2,1,78,5,3,2,100,3,2,2,0,easy-basic
123,5,3,1,74,3,3,2,92,4,2,1,0,easy-basic
96,4,3,2,99,5,2,2,115,3,2,2,0,easy-basic
81,3,3,2,116,3,2,1,114,5,3,2,0,easy-basic
117,3,2,1,109,5,3,1,71,5,2,2,0,easy-basic
68,3,3,1,60,5,2,2,140,4,2,1,0,easy-basic
83,5,2,1,76,4,3,2,129,5,3,1,0,easy-basic
61,5,3,1,76,3,3,1,62,3,2,1,0,easy-basic
80,4,3,2,110,3,2,1,72,4,2,1,0,easy-basic
131,5,2,1,74,4,2,2,77,3,2,2,0,easy-basic
124,3,2,1,84,3,3,2,79,5,2,2,0,easy-basic
69,5,2,2,73,3,3,1,85,5,3,2,0,easy-basic
76,4,2,1,113,5,2,2,140,4,2,1,0,easy-basic
60,4,2,1,76,3,3,2,117,4,2,1,0,easy-basic
127,4,3,1,115,5,3,1,133,5,2,1,0,easy-basic
108,5,3,2,110,3,3,1,92,4,3,2,0,easy-basic
121,3,2,2,87,3,3,2,138,3,3,2,0,easy-basic
65,5,3,2,80,3,2,2,80,5,3,1,0,easy-basic
89,3,3,2,62,3,2,1,71,3,2,2,0,easy-basic
138,4,2,2,104,5,2,2,112,5,3,1,0,easy-basic
96,5,3,1,117,4,3,1,117,3,3,2,0,easy-basic
79,4,3,2,79,4,3,2,115,3,3,1,0,easy-basic
109,4,3,1,86,5,2,2,78,4,2,1,0,easy-basic
129,4,2,2,134,4,3,1,68,4,3,2,0,easy-basic
87,4,3,1,127,5,2,1,136,4,2,2,0,easy-basic
78,4,3,1,114,3,3,2,107,4,2,1,0,easy-basic
99,4,3,2,91,3,2,2,67,3,2,1,0,easy-basic
140,3,3,2,97,3,2,1,126,5,3,1,0,easy-basic
114,3,3,2,108,3,3,2,115,3,3,2,0,easy-basic
87,5,2,1,94,5,3,2,134,4,3,2,0,easy-basic
134,3,3,1,67,3,3,1,72,4,3,1,0,easy-basic
98,4,2,2,130,3,3,1,75,3,2,1,0,easy-basic
98,4,3,1,88,4,2,1,88,3,2,2,0,easy-basic
132,4,3,2,80,4,3,1,111,5,3,2,0,easy-basic
86,3,3,1,135,5,3,1,64,3,2,2,0,easy-basic
124,4,3,2,60,3,2,1,94,5,3,2,0,easy-basic
79,3,3,1,132,5,2,1,100,5,3,1,0,easy-basic
104,5,3,1,113,4,2,2,93,5,2,1,0,easy-basic
61,3,3,1,100,3,3,2,90,3,3,2,0,easy-basic
140,4,3,2,140,3,3,1,79,3,2,1,0,easy-basic
139,4,2,2,66,5,3,1,113,5,3,1,0,easy-basic
102,5,2,1,115,4,2,2,89,4,3,1,0,easy-basic
115,3,3,1,64,3,2,2,95,4,3,2,0,easy-basic
97,3,3,2,130,3,2,1,83,4,3,1,0,easy-basic
86,5,2,2,116,5,2,2,69,3,3,2,0,easy-basic
114,5,3,1,96,5,3,2,69,5,3,1,0,easy-basic
131,4,3,2,116,5,2,2,99,3,3,2,0,easy-basic
119,5,2,2,77,5,2,2,84,4,2,1,0,easy-basic
106,4,2,2,104,4,2,1,123,5,3,2,0,easy-basic
76,3,3,2,120,4,3,2,92,4,3,1,0,easy-basic
62,4,2,2,127,3,3,2,81,5,2,2,0,easy-basic
79,4,2,2,89,3,2,1,85,5,2,1,0,easy-basic
137,3,3,2,77,4,3,2,132,4,2,1,0,easy-basic
132,3,2,2,69,4,2,1,62,4,3,2,0,easy-basic
128,3,2,2,131,5,2,2,76,4,2,2,0,easy-basic
116,5,3,2,132,5,3,1,97,3,3,1,0,easy-basic
84,3,2,1,137,5,2,1,115,3,3,2,0,easy-basic
100,4,3,1,61,5,3,2,77,3,3,2,0,easy-basic
97,3,3,1,78,3,2,2,86,5,3,2,0,easy-basic
117,3,3,1,103,5,3,1,115,4,2,2,0,easy-basic
97,4,3,1,119,4,2,1,90,5,2,2,0,easy-basic
113,4,3,1,97,5,3,2,69,5,2,2,0,easy-basic
114,3,3,1,91,5,3,2,91,3,2,1,0,easy-basic
125,4,2,2,139,5,2,2,125,4,2,1,0,easy-basic
109,5,2,2,122,4,2,2,113,5,3,2,0,easy-basic
95,5,2,1,128,3,3,1,69,5,2,2,0,easy-basic
140,3,3,1,77,5,3,1,85,3,2,1,0,easy-basic
90,3,3,2,75,3,3,1,114,3,2,1,0,easy-basic
64,3,3,2,137,3,3,2,118,4,2,1,0,easy-basic
84,5,3,2,74,5,2,1,84,5,2,2,0,easy-basic
116,5,3,2,70,4,3,2,96,4,2,2,0,easy-basic
77,4,3,1,127,5,3,2,104,3,3,1,0,easy-basic
128,5,3,1,135,4,2,2,126,4,3,1,0,easy-basic
132,3,2,2,120,5,3,1,80,4,2,2,0,easy-basic
102,5,3,2,72,4,2,2,73,5,3,1,0,easy-basic
62,5,2,1,95,5,2,2,66,3,2,2,0,easy-basic
139,3,2,2,76,3,3,2,66,3,2,2,0,easy-basic
97,3,3,1,71,5,2,2,107,5,3,1,0,easy-basic
132,3,3,2,128,5,2,1,73,5,2,1,0,easy-basic
91,5,2,1,125,5,2,1,106,3,2,2,0,easy-basic
124,5,3,2,118,3,2,1,63,4,3,1,0,easy-basic
62,4,2,1,111,4,3,2,130,4,3,1,0,easy-basic
77,3,2,1,140,3,3,2,63,3,2,1,0,easy-basic
119,4,3,1,135,3,3,2,129,5,2,1,0,easy-basic
106,5,2,1,138,4,2,1,116,4,2,2,0,easy-basic
108,3,2,1,83,3,2,1,73,5,3,2,0,easy-basic
83,5,2,1,125,4,3,1,128,4,2,2,0,easy-basic
100,3,3,2,116,5,2,2,115,4,2,2,0,easy-basic
125,4,2,1,102,5,2,2,124,3,2,2,0,easy-basic
130,5,3,2,100,3,2,1,110,4,2,1,0,easy-basic
72,3,3,1,91,3,2,1,90,3,2,1,0,easy-basic
91,5,3,2,75,3,3,1,108,3,3,1,0,easy-basic
106,4,3,1,62,4,2,2,98,5,2,2,0,easy-basic
105,4,2,1,70,5,2,2,121,3,3,1,0,easy-basic
71,5,2,2,61,3,2,1,75,5,3,1,0,easy-basic
130,3,3,2,114,4,2,2,75,4,3,2,0,easy-basic
60,5,3,2,71,3,3,2,98,5,3,1,0,easy-basic
125,3,2,2,105,5,3,1,135,3,3,2,0,easy-basic
65,3,3,2,134,4,3,2,114,5,2,1,0,easy-basic
125,4,3,1,125,3,3,2,92,5,3,1,0,easy-basic
123,5,2,2,129,4,2,2,82,3,2,2,0,easy-basic
103,3,3,1,132,3,3,2,72,3,3,2,0,easy-basic
62,4,2,1,128,5,2,1,116,5,3,2,0,easy-basic
80,5,3,1,134,5,3,2,105,3,3,1,0,easy-basic
90,5,3,2,87,4,2,1,123,4,3,2,0,easy-basic
139,3,2,2,101,5,2,2,91,5,3,1,0,easy-basic
111,3,3,2,122,3,3,1,121,3,3,2,0,easy-basic
61,3,2,1,66,5,2,2,136,3,3,2,0,easy-basic
99,4,3,2,117,4,2,2,93,4,2,2,0,easy-basic
89,4,3,1,139,5,3,1,123,3,2,2,0,easy-basic
101,5,3,1,131,5,3,1,118,5,3,2,0,easy-basic
90,3,3,1,112,5,2,2,98,3,2,2,0,easy-basic
65,3,2,1,110,5,2,1,108,5,3,1,0,easy-basic
139,3,3,2,110,4,3,2,74,5,3,1,0,easy-basic
138,3,3,1,133,5,2,2,78,4,2,2,0,easy-basic
88,5,3,1,109,5,2,1,119,5,3,1,0,easy-basic
106,3,2,2,98,5,3,1,76,5,2,1,0,easy-basic
87,4,2,2,125,3,2,1,77,5,3,2,0,easy-basic
98,5,3,1,70,4,2,2,136,3,2,1,0,easy-basic
103,4,3,1,99,3,2,1,133,4,3,2,0,easy-basic
87,3,3,2,79,5,3,2,87,5,3,2,0,easy-basic
110,4,2,1,117,5,3,1,110,4,2,2,0,easy-basic
84,4,3,1,134,5,3,1,98,5,3,1,0,easy-basic
77,3,3,1,71,5,3,2,98,4,3,2,0,easy-basic
99,3,2,1,101,5,3,1,66,5,3,1,0,easy-basic
126,3,3,1,121,3,2,1,95,5,2,2,0,easy-basic
97,3,2,1,137,4,2,1,72,5,2,2,0,easy-basic
133,4,2,1,72,3,2,1,133,5,3,2,0,easy-basic
99,5,3,2,114,5,3,2,134,5,2,2,0,easy-basic
110,5,3,1,95,4,3,1,131,5,2,1,0,easy-basic
74,3,3,1,92,3,2,1,112,3,3,2,0,easy-basic
60,4,2,1,120,3,3,1,69,5,3,1,0,easy-basic
68,4,2,2,102,4,3,2,106,5,3,2,0,easy-basic
96,5,3,2,100,4,3,1,88,5,2,1,0,easy-basic
85,3,2,2,110,3,2,2,78,3,3,2,0,easy-basic
119,4,3,1,127,5,3,1,117,4,3,1,0,easy-basic
135,5,3,1,116,4,2,1,107,5,2,2,0,easy-basic
67,5,3,2,113,4,3,1,137,5,3,2,0,easy-basic
65,5,2,1,62,3,2,2,61,5,2,1,0,easy-basic
94,5,2,2,113,3,3,1,140,4,3,2,0,easy-basic
86,4,2,1,105,5,2,1,136,4,2,1,0,easy-basic
80,4,3,1,73,5,2,2,89,4,2,2,0,easy-basic
104,3,3,1,60,3,2,1,99,4,3,1,0,easy-basic
65,4,3,2,85,5,3,2,68,5,3,2,0,easy-basic
140,3,3,2,83,3,3,1,108,3,3,2,0,easy-basic
113,3,3,2,102,5,2,2,140,5,3,2,0,easy-basic
138,5,3,2,105,5,2,2,73,3,3,1,0,easy-basic
96,5,3,2,80,4,3,1,61,4,2,1,0,easy-basic
76,5,2,1,67,4,2,1,69,3,2,2,0,easy-basic
123,5,3,1,128,5,3,1,114,3,3,1,0,easy-basic
82,4,2,2,70,4,3,1,124,3,2,2,0,easy-basic
66,5,2,2,79,5,2,1,100,4,2,2,0,easy-basic
95,4,2,1,111,3,3,1,61,5,3,1,0,easy-basic
95,5,3,2,128,5,3,1,90,5,3,2,0,easy-basic
86,3,2,1,120,4,2,1,90,5,2,2,0,easy-basic
82,4,3,1,85,4,3,2,132,3,2,2,0,easy-basic
108,3,3,1,115,4,3,1,100,5,2,2,0,easy-basic
138,4,3,1,95,3,2,2,101,3,3,2,0,easy-basic
111,3,2,1,63,5,3,2,77,4,3,2,0,easy-basic
121,4,3,1,114,4,3,2,69,4,3,2,0,easy-basic
124,5,3,2,135,3,3,2,92,3,3,2,0,easy-basic
119,5,3,2,93,3,2,1,99,3,2,2,0,easy-basic
61,3,2,1,108,4,3,2,90,5,3,1,0,easy-basic
86,5,3,1,61,5,2,1,102,4,2,2,0,easy-basic
120,5,2,1,84,3,2,1,80,5,2,1,0,easy-basic
82,4,2,2,99,4,2,1,61,5,2,1,0,easy-basic
122,3,3,2,99,3,2,1,131,3,2,2,0,easy-basic
107,5,2,1,85,5,2,1,120,3,2,1,0,easy-basic
83,5,3,1,66,3,3,2,66,3,2,1,0,easy-basic
89,4,2,2,109,5,2,2,138,4,2,1,0,easy-basic
78,3,2,1,100,4,3,2,110,3,2,1,0,easy-basic
139,4,3,1,87,4,2,1,81,5,2,2,0,easy-basic
75,3,2,1,62,3,3,1,88,5,3,2,0,easy-basic
137,3,3,2,113,4,2,2,138,3,3,2,0,easy-basic
80,5,2,2,65,3,3,1,84,4,3,2,0,easy-basic
91,3,2,1,121,3,2,2,62,4,2,1,0,easy-basic
83,4,3,1,62,3,2,1,130,4,2,2,0,easy-basic
114,4,2,2,75,4,3,2,107,5,3,2,0,easy-basic
129,3,3,1,60,3,3,1,76,3,3,1,0,easy-basic
99,4,3,1,114,5,3,2,66,5,2,1,0,easy-basic
82,3,2,2,70,3,2,2,123,4,2,2,0,easy-basic
131,3,3,1,98,5,2,1,138,4,2,2,0,easy-basic
127,3,3,2,96,3,3,1,119,4,3,2,0,easy-basic
74,3,3,1,137,5,3,2,70,3,2,1,0,easy-basic
70,4,3,2,72,4,2,2,87,3,3,2,0,easy-basic
94,3,2,2,76,4,3,2,124,3,3,1,0,easy-basic
85,5,3,2,73,5,3,1,68,4,3,2,0,easy-basic
73,4,3,1,61,3,2,2,90,3,3,2,0,easy-basic
77,3,2,2,98,5,2,1,85,3,3,1,0,easy-basic
104,3,2,2,92,3,3,1,87,4,2,1,0,easy-basic
140,5,3,1,98,3,2,2,94,4,2,1,0,easy-basic
133,3,3,2,63,5,3,1,136,5,3,2,0,easy-basic
93,5,3,2,118,3,2,2,93,4,3,2,0,easy-basic
68,3,3,1,140,5,2,2,126,5,3,2,0,easy-basic
106,5,2,2,137,5,3,2,123,4,2,2,0,easy-basic
113,4,2,2,110,4,3,2,80,5,2,2,0,easy-basic
140,5,2,2,86,5,3,2,114,5,3,2,0,easy-basic
101,3,2,1,126,5,3,1,125,3,3,1,0,easy-basic
75,4,2,2,70,4,2,2,93,5,3,2,0,easy-basic
68,5,3,1,128,4,3,2,122,4,2,1,0,easy-basic
135,3,2,2,83,3,3,2,107,4,2,2,0,easy-basic
99,5,3,2,113,5,3,2,128,4,2,1,0,easy-basic
69,5,2,1,80,5,3,1,65,3,2,2,0,easy-basic
109,4,2,2,139,4,2,1,138,3,2,1,0,easy-basic
75,4,3,2,140,4,2,1,106,5,3,2,0,easy-basic
94,3,3,2,117,4,3,1,98,5,3,2,0,easy-basic
83,4,3,2,114,4,3,1,95,4,3,2,0,easy-basic
127,3,2,2,79,4,3,2,135,3,2,2,0,easy-basic
140,3,2,2,133,4,2,2,98,3,3,1,0,easy-basic
104,3,3,2,131,5,2,2,115,3,2,1,0,easy-basic
103,4,3,1,132,5,3,2,81,3,2,1,0,easy-basic
69,5,3,2,66,3,3,2,120,4,3,1,0,easy-basic
75,4,3,1,120,5,3,1,140,3,2,1,0,easy-basic
89,3,3,1,62,3,2,1,62,3,3,1,0,easy-basic
117,3,3,1,89,4,2,1,63,4,3,2,0,easy-basic
73,5,3,1,86,4,3,2,110,3,2,2,0,easy-basic
65,4,3,2,86,5,3,1,64,4,3,1,0,easy-basic
123,5,2,1,140,3,2,2,64,5,2,1,0,easy-basic
139,5,3,2,120,3,3,1,91,4,3,1,0,easy-basic
61,5,1,2,82,3,2,1,125,5,1,2,1,easy-moderate
75,4,1,2,91,5,1,2,65,5,1,1,1,easy-moderate
70,3,1,1,68,3,2,1,74,4,2,2,1,easy-moderate
88,5,2,2,71,3,2,2,124,4,3,1,1,easy-moderate
64,3,1,1,129,3,2,1,99,5,3,2,1,easy-moderate
113,3,2,1,58,3,3,1,115,4,3,2,1,easy-moderate
67,3,2,2,64,3,1,1,61,3,3,2,1,easy-moderate
65,3,2,2,78,3,2,2,62,5,1,1,1,easy-moderate
93,5,2,2,114,4,3,1,81,4,3,2,1,easy-moderate
87,3,2,1,64,4,1,1,81,3,3,1,1,easy-moderate
100,3,3,2,82,4,1,2,130,4,1,2,1,easy-moderate
77,4,1,1,100,5,2,2,76,5,3,2,1,easy-moderate
111,3,3,1,83,4,2,1,77,3,1,2,1,easy-moderate
95,3,1,1,99,3,3,1,65,3,2,2,1,easy-moderate
94,3,2,1,102,5,1,1,73,3,2,2,1,easy-moderate
80,4,3,1,110,5,3,2,58,4,1,2,1,easy-moderate
115,4,2,2,105,4,2,2,121,3,1,1,1,easy-moderate
55,4,1,1,88,3,1,1,59,5,2,1,1,easy-moderate
96,5,1,1,87,5,3,1,81,3,1,1,1,easy-moderate
91,4,1,1,77,5,2,1,69,5,3,1,1,easy-moderate
83,5,2,1,116,4,2,2,113,4,2,2,1,easy-moderate
98,3,1,2,86,4,3,1,87,4,1,1,1,easy-moderate
124,3,2,2,86,3,1,1,91,5,1,1,1,easy-moderate
77,4,3,2,68,3,3,1,102,5,1,1,1,easy-moderate
123,3,1,1,110,3,2,2,67,5,2,2,1,easy-moderate
121,5,1,1,85,3,3,1,59,4,2,1,1,easy-moderate
65,3,3,2,58,4,3,1,115,4,3,2,1,easy-moderate
117,4,3,1,64,5,1,2,117,4,1,1,1,easy-moderate
112,4,2,2,60,4,2,1,66,4,3,2,1,easy-moderate
60,5,3,2,63,3,1,1,61,3,3,1,1,easy-moderate
127,5,3,2,85,4,2,1,108,3,1,1,1,easy-moderate
101,3,2,2,117,3,1,1,77,3,1,2,1,easy-moderate
77,3,2,2,116,3,1,2,109,4,1,1,1,easy-moderate
61,5,2,1,84,5,3,2,122,3,2,1,1,easy-moderate
112,5,2,2,64,3,2,1,118,3,2,2,1,easy-moderate
58,5,2,1,114,4,3,2,113,3,2,2,1,easy-moderate
82,4,3,2,126,3,2,1,85,5,2,2,1,easy-moderate
88,4,2,1,82,3,2,2,116,4,1,1,1,easy-moderate
55,4,1,1,100,3,1,1,86,4,1,2,1,easy-moderate
59,5,2,2,126,4,2,2,85,4,1,1,1,easy-moderate
115,5,1,1,73,3,2,2,62,3,1,1,1,easy-moderate
73,3,3,1,59,4,2,1,118,3,1,1,1,easy-moderate
102,3,1,1,125,5,1,2,101,4,1,2,1,easy-moderate
89,3,1,1,110,3,3,2,66,5,1,1,1,easy-moderate
61,4,2,1,91,5,2,1,87,5,1,1,1,easy-moderate
97,4,3,2,117,3,3,1,76,4,3,2,1,easy-moderate
126,3,1,2,111,3,3,2,129,4,3,2,1,easy-moderate
121,5,2,2,106,4,1,2,85,4,1,2,1,easy-moderate
95,4,2,2,121,4,1,1,121,3,2,1,1,easy-moderate
64,3,1,2,111,3,3,2,65,5,3,1,1,easy-moderate
99,4,1,1,85,4,2,2,107,4,3,2,1,easy-moderate
102,3,2,1,67,3,3,2,90,4,3,1,1,easy-moderate
110,4,3,2,85,5,2,1,95,5,2,2,1,easy-moderate
91,5,2,2,59,5,3,2,97,5,2,2,1,easy-moderate
73,4,3,1,117,4,3,1,117,5,3,2,1,easy-moderate
108,5,1,1,76,5,2,2,80,5,3,1,1,easy-moderate
109,3,3,1,55,5,2,2,67,5,1,1,1,easy-moderate
114,5,1,2,91,4,3,1,119,3,1,1,1,easy-moderate
57,5,2,1,105,3,3,2,67,3,3,1,1,easy-moderate
69,3,1,1,100,3,3,1,60,4,2,1,1,easy-moderate
105,4,3,2,129,4,1,2,87,3,1,2,1,easy-moderate
97,3,2,1,106,4,1,2,93,3,3,2,1,easy-moderate
84,5,2,2,73,5,2,1,129,5,1,2,1,easy-moderate
111,3,1,1,59,4,1,1,119,4,3,2,1,easy-moderate
82,3,1,2,102,5,1,2,64,4,1,1,1,easy-moderate
75,3,1,2,55,3,2,2,126,4,2,2,1,easy-moderate
103,5,2,2,64,4,1,1,76,3,1,1,1,easy-moderate
67,3,2,2,69,5,1,2,86,4,3,1,1,easy-moderate
97,3,1,2,117,5,1,1,125,3,2,2,1,easy-moderate
71,5,1,2,103,3,2,1,122,3,1,1,1,easy-moderate
116,3,3,1,61,3,2,1,89,3,1,1,1,easy-moderate
68,5,3,2,77,4,2,1,101,4,3,1,1,easy-moderate
68,4,1,1,111,4,3,1,75,4,3,2,1,easy-moderate
88,4,3,2,123,3,3,2,130,3,1,1,1,easy-moderate
115,4,3,2,58,4,3,2,62,5,2,1,1,easy-moderate
75,3,2,1,96,5,1,2,112,4,1,1,1,easy-moderate
74,3,2,2,93,4,1,1,75,3,2,1,1,easy-moderate
115,5,1,1,56,5,3,2,78,5,1,2,1,easy-moderate
97,4,2,1,106,3,1,2,127,5,2,2,1,easy-moderate
58,5,3,1,81,3,2,1,120,3,1,2,1,easy-moderate
101,3,2,1,81,4,2,2,113,5,3,1,1,easy-moderate
113,4,2,2,82,3,2,2,79,3,2,2,1,easy-moderate
130,4,2,2,69,3,3,1,90,4,2,1,1,easy-moderate
128,4,3,1,113,4,1,2,128,5,1,1,1,easy-moderate
97,4,2,1,112,5,3,2,66,3,2,1,1,easy-moderate
116,4,3,2,94,5,2,2,67,3,1,1,1,easy-moderate
90,4,1,1,130,3,3,2,74,5,1,1,1,easy-moderate
75,5,3,1,120,5,3,1,126,5,3,2,1,easy-moderate
108,4,3,2,88,5,3,2,97,5,2,2,1,easy-moderate
103,3,2,2,120,3,2,1,123,5,2,2,1,easy-moderate
80,4,2,2,62,5,2,2,76,3,3,2,1,easy-moderate
55,4,1,2,109,3,3,2,123,3,1,2,1,easy-moderate
82,3,1,1,118,3,2,1,130,4,1,1,1,easy-moderate
57,3,3,2,93,5,2,1,85,3,3,2,1,easy-moderate
75,3,2,1,89,4,3,1,106,3,2,2,1,easy-moderate
69,3,2,1,104,4,1,1,94,4,2,2,1,easy-moderate
78,5,2,1,89,5,2,1,64,3,3,1,1,easy-moderate
83,3,3,2,89,4,1,2,56,3,3,2,1,easy-moderate
74,5,1,1,122,4,1,2,123,3,1,1,1,easy-moderate
99,5,1,1,114,4,3,2,67,3,1,1,1,easy-moderate
130,4,2,2,77,3,1,1,118,3,2,2,1,easy-moderate
103,5,3,2,126,4,3,2,121,3,1,1,1,easy-moderate
59,4,2,2,126,3,1,1,113,3,3,1,1,easy-moderate
63,3,2,2,68,3,2,1,78,5,3,2,1,easy-moderate
129,3,1,1,86,3,3,2,118,5,3,2,1,easy-moderate
92,3,2,2,69,4,3,1,127,3,3,2,1,easy-moderate
126,5,2,2,77,5,1,1,124,5,2,1,1,easy-moderate
72,4,1,2,105,3,1,2,79,4,3,1,1,easy-moderate
66,4,3,1,105,4,2,2,99,4,3,2,1,easy-moderate
113,5,2,1,56,5,3,1,125,4,3,1,1,easy-moderate
77,4,3,2,127,4,2,2,90,3,2,1,1,easy-moderate
78,3,1,1,75,5,2,2,114,3,1,2,1,easy-moderate
69,3,2,1,122,5,1,2,108,5,1,2,1,easy-moderate
60,4,1,2,127,3,3,1,128,3,1,1,1,easy-moderate
103,4,2,2,56,4,3,1,68,4,2,1,1,easy-moderate
105,3,1,2,72,3,2,1,128,5,3,1,1,easy-moderate
104,3,1,1,83,3,1,1,108,5,1,2,1,easy-moderate
96,5,1,2,122,4,3,2,63,3,2,2,1,easy-moderate
78,3,2,2,119,5,3,1,98,3,3,2,1,easy-moderate
59,5,2,1,118,3,2,1,59,4,3,1,1,easy-moderate
68,3,1,2,71,4,2,2,76,4,3,2,1,easy-moderate
67,3,1,1,122,3,1,1,79,4,2,1,1,easy-moderate
61,3,3,2,105,5,2,1,96,4,3,2,1,easy-moderate
82,5,2,2,100,3,1,2,63,5,3,2,1,easy-moderate
89,4,1,1,60,3,3,1,91,3,1,1,1,easy-moderate
86,3,2,1,117,4,3,2,75,3,1,1,1,easy-moderate
103,5,2,2,68,4,2,1,77,4,1,2,1,easy-moderate
91,4,3,1,55,4,1,1,61,4,2,1,1,easy-moderate
127,4,1,2,128,4,1,2,85,5,3,2,1,easy-moderate
81,3,1,1,106,5,3,2,107,3,1,2,1,easy-moderate
60,4,1,1,128,3,2,2,89,3,2,2,1,easy-moderate
86,4,2,2,83,5,1,1,58,5,1,1,1,easy-moderate
71,3,2,2,56,5,3,1,69,5,2,1,1,easy-moderate
87,4,1,1,79,5,2,1,90,5,1,2,1,easy-moderate
80,3,2,1,116,5,3,2,89,5,3,1,1,easy-moderate
114,5,3,2,73,5,1,2,60,4,1,2,1,easy-moderate
84,5,3,2,74,5,1,1,89,5,3,2,1,easy-moderate
119,5,1,1,110,4,2,2,65,5,1,2,1,easy-moderate
91,4,1,2,117,4,1,2,85,5,1,1,1,easy-moderate
110,3,2,2,88,4,1,2,88,4,2,2,1,easy-moderate
108,4,1,2,129,5,2,1,68,4,3,2,1,easy-moderate
89,5,1,1,56,3,2,1,87,3,2,2,1,easy-moderate
122,5,3,2,102,5,2,2,57,5,3,1,1,easy-moderate
90,5,3,1,123,5,1,2,98,4,3,2,1,easy-moderate
55,4,2,2,84,5,3,1,112,3,2,2,1,easy-moderate
126,3,2,1,74,5,3,1,57,3,1,1,1,easy-moderate
103,4,1,1,89,3,1,1,100,5,2,1,1,easy-moderate
76,5,3,1,82,4,1,2,74,5,1,1,1,easy-moderate
89,3,1,2,70,3,2,2,96,5,3,1,1,easy-moderate
85,4,1,2,124,3,1,2,63,4,3,2,1,easy-moderate
92,3,1,1,58,3,2,2,86,3,3,1,1,easy-moderate
123,3,1,1,62,3,3,2,98,3,3,1,1,easy-moderate
105,3,1,1,110,3,1,2,72,5,2,2,1,easy-moderate
55,3,1,2,127,3,3,2,61,4,3,2,1,easy-moderate
65,3,2,1,80,4,2,2,70,3,3,1,1,easy-moderate
84,5,1,2,65,4,2,2,128,3,2,2,1,easy-moderate
124,3,2,1,99,3,2,1,80,5,1,2,1,easy-moderate
58,3,1,1,91,3,1,1,114,5,3,1,1,easy-moderate
94,4,2,2,101,4,3,1,90,4,2,2,1,easy-moderate
110,3,1,2,120,3,1,2,80,4,2,1,1,easy-moderate
60,5,1,1,105,5,1,1,116,3,3,1,1,easy-moderate
109,5,1,2,82,4,1,2,107,5,2,2,1,easy-moderate
72,3,2,2,103,4,2,1,84,5,1,1,1,easy-moderate
70,4,3,1,116,4,3,1,96,4,1,2,1,easy-moderate
105,3,1,1,83,5,2,2,118,4,3,2,1,easy-moderate
94,3,3,2,73,5,3,1,91,4,3,2,1,easy-moderate
84,5,3,2,58,4,1,1,68,4,2,1,1,easy-moderate
68,5,1,2,93,4,2,1,121,5,3,2,1,easy-moderate
128,3,1,2,88,4,1,2,93,5,1,1,1,easy-moderate
98,5,1,2,95,4,1,1,69,5,2,1,1,easy-moderate
98,5,1,2,79,3,1,2,97,4,2,2,1,easy-moderate
114,4,2,2,56,4,1,2,68,4,3,1,1,easy-moderate
97,3,3,2,58,4,3,2,77,5,1,1,1,easy-moderate
93,4,1,2,123,5,3,2,63,3,2,1,1,easy-moderate
79,3,3,1,77,3,1,1,65,3,2,1,1,easy-moderate
122,4,1,2,67,4,1,2,64,3,1,1,1,easy-moderate
74,4,2,2,58,3,3,2,91,5,3,1,1,easy-moderate
81,4,2,1,130,5,3,1,56,5,1,2,1,easy-moderate
87,5,2,1,67,5,1,1,112,3,3,1,1,easy-moderate
56,5,1,1,120,5,3,1,76,3,2,2,1,easy-moderate
59,3,3,2,58,4,3,2,93,5,3,1,1,easy-moderate
95,5,3,2,101,3,3,1,77,4,1,1,1,easy-moderate
85,4,3,1,92,4,1,2,82,4,3,2,1,easy-moderate
77,3,2,1,129,5,1,1,125,4,1,1,1,easy-moderate
95,3,2,1,129,4,2,1,91,5,3,1,1,easy-moderate
75,4,2,1,71,5,1,1,76,4,3,1,1,easy-moderate
115,5,3,1,73,4,2,2,128,5,3,1,1,easy-moderate
112,5,2,1,102,4,3,1,59,4,1,2,1,easy-moderate
93,3,1,1,62,4,2,1,93,4,2,1,1,easy-moderate
65,5,1,2,119,3,2,2,78,5,2,1,1,easy-moderate
97,4,1,2,67,5,2,1,130,3,1,1,1,easy-moderate
115,5,1,2,122,5,2,1,102,3,1,2,1,easy-moderate
124,5,1,1,84,3,1,2,127,4,1,1,1,easy-moderate
128,3,2,2,93,4,3,1,116,3,1,2,1,easy-moderate
91,4,2,2,57,4,2,2,73,3,3,2,1,easy-moderate
109,5,2,2,128,3,2,2,93,4,3,2,1,easy-moderate
58,5,3,1,60,3,2,1,120,3,2,1,1,easy-moderate
122,4,3,1,87,5,3,1,75,4,2,2,1,easy-moderate
65,5,3,2,60,4,1,2,56,4,3,1,1,easy-moderate
104,5,1,2,128,4,1,1,77,3,1,1,1,easy-moderate
69,3,1,1,105,3,1,2,73,3,3,2,1,easy-moderate
96,5,2,2,113,3,3,2,82,4,2,2,1,easy-moderate
64,4,2,2,61,5,3,2,128,5,1,2,1,easy-moderate
84,3,3,1,111,5,2,2,102,4,2,1,1,easy-moderate
95,4,2,1,95,3,3,1,58,5,2,1,1,easy-moderate
74,3,2,2,119,3,3,2,130,4,3,2,1,easy-moderate
126,5,1,1,94,4,1,2,59,4,3,2,1,easy-moderate
83,5,1,2,121,4,2,1,93,4,1,2,1,easy-moderate
100,4,1,2,124,5,1,2,96,4,2,1,1,easy-moderate
114,3,2,2,106,3,1,2,86,3,1,1,1,easy-moderate
128,3,3,1,112,5,2,1,60,4,1,1,1,easy-moderate
59,4,1,1,98,5,3,1,72,3,3,1,1,easy-moderate
120,5,1,2,55,5,1,2,113,3,2,2,1,easy-moderate
105,3,1,1,80,4,3,1,118,5,3,2,1,easy-moderate
70,4,3,2,101,5,3,2,88,5,2,2,1,easy-moderate
62,3,2,1,66,4,3,2,130,4,2,2,1,easy-moderate
68,5,1,1,130,4,3,2,63,5,3,2,1,easy-moderate
117,3,1,1,99,4,2,2,113,5,2,1,1,easy-moderate
77,5,2,1,65,5,1,2,128,4,2,2,1,easy-moderate
118,5,1,2,70,4,1,1,82,4,1,2,1,easy-moderate
95,3,3,1,120,3,1,2,127,4,3,2,1,easy-moderate
77,4,2,1,58,3,2,1,128,5,3,1,1,easy-moderate
97,4,2,2,106,3,1,2,100,3,1,2,1,easy-moderate
115,3,3,1,55,5,3,2,71,5,3,1,1,easy-moderate
97,5,3,1,107,5,3,2,107,4,1,2,1,easy-moderate
97,3,2,1,127,3,1,2,101,4,2,2,1,easy-moderate
120,3,1,2,64,5,3,2,104,4,1,2,1,easy-moderate
76,3,2,2,116,4,3,2,100,5,3,1,1,easy-moderate
58,5,1,2,123,4,3,1,80,5,3,1,1,easy-moderate
123,5,3,2,86,3,1,2,111,5,2,2,1,easy-moderate
71,5,3,2,101,5,3,2,116,3,2,2,1,easy-moderate
72,5,2,2,109,4,1,1,123,4,3,1,1,easy-moderate
91,5,3,2,123,4,3,2,119,5,3,1,1,easy-moderate
62,3,3,2,125,4,1,2,124,5,3,2,1,easy-moderate
75,4,3,2,78,5,2,2,125,3,3,2,1,easy-moderate
85,3,2,1,65,5,3,1,79,5,2,2,1,easy-moderate
128,3,3,2,123,4,2,1,124,3,3,2,1,easy-moderate
117,5,3,1,127,3,3,2,69,3,3,2,1,easy-moderate
67,3,2,2,92,5,1,2,66,5,1,1,1,easy-moderate
124,4,1,1,115,3,1,2,74,4,2,2,1,easy-moderate
82,3,2,1,58,3,1,2,59,5,2,1,1,easy-moderate
84,4,2,1,66,4,2,2,96,3,2,2,1,easy-moderate
94,5,2,1,73,3,2,2,97,4,1,2,1,easy-moderate
75,4,3,2,84,3,1,1,114,4,3,2,1,easy-moderate
125,4,2,2,125,4,1,1,84,3,3,1,1,easy-moderate
105,5,1,2,58,4,2,1,121,4,1,2,1,easy-moderate
129,4,1,2,103,3,3,1,115,4,1,1,1,easy-moderate
66,5,3,2,81,3,3,1,67,4,1,1,1,easy-moderate
128,3,2,1,57,3,1,1,108,3,3,2,1,easy-moderate
126,3,1,2,101,4,3,2,85,3,1,2,1,easy-moderate
57,3,1,1,78,3,3,2,102,4,1,2,1,easy-moderate
108,4,1,1,115,5,1,1,55,4,2,1,1,easy-moderate
76,4,2,1,129,4,3,1,129,5,3,1,1,easy-moderate
82,5,2,1,57,5,2,2,104,5,3,2,1,easy-moderate
97,4,3,2,80,4,3,2,107,4,1,1,1,easy-moderate
66,4,1,2,89,4,2,1,74,5,2,1,1,easy-moderate
94,5,2,2,76,4,1,2,68,5,3,1,1,easy-moderate
112,4,2,2,119,3,1,2,113,5,3,1,1,easy-moderate
95,4,1,2,67,4,2,1,90,4,2,1,1,easy-moderate
72,5,1,2,75,5,3,1,120,4,3,2,1,easy-moderate
102,4,1,2,94,3,2,1,84,5,3,2,1,easy-moderate
95,3,1,1,117,4,1,1,130,5,2,1,1,easy-moderate
129,3,3,1,66,4,3,1,89,4,2,2,1,easy-moderate
99,3,2,1,98,5,1,2,122,5,1,2,1,easy-moderate
106,5,3,1,88,4,3,2,72,3,1,2,1,easy-moderate
71,5,1,2,82,3,2,2,93,3,3,2,1,easy-moderate
56,5,2,1,78,4,3,2,92,5,2,2,1,easy-moderate
91,4,2,2,88,5,3,2,104,3,3,1,1,easy-moderate
57,5,3,2,116,4,3,2,129,5,1,1,1,easy-moderate
117,3,1,1,119,5,1,2,128,3,3,2,1,easy-moderate
124,4,1,1,91,3,1,1,68,4,2,2,1,easy-moderate
74,3,2,1,109,3,3,1,116,4,1,2,1,easy-moderate
87,5,2,2,97,3,2,1,65,5,1,1,1,easy-moderate
114,3,1,1,79,4,3,1,85,3,2,1,1,easy-moderate
109,5,3,2,91,4,3,1,71,3,3,2,1,easy-moderate
77,3,1,2,82,5,1,2,125,4,3,2,1,easy-moderate
102,4,1,1,109,4,3,2,127,5,3,1,1,easy-moderate
74,3,1,1,119,3,2,2,71,3,1,2,1,easy-moderate
129,5,1,2,82,4,3,2,56,5,1,1,1,easy-moderate
81,5,1,1,113,3,3,1,56,5,3,1,1,easy-moderate
119,3,1,2,79,4,1,2,73,5,3,2,1,easy-moderate
100,3,2,2,99,5,2,1,115,3,2,2,1,easy-moderate
80,3,1,1,97,3,3,1,65,3,3,1,1,easy-moderate
110,4,1,2,99,4,1,2,124,4,1,2,1,easy-moderate
128,3,3,1,89,5,3,2,94,5,3,2,1,easy-moderate
57,3,2,2,57,5,3,1,103,4,2,2,1,easy-moderate
87,3,1,1,90,5,3,1,100,4,3,2,1,easy-moderate
66,4,3,2,93,5,3,1,102,5,3,1,1,easy-moderate
56,5,2,2,77,4,2,2,83,3,2,1,1,easy-moderate
83,3,1,2,70,3,3,2,104,3,3,1,1,easy-moderate
91,3,2,1,63,4,1,2,107,5,2,1,1,easy-moderate
127,4,2,2,115,5,1,1,106,5,1,1,1,easy-moderate
116,4,1,1,68,3,3,2,114,3,2,2,1,easy-moderate
87,3,2,2,126,4,3,1,121,4,3,1,1,easy-moderate
94,5,2,2,63,3,3,2,97,5,2,1,1,easy-moderate
74,3,1,1,117,3,1,2,91,3,1,1,1,easy-moderate
127,3,3,1,119,3,2,1,85,3,1,1,1,easy-moderate
66,4,2,2,105,5,1,1,60,4,1,2,1,easy-moderate
104,4,2,1,88,3,2,2,68,4,2,1,1,easy-moderate
126,3,1,1,94,4,1,1,75,4,1,2,1,easy-moderate
67,3,2,2,101,3,3,2,90,4,1,1,1,easy-moderate
70,4,1,1,71,5,3,2,106,3,2,1,1,easy-moderate
115,3,3,2,108,3,3,1,110,3,2,2,1,easy-moderate
96,3,2,1,66,4,1,2,74,5,3,1,1,easy-moderate
90,4,2,2,105,5,3,1,62,3,3,1,1,easy-moderate
109,3,2,1,64,3,2,1,103,4,1,1,1,easy-moderate
127,4,1,1,107,4,2,2,95,3,2,1,1,easy-moderate
102,3,2,2,125,3,2,1,90,3,1,1,1,easy-moderate
101,5,3,2,121,3,3,1,108,5,2,1,1,easy-moderate
109,3,2,2,106,4,1,2,71,5,1,2,1,easy-moderate
121,4,1,2,98,4,1,1,63,5,1,2,1,easy-moderate
116,3,2,2,99,4,1,2,128,4,3,1,1,easy-moderate
98,4,1,1,60,3,2,2,70,5,2,2,1,easy-moderate
113,4,1,1,110,3,1,2,71,4,3,2,1,easy-moderate
99,4,3,1,90,3,3,1,64,5,1,2,1,easy-moderate
82,3,2,2,68,5,3,2,55,3,3,1,1,easy-moderate
128,4,1,2,99,3,3,1,111,5,3,1,1,easy-moderate
80,3,3,2,109,4,1,1,125,4,2,1,1,easy-moderate
71,5,1,2,111,5,1,2,84,4,1,2,1,easy-moderate
75,3,1,1,115,5,3,2,58,3,1,1,1,easy-moderate
87,4,1,2,109,3,1,1,61,4,2,1,1,easy-moderate
102,3,2,1,107,3,2,1,85,3,3,1,1,easy-moderate
75,4,1,1,68,5,2,2,120,3,2,2,1,easy-moderate
106,4,1,2,96,5,1,2,126,5,3,1,1,easy-moderate
78,4,2,1,84,4,2,1,68,3,1,1,1,easy-moderate
109,4,2,1,87,5,3,1,84,5,1,1,1,easy-moderate
87,3,1,2,96,3,2,2,88,4,2,1,1,easy-moderate
94,3,2,2,90,3,3,1,57,3,1,2,1,easy-moderate
111,4,1,2,98,4,2,2,86,5,3,1,1,easy-moderate
103,5,3,2,87,4,3,1,116,5,3,1,1,easy-moderate
114,4,2,2,74,5,1,2,129,5,1,1,1,easy-moderate
103,3,2,1,91,4,2,1,59,4,3,1,1,easy-moderate
73,4,2,2,56,5,3,2,120,4,2,2,1,easy-moderate
92,4,2,2,63,3,2,2,97,3,3,1,1,easy-moderate
62,3,3,1,84,4,1,2,104,3,2,2,1,easy-moderate
109,3,2,1,100,3,1,2,83,5,2,1,1,easy-moderate
81,4,3,2,71,4,2,1,124,4,3,1,1,easy-moderate
77,4,2,2,74,3,1,2,99,4,2,1,1,easy-moderate
91,5,3,2,72,5,2,1,101,4,1,1,1,easy-moderate
88,5,1,1,95,4,2,2,118,5,3,2,1,easy-moderate
87,3,2,2,123,5,1,2,112,5,3,1,1,easy-moderate
82,3,3,1,105,5,2,2,89,3,1,1,1,easy-moderate
113,4,3,2,116,3,3,1,66,4,2,1,1,easy-moderate
81,5,2,2,64,5,1,1,89,4,1,2,1,easy-moderate
96,3,2,1,97,3,1,1,71,5,3,2,1,easy-moderate
125,3,2,2,128,5,2,2,111,5,2,1,1,easy-moderate
67,5,1,2,74,4,1,1,125,3,2,1,1,easy-moderate
106,3,1,1,125,4,3,2,70,3,3,1,1,easy-moderate
116,3,3,1,106,5,1,1,68,3,3,1,1,easy-moderate
129,4,2,2,69,5,2,2,98,4,3,1,1,easy-moderate
89,4,3,1,119,4,3,1,82,4,1,2,1,easy-moderate
86,5,3,1,67,3,2,2,60,5,3,2,1,easy-moderate
68,3,1,1,81,3,2,1,119,4,1,1,1,easy-moderate
67,3,2,2,73,4,2,2,95,3,1,1,1,easy-moderate
81,4,2,1,60,5,3,1,81,5,3,2,1,easy-moderate
71,4,3,2,88,5,1,1,58,4,1,2,1,easy-moderate
113,5,1,2,114,3,3,2,58,4,2,2,1,easy-moderate
126,5,3,2,72,5,1,2,96,3,3,1,1,easy-moderate
102,3,1,1,123,4,3,2,85,5,3,1,1,easy-moderate
92,3,3,1,67,5,1,1,71,4,3,1,1,easy-moderate
83,5,2,1,126,3,3,2,59,3,1,2,1,easy-moderate
125,5,2,2,87,5,3,2,114,5,2,2,1,easy-moderate
112,4,2,1,71,3,1,2,114,4,2,2,1,easy-moderate
91,3,1,2,110,4,3,1,57,5,3,1,1,easy-moderate
84,3,1,1,113,5,1,2,66,5,2,2,1,easy-moderate
109,4,1,1,111,3,1,1,107,3,3,2,1,easy-moderate
109,3,1,1,114,3,3,2,60,3,3,1,1,easy-moderate
127,4,1,2,74,5,3,1,98,3,3,2,1,easy-moderate
123,5,1,2,89,4,1,2,102,4,3,2,1,easy-moderate
129,4,3,1,110,4,3,1,106,3,3,1,1,easy-moderate
56,4,1,1,127,3,3,2,89,4,1,2,1,easy-moderate
106,4,2,2,114,5,3,2,76,4,1,1,1,easy-moderate
83,4,1,2,112,3,3,2,106,4,2,2,1,easy-moderate
123,4,2,2,117,4,3,1,71,5,1,2,1,easy-moderate
118,4,2,1,77,5,1,1,112,5,1,1,1,easy-moderate
108,4,1,2,62,5,3,1,88,3,3,1,1,easy-moderate
76,5,2,1,55,3,2,1,91,5,3,1,1,easy-moderate
115,5,3,2,105,5,2,2,65,4,3,2,1,easy-moderate
119,3,1,1,79,5,1,2,95,4,1,2,1,easy-moderate
90,4,3,2,113,4,3,2,96,4,1,2,1,easy-moderate
98,4,3,1,117,3,3,2,129,3,1,1,1,easy-moderate
97,4,3,1,63,3,3,1,61,3,3,1,1,easy-moderate
72,5,2,1,76,4,2,2,75,3,2,1,1,easy-moderate
86,3,2,2,127,4,3,2,98,3,2,2,1,easy-moderate
104,5,1,1,114,5,2,2,58,3,1,2,1,easy-moderate
128,3,2,1,106,5,2,1,57,3,3,1,1,easy-moderate
104,4,2,1,128,4,2,1,60,4,2,1,1,easy-moderate
118,3,3,2,127,5,3,1,68,3,1,2,1,easy-moderate
79,4,2,2,68,4,2,1,60,5,2,2,1,easy-moderate
117,4,2,2,119,4,3,2,85,3,1,2,1,easy-moderate
100,3,1,2,114,4,2,1,103,5,3,1,1,easy-moderate
77,5,2,2,72,4,1,2,95,3,2,2,1,easy-moderate
115,3,2,1,93,4,2,2,78,4,3,2,1,easy-moderate
108,4,2,1,101,4,1,1,94,3,3,2,1,easy-moderate
84,4,2,2,85,4,3,2,118,3,3,1,1,easy-moderate
78,4,1,1,85,3,3,2,76,4,1,2,1,easy-moderate
117,4,1,1,69,4,2,2,78,5,2,2,1,easy-moderate
104,3,1,2,79,4,2,2,99,4,2,1,1,easy-moderate
88,4,3,2,106,3,2,1,69,4,1,1,1,easy-moderate
64,3,3,2,122,4,2,1,94,4,1,2,1,easy-moderate
94,5,3,1,82,3,2,1,85,3,1,2,1,easy-moderate
87,3,2,1,60,3,3,1,108,3,1,2,1,easy-moderate
111,4,2,1,60,4,2,2,102,4,2,1,1,easy-moderate
117,4,3,1,122,3,1,1,96,3,2,2,1,easy-moderate
105,3,3,2,63,5,1,1,121,3,2,2,1,easy-moderate
111,4,3,1,119,4,1,2,112,3,3,1,1,easy-moderate
76,3,1,1,55,5,1,1,56,3,3,1,1,easy-moderate
106,3,1,2,64,4,3,1,89,4,1,1,1,easy-moderate
96,5,3,1,60,5,3,1,86,4,1,2,1,easy-moderate
110,3,3,1,78,5,1,2,96,5,3,2,1,easy-moderate
110,4,1,1,105,3,2,2,130,4,2,2,1,easy-moderate
119,3,2,2,57,4,3,1,107,5,3,1,1,easy-moderate
72,5,2,2,68,3,2,1,91,4,3,2,1,easy-moderate
74,5,1,1,111,3,1,2,72,5,3,1,1,easy-moderate
84,3,3,2,100,5,1,1,127,3,3,2,1,easy-moderate
115,4,3,2,74,5,2,2,95,3,2,2,1,easy-moderate
103,3,3,2,60,4,1,2,112,4,1,2,1,easy-moderate
77,3,3,1,100,5,1,1,124,3,2,2,1,easy-moderate
122,3,3,1,122,5,2,2,119,5,2,1,1,easy-moderate
79,3,1,1,61,5,3,2,120,3,2,1,1,easy-moderate
107,5,1,2,89,3,1,2,98,4,1,2,1,easy-moderate
126,5,2,1,105,3,2,2,55,4,1,1,1,easy-moderate
91,3,3,1,105,3,2,2,108,3,3,1,1,easy-moderate
104,5,3,1,107,5,1,2,87,4,3,1,1,easy-moderate
92,5,2,1,67,5,2,2,96,4,2,1,1,easy-moderate
108,5,2,1,85,5,1,2,86,3,2,2,1,easy-moderate
99,4,1,2,69,4,3,1,99,4,3,2,1,easy-moderate
79,4,1,1,86,5,3,1,72,3,3,1,1,easy-moderate
85,4,2,2,67,4,2,2,103,4,1,1,1,easy-moderate
86,5,2,2,68,4,2,1,70,4,1,1,1,easy-moderate
95,4,1,1,126,3,1,2,112,4,3,1,1,easy-moderate
85,4,2,1,96,5,2,1,91,4,2,1,1,easy-moderate
126,4,1,1,113,5,2,2,60,5,2,1,1,easy-moderate
77,3,2,1,127,3,1,2,86,4,1,1,1,easy-moderate
122,3,2,2,57,3,1,1,79,4,3,1,1,easy-moderate
121,4,2,1,73,4,1,2,105,3,1,1,1,easy-moderate
113,3,2,1,79,5,2,1,86,5,2,1,1,easy-moderate
122,4,1,1,73,4,3,2,59,4,1,2,1,easy-moderate
120,5,3,1,111,5,1,1,111,4,2,2,1,easy-moderate
83,3,3,2,79,4,1,2,120,4,3,2,1,easy-moderate
128,4,3,1,128,3,3,2,82,3,3,1,1,easy-moderate
90,3,3,1,126,5,2,2,85,4,1,1,1,easy-moderate
68,4,2,2,112,4,1,2,81,5,2,1,1,easy-moderate
66,3,1,2,124,5,1,2,77,4,1,1,1,easy-moderate
116,4,1,1,88,4,2,1,122,4,2,2,1,easy-moderate
113,4,2,2,58,3,3,1,57,5,2,1,1,easy-moderate
82,4,3,2,99,3,3,1,126,3,1,1,1,easy-moderate
60,5,1,1,59,5,1,2,83,4,1,2,1,easy-moderate
75,4,2,1,88,4,3,2,87,5,2,2,1,easy-moderate
124,3,1,1,77,3,2,1,110,5,2,1,1,easy-moderate
79,3,3,2,117,5,1,1,111,5,3,1,1,easy-moderate
83,4,1,2,55,4,3,1,107,4,1,2,1,easy-moderate
98,4,1,2,106,4,2,1,114,5,3,2,1,easy-moderate
114,3,3,1,89,4,3,2,100,4,3,2,1,easy-moderate
130,5,1,1,86,4,1,1,111,5,2,2,1,easy-moderate
65,5,1,2,108,4,3,1,63,4,2,2,1,easy-moderate
127,4,2,2,78,3,2,1,130,3,1,1,1,easy-moderate
92,3,1,2,120,3,3,1,130,4,3,1,1,easy-moderate
57,3,2,2,92,4,1,2,72,4,1,1,1,easy-moderate
127,5,2,2,120,4,1,1,122,5,1,2,1,easy-moderate
110,4,2,1,125,3,2,2,57,4,2,1,1,easy-moderate
127,5,2,1,106,3,2,1,67,5,1,2,1,easy-moderate
89,5,2,2,69,4,2,1,68,5,1,1,1,easy-moderate
104,3,1,1,69,5,3,1,114,3,2,1,1,easy-moderate
58,4,1,1,113,5,3,2,106,5,2,2,1,easy-moderate
97,4,3,1,97,4,3,2,79,4,2,2,1,easy-moderate
118,5,1,1,57,3,1,1,114,3,3,2,1,easy-moderate
114,4,1,1,59,3,3,1,65,5,1,1,1,easy-moderate
124,4,1,1,78,5,2,2,89,4,3,1,1,easy-moderate
107,3,1,2,62,5,2,1,72,4,1,1,1,easy-moderate
122,3,1,2,82,4,3,2,102,5,3,1,1,easy-moderate
94,5,1,1,99,4,3,2,97,5,1,1,1,easy-moderate
102,3,3,1,99,3,1,1,83,4,3,2,1,easy-moderate
111,4,3,1,93,3,3,1,79,4,2,2,1,easy-moderate
116,5,3,1,67,5,3,1,60,4,1,1,1,easy-moderate
123,3,2,2,59,5,3,1,73,5,1,2,1,easy-moderate
95,4,1,1,93,4,2,1,130,3,1,1,1,easy-moderate
116,4,3,2,76,4,3,2,61,4,1,2,1,easy-moderate
56,5,3,2,93,4,3,2,58,4,1,2,1,easy-moderate
97,3,1,1,93,5,2,2,119,4,2,1,1,easy-moderate
79,3,2,1,127,3,2,2,95,5,2,1,1,easy-moderate
85,3,1,1,75,4,2,1,104,4,2,1,1,easy-moderate
109,3,3,2,55,3,2,2,57,5,3,2,1,easy-moderate
85,4,1,1,72,3,2,2,108,5,2,2,1,easy-moderate
95,5,2,2,65,4,1,1,63,5,3,1,1,easy-moderate
110,3,1,2,111,5,3,2,100,4,1,1,1,easy-moderate
70,4,1,1,130,3,3,1,116,4,3,2,1,easy-moderate
65,5,3,1,123,5,1,1,101,3,3,2,1,easy-moderate
106,4,2,2,105,3,1,1,102,3,1,2,1,easy-moderate
88,5,2,2,69,4,1,1,124,5,2,1,1,easy-moderate
104,3,2,1,55,5,2,1,106,4,3,2,1,easy-moderate
114,5,1,1,56,3,3,2,89,4,2,1,1,easy-moderate
115,4,2,1,119,5,3,2,78,3,3,2,1,easy-moderate
95,5,3,2,81,5,2,1,63,4,3,1,1,easy-moderate
70,4,2,1,129,5,2,2,69,3,3,2,1,easy-moderate
125,5,2,1,101,5,1,1,76,3,1,2,1,easy-moderate
65,5,3,2,109,3,1,2,93,5,2,1,1,easy-moderate
123,4,1,2,76,4,3,2,95,4,1,1,1,easy-moderate
102,4,3,1,80,3,2,1,71,5,3,1,1,easy-moderate
73,3,3,1,72,3,3,2,92,4,3,1,1,easy-moderate
106,3,3,2,62,5,1,2,126,5,3,1,1,easy-moderate
117,3,3,1,100,5,2,2,94,5,2,1,1,easy-moderate
79,4,3,1,110,5,1,2,103,4,3,1,1,easy-moderate
79,5,2,2,77,5,1,2,70,4,1,2,1,easy-moderate
98,5,3,1,122,3,3,2,75,3,2,1,1,easy-moderate
118,3,3,1,61,3,2,1,74,4,3,1,1,easy-moderate
76,5,2,2,127,5,1,2,78,4,2,2,1,easy-moderate
129,4,2,1,84,4,3,1,65,3,2,1,1,easy-moderate
98,3,3,2,59,5,3,2,59,4,1,1,1,easy-moderate
110,5,1,1,78,4,2,1,99,4,2,2,1,easy-moderate
75,4,1,1,119,5,1,1,91,3,2,2,1,easy-moderate
81,5,1,2,92,5,1,2,121,3,1,2,1,easy-moderate
113,4,1,2,59,5,3,1,98,3,3,1,1,easy-moderate
64,5,2,2,57,3,1,2,79,4,1,1,1,easy-moderate
78,4,2,1,68,3,3,2,55,5,3,2,1,easy-moderate
60,4,2,2,85,5,2,2,122,3,3,1,1,easy-moderate
125,3,3,2,60,3,1,1,58,3,2,1,1,easy-moderate
91,4,2,1,62,4,2,2,122,3,1,2,1,easy-moderate
68,4,3,2,60,4,3,1,69,3,2,2,1,easy-moderate
56,5,1,2,64,3,2,2,70,5,3,1,1,easy-moderate
64,3,3,2,75,5,1,1,87,3,1,2,1,easy-moderate
72,3,2,2,83,3,2,1,58,3,3,1,1,easy-moderate
70,5,3,1,74,5,3,2,124,4,2,1,1,easy-moderate
60,5,1,2,75,4,2,2,78,4,3,1,1,easy-moderate
65,5,2,1,55,3,1,1,106,3,2,2,1,easy-moderate
86,4,3,1,121,5,2,1,77,4,1,2,1,easy-moderate
126,4,1,1,89,3,3,1,61,5,2,2,1,easy-moderate
127,3,3,1,124,3,2,1,117,3,1,2,1,easy-moderate
106,3,1,1,72,5,2,1,106,4,2,2,1,easy-moderate
118,4,1,2,62,5,1,2,116,4,3,1,1,easy-moderate
56,4,1,2,81,4,2,2,75,5,3,2,1,easy-moderate
92,3,3,1,110,4,2,2,88,3,1,2,1,easy-moderate
91,5,3,2,55,5,1,1,84,3,3,1,1,easy-moderate
104,5,1,1,93,3,2,2,124,3,3,2,1,easy-moderate
106,3,1,2,100,4,2,2,73,4,1,1,1,easy-moderate
102,3,1,1,101,4,1,1,101,4,2,1,1,easy-moderate
75,5,1,2,64,5,2,1,123,3,2,1,1,easy-moderate
106,5,1,2,70,4,1,2,65,4,3,2,1,easy-moderate
108,4,2,1,121,4,2,1,78,3,1,2,1,easy-moderate
99,4,1,2,89,4,2,1,82,3,1,2,1,easy-moderate
114,3,3,2,85,5,3,1,116,4,1,2,1,easy-moderate
92,3,2,1,108,5,3,2,111,4,1,1,1,easy-moderate
102,3,1,1,91,3,1,2,62,3,1,1,1,easy-moderate
65,4,3,1,63,4,2,2,86,5,3,2,1,easy-moderate
113,3,1,1,125,4,1,1,105,3,2,2,1,easy-moderate
108,5,1,1,107,4,2,2,98,4,1,2,1,easy-moderate
91,3,3,1,83,5,3,1,109,5,2,2,1,easy-moderate
114,5,3,2,91,3,1,1,77,5,2,2,1,easy-moderate
103,5,1,1,62,4,2,2,111,3,2,2,1,easy-moderate
84,4,3,1,90,3,3,2,56,4,3,2,1,easy-moderate
64,3,1,2,64,5,1,1,64,4,1,1,1,easy-moderate
100,5,1,1,91,4,1,2,95,5,3,1,1,easy-moderate
78,3,2,2,59,4,2,1,93,4,1,2,1,easy-moderate
116,3,3,2,85,5,1,2,71,3,1,2,1,easy-moderate
118,5,1,2,126,3,1,2,79,4,3,2,1,easy-moderate
89,4,1,2,80,3,3,2,116,4,1,1,1,easy-moderate
92,5,3,2,105,4,2,2,68,4,1,2,1,easy-moderate
127,3,2,1,86,5,2,1,112,3,2,1,1,easy-moderate
120,5,2,2,126,4,2,1,71,5,1,2,1,easy-moderate
97,3,1,1,112,5,2,1,118,3,3,2,1,easy-moderate
65,5,3,1,92,5,3,2,122,4,2,1,1,easy-moderate
69,4,2,2,102,5,3,2,105,3,2,2,1,easy-moderate
80,5,3,1,129,3,3,1,75,5,2,2,1,easy-moderate
99,4,3,2,90,3,2,2,113,4,1,1,1,easy-moderate
128,5,2,1,56,5,1,2,79,3,1,1,1,easy-moderate
77,3,3,2,64,3,2,1,115,4,2,2,1,easy-moderate
61,4,2,2,64,4,2,1,91,3,3,2,1,easy-moderate
113,3,1,2,126,3,1,2,83,5,3,2,1,easy-moderate
82,4,2,1,92,3,3,2,60,3,1,2,1,easy-moderate
57,5,1,2,91,5,3,2,101,5,1,2,1,easy-moderate
65,4,3,2,129,4,2,1,90,3,3,1,1,easy-moderate
95,4,3,1,62,4,3,1,62,4,1,1,1,easy-moderate
80,5,1,1,113,3,2,2,65,3,1,2,1,easy-moderate
106,3,3,2,83,5,2,2,101,5,1,2,1,easy-moderate
56,5,3,1,115,3,3,1,73,5,2,1,1,easy-moderate
95,3,3,2,81,3,2,2,119,4,2,2,1,easy-moderate
97,5,1,1,78,5,2,2,90,5,2,2,1,easy-moderate
105,3,3,2,80,4,3,2,85,5,3,2,1,easy-moderate
91,4,2,1,120,5,2,2,85,5,2,1,1,easy-moderate
73,4,2,1,118,5,1,1,94,3,3,1,1,easy-moderate
72,5,1,2,58,3,2,2,128,3,1,1,1,easy-moderate
57,5,3,1,118,5,3,1,129,4,2,2,1,easy-moderate
83,5,3,1,123,4,2,1,107,4,1,2,1,easy-moderate
116,5,3,1,119,4,1,1,58,3,2,1,1,easy-moderate
99,3,3,1,69,3,3,1,108,3,1,2,1,easy-moderate
109,3,3,2,87,4,2,1,96,5,2,1,1,easy-moderate
62,5,3,1,91,3,3,2,76,5,3,2,1,easy-moderate
101,4,1,1,106,3,1,2,103,3,3,2,1,easy-moderate
89,4,3,1,117,5,1,2,72,3,3,1,1,easy-moderate
71,5,3,1,55,4,1,1,65,3,1,2,1,easy-moderate
74,5,1,1,118,4,3,2,122,4,2,1,1,easy-moderate
64,5,2,2,56,4,3,1,125,5,1,1,1,easy-moderate
56,3,2,1,83,4,2,2,64,4,3,2,1,easy-moderate
119,5,1,2,117,5,3,1,56,3,1,1,1,easy-moderate
84,5,3,1,104,5,1,1,109,4,2,1,1,easy-moderate
96,4,1,2,103,3,3,1,88,3,2,2,1,easy-moderate
96,4,2,2,59,4,3,1,69,4,1,2,1,easy-moderate
78,4,3,1,120,4,1,2,127,4,2,2,1,easy-moderate
118,4,1,2,118,5,3,2,109,4,3,1,1,easy-moderate
63,5,3,2,105,3,2,2,121,3,3,2,1,easy-moderate
99,5,2,1,70,5,1,1,107,3,3,1,1,easy-moderate
96,5,2,2,74,4,3,1,109,5,2,2,1,easy-moderate
129,3,2,1,65,5,2,2,109,4,3,2,1,easy-moderate
86,3,3,1,91,5,1,1,86,5,3,1,1,easy-moderate
71,3,2,2,60,5,1,1,115,3,3,2,1,easy-moderate
56,3,1,1,71,3,1,2,105,3,2,2,1,easy-moderate
90,3,3,1,106,3,1,2,69,4,2,2,1,easy-moderate
68,3,3,1,97,5,3,2,111,4,2,2,1,easy-moderate
130,4,3,1,61,4,2,1,102,3,2,1,1,easy-moderate
66,4,1,2,65,4,2,1,107,4,1,2,1,easy-moderate
103,4,3,1,130,5,2,1,56,4,1,2,1,easy-moderate
69,4,3,2,129,4,1,1,110,4,1,1,1,easy-moderate
65,4,1,2,121,4,1,1,107,4,2,2,1,easy-moderate
76,4,2,1,55,5,2,1,101,5,1,1,1,easy-moderate
121,5,1,1,108,4,1,1,81,5,2,1,1,easy-moderate
114,4,3,2,76,5,2,1,80,3,1,2,1,easy-moderate
95,3,1,2,55,5,1,1,66,4,1,1,1,easy-moderate
76,5,2,1,70,4,2,1,61,4,1,1,1,easy-moderate
118,5,2,2,80,3,3,2,103,4,3,2,1,easy-moderate
72,5,2,1,60,4,3,2,126,4,1,1,1,easy-moderate
123,3,3,2,72,3,2,1,100,4,1,2,1,easy-moderate
124,5,1,1,122,5,1,2,106,4,2,1,1,easy-moderate
86,3,3,1,68,3,1,1,122,5,2,2,1,easy-moderate
121,4,1,1,56,4,2,1,90,4,1,1,1,easy-moderate
94,4,2,2,62,4,3,2,126,5,1,1,1,easy-moderate
120,5,3,2,102,3,2,1,59,5,2,1,1,easy-moderate
89,3,2,2,90,3,2,1,96,4,1,1,1,easy-moderate
126,3,3,2,83,4,2,2,115,3,1,2,1,easy-moderate
91,3,1,2,88,3,2,1,117,3,2,2,1,easy-moderate
82,3,1,1,104,5,3,1,107,5,2,1,1,easy-moderate
114,3,2,1,96,3,2,2,58,3,3,1,1,easy-moderate
90,3,3,2,55,4,2,2,83,4,1,1,1,easy-moderate
91,3,3,1,103,4,1,1,96,5,1,1,1,easy-moderate
129,4,1,2,105,3,2,2,114,3,2,2,1,easy-moderate
60,3,1,1,72,3,1,2,95,4,3,1,1,easy-moderate
104,5,3,1,120,3,3,1,125,5,3,2,1,easy-moderate
98,4,2,1,103,3,2,2,125,5,2,1,1,easy-moderate
104,4,3,1,119,4,3,2,109,5,2,2,1,easy-moderate
124,4,1,1,117,5,1,2,68,5,3,2,1,easy-moderate
80,3,1,2,99,5,1,2,94,4,2,1,1,easy-moderate
126,5,3,1,66,5,3,2,127,5,2,1,1,easy-moderate
56,4,1,1,114,3,3,1,107,5,2,1,1,easy-moderate
115,4,3,1,101,5,3,2,108,3,1,1,1,easy-moderate
97,4,3,2,113,5,3,2,108,3,2,1,1,easy-moderate
82,4,3,1,119,4,1,2,82,5,3,1,1,easy-moderate
76,3,1,1,93,3,1,2,58,4,3,1,1,easy-moderate
68,3,3,1,87,4,3,1,95,4,3,1,1,easy-moderate
126,4,2,2,110,4,2,2,100,4,2,1,1,easy-moderate
112,4,3,2,101,5,1,2,90,5,2,2,1,easy-moderate
59,4,3,1,80,3,2,1,79,5,2,1,1,easy-moderate
111,4,1,1,90,5,3,1,100,5,3,2,1,easy-moderate
114,4,2,2,72,5,2,2,122,5,1,2,1,easy-moderate
77,3,1,1,116,4,1,1,59,3,1,1,1,easy-moderate
67,5,1,2,117,5,1,2,125,4,1,2,1,easy-moderate
116,5,1,1,110,4,3,1,57,5,3,2,1,easy-moderate
62,3,1,1,77,5,3,1,66,3,1,1,1,easy-moderate
99,5,1,1,103,5,2,1,108,4,1,1,1,easy-moderate
99,5,2,1,57,5,1,1,85,5,1,2,1,easy-moderate
88,3,3,1,82,4,2,1,102,3,2,1,1,easy-moderate
91,3,3,2,129,3,1,2,76,3,3,2,1,easy-moderate
63,5,3,2,117,3,3,1,84,5,2,1,1,easy-moderate
91,3,2,2,65,4,2,1,118,4,1,1,1,easy-moderate
109,5,1,2,109,4,1,1,75,3,3,2,1,easy-moderate
82,3,3,2,75,5,3,2,86,5,3,1,1,easy-moderate
92,5,3,2,117,3,3,2,55,4,1,1,1,easy-moderate
101,4,3,1,104,4,3,2,130,4,2,1,1,easy-moderate
83,3,1,2,57,5,2,2,64,5,2,1,1,easy-moderate
58,3,3,2,55,3,1,2,123,5,2,2,1,easy-moderate
59,4,3,1,128,3,2,2,90,3,1,1,1,easy-moderate
90,4,3,2,68,3,3,2,105,4,3,1,1,easy-moderate
76,5,1,2,65,3,2,1,77,5,3,1,1,easy-moderate
60,3,1,1,127,5,2,1,87,5,2,1,1,easy-moderate
80,3,3,2,56,3,3,2,122,3,3,1,1,easy-moderate
81,5,2,2,97,5,2,2,113,5,3,1,1,easy-moderate
120,4,2,2,96,5,2,2,125,4,3,1,1,easy-moderate
130,3,3,1,63,3,1,2,75,3,1,1,1,easy-moderate
116,4,3,1,109,4,3,1,84,4,1,1,1,easy-moderate
124,3,2,1,107,3,3,2,123,4,3,2,1,easy-moderate
86,4,3,1,98,5,1,2,120,3,1,2,1,easy-moderate
119,4,2,1,59,5,2,2,104,5,1,1,1,easy-moderate
107,3,2,1,56,5,3,1,59,4,1,1,1,easy-moderate
118,3,2,1,69,4,1,1,92,5,3,1,1,easy-moderate
113,4,1,2,123,5,1,1,118,4,2,2,1,easy-moderate
59,5,2,1,92,5,2,2,83,3,2,1,1,easy-moderate
99,5,3,2,98,3,1,1,92,3,2,1,1,easy-moderate
58,5,3,2,91,3,2,1,68,4,1,2,1,easy-moderate
94,4,3,1,125,4,3,1,62,5,1,2,1,easy-moderate
119,3,1,2,95,4,1,2,110,4,3,2,1,easy-moderate
63,5,2,1,68,3,3,1,101,5,1,2,1,easy-moderate
76,4,3,2,117,4,1,2,70,3,3,1,1,easy-moderate
107,3,2,1,74,5,2,1,67,5,1,2,1,easy-moderate
105,3,3,2,126,4,2,1,80,3,3,1,1,easy-moderate
95,3,2,1,65,5,2,2,68,4,2,1,1,easy-moderate
90,5,1,2,101,3,2,1,84,4,1,2,1,easy-moderate
94,4,2,2,78,5,1,1,70,4,3,1,1,easy-moderate
56,5,2,1,90,4,2,1,116,3,3,2,1,easy-moderate
102,4,3,1,72,3,2,1,102,3,1,1,1,easy-moderate
129,4,3,1,90,4,2,1,106,5,3,1,1,easy-moderate
120,3,2,1,129,4,2,2,109,3,1,1,1,easy-moderate
70,4,2,1,120,5,3,2,88,3,3,1,1,easy-moderate
84,5,2,2,62,5,3,2,57,5,1,1,1,easy-moderate
120,5,1,2,76,5,3,2,95,5,1,1,1,easy-moderate
59,4,3,1,120,3,1,2,75,4,1,2,1,easy-moderate
92,5,1,1,116,3,3,2,70,4,3,1,1,easy-moderate
81,4,3,1,59,4,1,2,66,5,3,2,1,easy-moderate
56,5,1,1,113,3,1,2,114,3,3,2,1,easy-moderate
60,3,1,2,70,4,3,2,100,5,2,1,1,easy-moderate
57,4,2,2,61,3,3,1,122,5,1,2,1,easy-moderate
67,5,2,1,125,4,2,1,111,4,3,2,1,easy-moderate
80,5,1,1,63,5,3,1,102,4,2,2,1,easy-moderate
77,3,3,2,78,4,3,1,129,3,2,2,1,easy-moderate
64,3,1,2,67,5,3,1,123,3,1,1,1,easy-moderate
92,3,1,1,56,5,1,2,78,5,1,1,1,easy-moderate
91,4,1,2,93,4,3,2,55,4,1,1,1,easy-moderate
113,4,1,1,60,4,3,2,121,3,2,1,1,easy-moderate
58,4,3,1,94,3,3,1,62,5,2,2,1,easy-moderate
124,4,2,1,118,5,3,2,74,4,3,2,1,easy-moderate
83,5,1,1,102,4,3,2,91,4,1,2,1,easy-moderate
86,4,2,2,115,4,1,1,116,5,1,2,1,easy-moderate
63,5,1,2,72,4,2,2,106,4,2,1,1,easy-moderate
85,3,1,2,115,3,1,2,87,5,2,1,1,easy-moderate
57,3,1,2,86,3,2,2,58,3,2,1,1,easy-moderate
55,3,2,2,64,3,1,2,64,3,3,2,1,easy-moderate
61,4,2,2,106,4,3,2,62,4,3,2,1,easy-moderate
119,3,3,1,66,5,2,2,108,5,1,2,1,easy-moderate
66,5,2,2,57,4,2,1,119,4,2,2,1,easy-moderate
60,5,1,1,103,3,1,1,87,4,2,1,1,easy-moderate
114,5,2,1,88,4,2,1,101,4,3,1,1,easy-moderate
118,4,3,2,130,4,2,1,58,4,2,1,1,easy-moderate
126,3,3,1,70,3,3,2,99,4,3,2,1,easy-moderate
76,3,2,1,123,5,3,1,79,4,1,1,1,easy-moderate
90,3,2,2,113,4,3,2,94,3,1,1,1,easy-moderate
81,3,3,1,113,4,2,2,114,5,2,2,1,easy-moderate
82,4,2,2,57,5,2,2,61,5,3,1,1,easy-moderate
69,4,3,1,67,5,1,2,117,4,3,2,1,easy-moderate
86,5,3,2,113,5,1,2,76,5,3,2,1,easy-moderate
87,5,3,2,89,3,1,1,99,4,1,1,1,easy-moderate
120,4,1,1,128,3,1,2,85,3,2,1,1,easy-moderate
114,3,3,2,67,5,2,1,76,3,1,2,1,easy-moderate
106,5,1,1,79,5,3,2,99,4,2,2,1,easy-moderate
64,4,3,2,58,4,1,2,121,4,2,2,1,easy-moderate
85,4,3,2,110,5,3,1,77,3,3,2,1,easy-moderate
121,5,3,2,88,4,1,1,110,4,1,2,1,easy-moderate
87,5,2,1,65,5,1,1,81,3,3,1,1,easy-moderate
106,4,3,1,113,3,3,2,87,3,1,2,1,easy-moderate
96,5,2,1,84,4,3,1,107,4,1,2,1,easy-moderate
125,4,3,2,58,5,3,1,94,4,3,2,1,easy-moderate
65,3,2,1,57,4,1,1,83,4,1,2,1,easy-moderate
64,3,2,2,109,4,1,2,77,5,1,1,1,easy-moderate
121,5,3,2,78,5,3,2,104,3,3,1,1,easy-moderate
55,4,3,2,82,4,1,1,107,5,3,2,1,easy-moderate
95,5,1,2,123,3,2,2,66,3,2,2,1,easy-moderate
117,4,1,1,108,5,2,1,67,3,3,1,1,easy-moderate
95,3,1,1,77,5,3,2,81,3,1,2,1,easy-moderate
64,3,1,2,57,4,3,2,55,4,2,2,1,easy-moderate
107,3,3,2,78,3,1,2,63,3,2,1,1,easy-moderate
129,4,1,2,122,4,1,1,113,4,3,2,1,easy-moderate
63,3,3,2,119,3,1,1,87,3,3,2,1,easy-moderate
67,5,2,1,84,3,3,2,57,3,1,1,1,easy-moderate
80,5,3,2,56,4,1,1,82,4,2,1,1,easy-moderate
124,4,3,2,118,5,1,1,110,3,1,1,1,easy-moderate
111,5,1,2,82,5,1,1,87,5,2,2,1,easy-moderate
60,3,2,2,82,4,1,2,96,5,3,2,1,easy-moderate
94,3,1,2,93,4,2,2,84,4,1,1,1,easy-moderate
61,4,3,2,78,3,3,2,66,5,3,2,1,easy-moderate
128,4,1,1,104,5,2,1,119,3,2,1,1,easy-moderate
104,3,2,1,99,5,2,2,77,3,2,1,1,easy-moderate
79,4,1,2,61,3,2,1,74,5,1,2,1,easy-moderate
111,3,2,1,95,4,3,2,62,5,3,2,1,easy-moderate
62,5,2,2,62,4,1,2,111,3,2,2,1,easy-moderate
94,5,1,2,116,5,1,2,95,4,3,1,1,easy-moderate
84,3,3,2,99,3,1,1,82,3,3,2,1,easy-moderate
120,3,1,1,56,3,2,1,69,4,2,2,1,easy-moderate
61,4,2,2,81,4,3,1,97,5,3,1,1,easy-moderate
57,5,2,2,105,4,1,2,68,4,3,1,1,easy-moderate
64,5,3,1,103,5,3,2,124,3,2,1,1,easy-moderate
101,3,2,1,111,5,3,1,82,3,1,1,1,easy-moderate
93,5,1,2,113,5,1,1,70,4,3,1,1,easy-moderate
97,4,2,2,56,4,3,2,88,4,2,1,1,easy-moderate
113,4,1,2,126,4,3,1,105,4,1,1,1,easy-moderate
82,4,1,2,86,3,1,2,81,4,2,2,1,easy-moderate
92,5,2,1,80,4,1,2,117,5,2,2,1,easy-moderate
96,5,1,2,55,5,3,2,58,5,3,1,1,easy-moderate
85,5,2,2,58,3,2,1,57,4,3,1,1,easy-moderate
117,3,2,2,105,4,3,1,95,3,3,1,1,easy-moderate
88,4,3,2,62,4,1,1,60,3,1,1,1,easy-moderate
86,4,3,1,108,5,1,1,73,4,1,2,1,easy-moderate
74,3,1,2,81,5,1,1,98,4,1,1,1,easy-moderate
73,4,3,1,119,3,3,1,118,5,1,1,1,easy-moderate
94,5,1,1,114,4,2,2,112,4,2,2,1,easy-moderate
122,4,1,2,116,5,2,2,87,5,2,2,1,easy-moderate
57,5,2,1,89,5,2,2,117,4,3,2,1,easy-moderate
103,5,1,2,87,5,1,2,114,3,2,2,1,easy-moderate
65,4,1,2,81,5,1,2,78,4,3,2,1,easy-moderate
56,4,3,2,85,4,1,1,120,3,1,2,1,easy-moderate
69,4,1,2,118,3,3,1,62,4,3,1,1,easy-moderate
85,5,3,1,102,5,3,1,99,4,1,2,1,easy-moderate
99,3,1,2,119,4,1,2,125,5,1,1,1,easy-moderate
85,3,3,2,103,5,2,1,112,3,1,2,1,easy-moderate
64,4,3,1,121,5,2,2,102,4,1,1,1,easy-moderate
95,3,1,1,83,5,1,2,55,3,2,2,1,easy-moderate
124,3,1,2,58,3,2,2,85,3,1,1,1,easy-moderate
56,5,2,2,125,3,1,1,68,4,2,2,1,easy-moderate
99,5,3,1,102,5,1,1,56,3,3,1,1,easy-moderate
98,4,1,2,123,5,3,2,76,3,3,2,1,easy-moderate
71,4,3,2,103,5,3,1,116,4,1,2,1,easy-moderate
55,3,3,2,72,4,1,2,55,4,2,1,1,easy-moderate
72,4,2,2,78,3,2,1,92,4,1,1,1,easy-moderate
94,4,1,1,64,5,2,2,83,5,1,2,1,easy-moderate
57,4,1,1,76,4,3,1,87,5,2,1,1,easy-moderate
60,4,2,1,56,3,3,2,96,4,2,1,1,easy-moderate
56,3,2,2,67,3,3,1,115,4,3,2,1,easy-moderate
127,4,2,1,112,4,1,1,81,4,2,1,1,easy-moderate
130,3,3,2,99,5,1,2,108,3,1,2,1,easy-moderate
128,5,3,1,96,5,3,1,92,3,3,1,1,easy-moderate
102,5,2,2,87,4,1,2,79,4,1,2,1,easy-moderate
83,5,2,2,100,3,1,1,126,5,1,1,1,easy-moderate
78,3,2,1,68,5,1,2,94,5,2,1,1,easy-moderate
70,3,1,1,77,5,2,2,65,3,2,1,1,easy-moderate
96,4,2,2,56,4,2,2,111,4,1,1,1,easy-moderate
89,3,3,2,111,5,3,1,71,4,2,2,1,easy-moderate
102,5,1,1,57,5,3,2,125,5,3,1,1,easy-moderate
110,4,3,2,70,4,1,1,114,3,3,2,1,easy-moderate
111,5,1,2,73,5,3,2,78,5,1,2,1,easy-moderate
90,3,2,1,68,3,3,1,112,5,1,2,1,easy-moderate
74,5,3,2,107,4,1,2,118,5,1,1,1,easy-moderate
83,5,1,2,113,3,2,2,110,4,1,1,1,easy-moderate
96,4,1,1,105,4,1,2,71,3,3,1,1,easy-moderate
76,4,2,2,111,3,2,2,125,3,1,2,1,easy-moderate
73,4,2,1,55,5,2,1,95,4,1,1,1,easy-moderate
64,5,2,1,107,4,3,2,95,4,2,2,1,easy-moderate
63,3,2,2,125,3,1,1,122,3,1,2,1,easy-moderate
93,4,1,2,60,4,3,2,104,5,2,2,1,easy-moderate
107,5,1,2,59,4,3,1,89,5,1,1,1,easy-moderate
70,4,1,1,83,5,3,1,75,4,1,1,1,easy-moderate
109,3,2,1,93,3,3,2,55,5,1,1,1,easy-moderate
95,5,3,1,61,3,1,1,65,3,2,2,1,easy-moderate
83,3,3,2,93,4,3,1,114,3,3,2,1,easy-moderate
115,3,3,2,90,5,2,1,89,5,1,2,1,easy-moderate
72,4,1,2,61,5,3,1,85,3,3,2,1,easy-moderate
101,5,3,1,58,5,1,2,110,5,2,2,1,easy-moderate
94,5,1,1,84,5,1,2,112,5,2,1,1,easy-moderate
60,4,1,1,66,5,2,2,115,5,2,1,1,easy-moderate
127,3,1,1,88,4,1,2,77,4,1,2,1,easy-moderate
69,3,2,2,73,5,2,1,98,4,2,1,1,easy-moderate
126,4,3,1,65,5,3,1,95,3,2,2,1,easy-moderate
84,4,1,1,96,3,2,2,64,4,1,1,1,easy-moderate
106,5,2,1,55,3,2,2,73,4,2,2,1,easy-moderate
130,3,3,2,74,3,3,2,86,5,3,1,1,easy-moderate
101,5,3,1,102,5,3,2,123,4,2,1,1,easy-moderate
113,5,3,1,125,5,2,2,75,4,2,2,1,easy-moderate
125,5,3,2,105,3,3,2,129,4,2,1,1,easy-moderate
80,4,2,1,63,3,2,2,114,3,3,1,1,easy-moderate
57,5,1,1,128,5,2,2,57,4,1,2,1,easy-moderate
111,5,3,2,74,4,1,1,123,4,3,1,1,easy-moderate
124,4,3,2,90,3,1,2,68,3,1,2,1,easy-moderate
103,5,3,1,76,3,3,2,119,4,2,2,1,easy-moderate
97,3,1,2,110,3,3,2,106,5,1,1,1,easy-moderate
89,3,2,2,56,4,2,2,110,3,1,2,1,easy-moderate
102,3,1,2,86,5,2,1,106,5,3,1,1,easy-moderate
79,5,3,1,73,4,1,1,85,4,3,1,1,easy-moderate
93,3,2,1,111,4,3,2,94,5,2,2,1,easy-moderate
60,4,1,2,65,5,2,2,65,5,1,1,1,easy-moderate
117,3,2,2,115,4,3,1,69,3,1,1,1,easy-moderate
108,3,1,1,121,4,1,1,60,3,2,1,1,easy-moderate
72,5,2,2,87,3,3,1,89,3,3,2,1,easy-moderate
90,5,3,2,93,3,1,1,102,3,1,1,1,easy-moderate
92,3,2,1,101,4,2,2,110,4,1,2,1,easy-moderate
106,3,2,2,109,3,2,1,88,4,2,1,1,easy-moderate
115,4,3,1,88,3,3,2,84,5,1,2,1,easy-moderate
69,4,1,1,61,3,3,1,109,3,1,2,1,easy-moderate
71,5,1,2,114,5,1,1,56,3,1,2,1,easy-moderate
99,4,3,1,81,4,3,2,79,4,2,1,1,easy-moderate
69,3,2,1,114,4,2,1,85,3,2,2,1,easy-moderate
92,3,3,1,87,4,1,1,63,5,3,2,1,easy-moderate
89,4,2,1,80,4,3,1,58,4,1,2,1,easy-moderate
68,5,1,2,88,4,2,1,80,4,1,1,1,easy-moderate
107,5,1,2,63,4,3,1,101,3,1,2,1,easy-moderate
81,3,2,2,110,5,2,2,81,5,2,2,1,easy-moderate
117,4,1,1,128,4,2,2,91,3,2,2,1,easy-moderate
77,4,1,2,127,5,3,1,104,3,1,2,1,easy-moderate
62,3,3,1,88,3,2,2,63,3,3,2,1,easy-moderate
92,3,2,2,85,5,2,1,64,3,1,2,1,easy-moderate
73,3,2,2,78,4,3,1,116,4,1,2,1,easy-moderate
96,3,3,1,87,3,3,1,74,5,2,1,1,easy-moderate
64,4,1,1,127,4,1,1,111,5,1,1,1,easy-moderate
106,4,2,1,104,3,2,2,75,3,3,2,1,easy-moderate
122,3,1,2,125,4,3,1,71,3,2,2,1,easy-moderate
92,4,1,1,58,3,2,2,106,5,3,2,1,easy-moderate
107,4,1,2,95,3,1,1,110,3,2,1,1,easy-moderate
119,5,3,1,67,5,1,1,90,3,2,2,1,easy-moderate
93,4,2,2,58,4,1,1,116,5,2,1,1,easy-moderate
56,4,2,1,92,4,1,2,121,4,3,1,1,easy-moderate
85,3,1,1,72,5,3,2,118,5,2,2,1,easy-moderate
77,5,3,2,62,4,3,1,84,4,3,1,1,easy-moderate
98,5,2,1,122,4,3,2,62,5,3,1,1,easy-moderate
66,3,2,1,85,5,3,1,58,4,1,1,1,easy-moderate
122,3,1,2,100,4,1,1,106,4,1,1,1,easy-moderate
121,3,1,1,76,3,1,1,103,3,2,1,1,easy-moderate
113,5,2,1,79,5,3,2,89,4,3,1,1,easy-moderate
105,4,2,2,82,4,3,2,98,4,3,1,1,easy-moderate
115,4,1,1,99,5,2,2,84,4,2,1,1,easy-moderate
82,5,3,1,126,3,2,2,99,3,2,2,1,easy-moderate
109,4,3,1,120,5,2,1,91,3,3,2,1,easy-moderate
89,5,3,1,87,5,1,2,75,5,1,2,1,easy-moderate
91,3,1,2,55,5,2,1,92,4,2,1,1,easy-moderate
60,3,3,1,76,4,2,2,75,4,1,1,1,easy-moderate
74,5,3,1,65,5,2,2,67,4,1,1,1,easy-moderate
71,5,1,1,70,5,2,2,59,5,1,1,1,easy-moderate
67,3,2,1,117,4,2,2,96,5,2,1,1,easy-moderate
78,5,2,1,103,5,2,2,82,3,3,2,1,easy-moderate
93,3,1,2,122,5,1,2,99,4,3,2,1,easy-moderate
69,4,3,1,94,5,2,2,75,4,1,1,1,easy-moderate
75,5,1,1,79,3,3,1,70,3,2,1,1,easy-moderate
70,4,3,1,106,5,2,1,123,5,3,1,1,easy-moderate
99,4,1,2,103,4,3,2,63,4,2,2,1,easy-moderate
112,3,2,1,97,3,2,2,75,4,2,2,1,easy-moderate
100,5,2,1,80,4,1,2,82,3,3,1,1,easy-moderate
108,3,2,1,65,4,1,1,69,5,2,2,1,easy-moderate
74,5,1,1,79,4,3,1,76,5,1,1,1,easy-moderate
95,4,1,1,82,4,2,2,121,4,1,2,1,easy-moderate
66,3,3,1,69,4,1,2,126,5,2,1,1,easy-moderate
107,5,3,2,73,5,2,1,98,3,3,1,1,easy-moderate
60,3,2,1,83,3,2,1,108,5,3,1,1,easy-moderate
94,5,3,2,103,5,1,1,130,3,2,2,1,easy-moderate
120,5,3,1,73,5,1,2,76,3,3,1,1,easy-moderate
90,5,3,2,67,4,3,1,69,5,2,2,1,easy-moderate
78,4,1,1,64,3,3,2,102,3,3,2,1,easy-moderate
105,5,1,2,97,4,1,1,118,4,1,2,1,easy-moderate
107,4,1,1,123,4,2,1,92,3,1,1,1,easy-moderate
113,4,2,1,60,5,2,1,81,5,1,1,1,easy-moderate
108,5,1,1,120,4,2,2,70,3,3,2,1,easy-moderate
63,4,2,2,78,4,2,2,99,3,2,1,1,easy-moderate
121,3,1,1,93,4,3,1,106,3,3,1,1,easy-moderate
55,4,2,1,94,5,3,2,123,4,3,1,1,easy-moderate
90,3,1,2,119,5,2,2,118,4,3,2,1,easy-moderate
121,4,3,1,73,5,3,2,93,4,1,2,1,easy-moderate
73,5,1,2,75,4,1,2,79,3,1,2,1,easy-moderate
55,4,3,2,64,3,2,2,117,3,3,2,1,easy-moderate
68,4,3,2,117,5,1,1,59,3,1,1,1,easy-moderate
112,5,2,1,91,3,2,2,88,5,1,2,1,easy-moderate
94,5,3,1,127,5,2,1,59,5,2,1,1,easy-moderate
72,4,2,1,64,5,2,1,77,3,1,2,1,easy-moderate
95,5,1,1,66,4,1,1,58,3,2,2,1,easy-moderate
87,5,2,2,103,5,3,1,106,4,3,1,1,easy-moderate
96,4,1,2,119,5,3,1,88,3,2,1,1,easy-moderate
97,3,2,2,123,3,3,2,80,3,1,1,1,easy-moderate
104,4,3,1,123,3,3,2,118,5,3,2,1,easy-moderate
56,5,3,1,114,3,2,2,117,3,3,1,1,easy-moderate
80,3,2,2,91,3,3,2,85,4,2,1,1,easy-moderate
102,4,3,2,87,5,1,2,89,5,1,1,1,easy-moderate
86,3,3,1,77,3,1,2,127,5,3,1,1,easy-moderate
80,3,1,1,87,5,3,1,116,4,1,1,1,easy-moderate
119,4,2,2,97,5,1,1,91,4,2,1,1,easy-moderate
118,4,2,2,94,3,2,2,70,3,2,2,1,easy-moderate
69,4,3,2,97,5,2,2,85,3,3,2,1,easy-moderate
110,5,3,1,102,3,1,1,80,3,3,2,1,easy-moderate
75,5,1,1,55,5,3,2,123,3,2,1,1,easy-moderate
63,3,2,2,71,4,3,1,120,4,1,2,1,easy-moderate
96,3,2,1,109,4,1,2,59,4,3,1,1,easy-moderate
106,5,1,2,128,4,3,2,106,4,2,1,1,easy-moderate
128,3,1,2,68,5,3,2,65,4,1,2,1,easy-moderate
106,5,3,2,106,4,2,1,57,4,1,1,1,easy-moderate
94,5,3,1,80,4,1,2,76,5,2,2,1,easy-moderate
107,4,1,1,88,3,3,1,113,3,1,1,1,easy-moderate
97,4,1,1,114,4,2,1,89,4,1,1,1,easy-moderate
126,3,1,2,63,4,1,1,85,5,1,1,1,easy-moderate
111,5,3,1,89,4,3,2,79,3,2,1,1,easy-moderate
55,4,3,1,86,5,3,2,60,4,1,1,1,easy-moderate
96,3,2,1,99,3,2,2,72,4,3,1,1,easy-moderate
67,3,1,2,129,5,2,1,93,5,1,1,1,easy-moderate
109,4,2,1,91,5,1,2,96,3,3,1,1,easy-moderate
103,5,1,1,65,3,1,1,64,5,1,2,1,easy-moderate
104,3,3,2,67,5,2,2,120,4,3,1,1,easy-moderate
122,3,3,1,56,5,2,1,115,5,3,2,1,easy-moderate
70,5,1,1,111,3,2,2,88,4,1,2,1,easy-moderate
76,3,3,2,81,5,1,2,123,4,2,1,1,easy-moderate
107,5,3,1,118,4,3,2,57,5,3,2,1,easy-moderate
72,5,3,1,125,4,3,2,88,5,2,2,1,easy-moderate
99,5,3,2,72,3,3,2,104,3,2,1,1,easy-moderate
126,5,2,2,73,3,3,1,81,3,3,1,1,easy-moderate
89,3,3,1,128,3,1,2,57,3,1,2,1,easy-moderate
101,3,3,2,123,3,2,1,78,4,1,1,1,easy-moderate
87,5,2,2,75,3,2,1,103,3,1,2,1,easy-moderate
81,5,1,1,62,5,3,2,77,4,1,2,1,easy-moderate
62,3,1,2,106,4,2,2,108,5,1,1,1,easy-moderate
77,5,1,1,104,5,2,1,70,4,3,2,1,easy-moderate
93,4,3,1,97,5,1,1,107,5,2,1,1,easy-moderate
56,4,3,1,107,5,1,2,61,5,3,2,1,easy-moderate
68,3,2,1,111,5,2,2,61,4,2,1,1,easy-moderate
118,4,2,2,58,5,1,2,120,3,1,1,1,easy-moderate
84,3,2,2,90,5,3,1,123,3,2,2,1,easy-moderate
58,5,2,1,108,5,1,1,64,5,3,2,1,easy-moderate
98,4,1,2,92,3,3,1,80,5,1,1,1,easy-moderate
66,4,3,2,124,4,1,1,119,3,2,2,1,easy-moderate
127,4,3,1,55,5,3,2,58,5,2,1,1,easy-moderate
79,4,3,2,102,4,3,2,92,5,1,2,1,easy-moderate
64,4,2,1,80,5,3,2,66,3,2,2,1,easy-moderate
64,5,3,2,61,3,3,2,96,5,1,1,1,easy-moderate
109,4,3,2,62,5,1,2,108,4,1,1,1,easy-moderate
113,4,1,2,75,4,1,2,73,2,2,2,2,easy-high
72,4,1,3,106,3,1,2,52,3,2,3,2,easy-high
103,2,2,2,83,4,2,3,111,3,1,2,2,easy-high
107,2,1,3,61,3,1,3,68,2,2,2,2,easy-high
80,4,2,3,81,2,1,2,91,2,2,2,2,easy-high
115,3,1,3,61,3,1,2,81,4,2,2,2,easy-high
58,3,1,2,88,2,1,3,50,4,1,3,2,easy-high
70,2,1,3,113,2,2,2,75,3,2,2,2,easy-high
82,3,1,3,77,4,1,3,108,2,1,3,2,easy-high
69,2,2,2,87,3,1,2,59,2,1,3,2,easy-high
91,2,1,2,74,4,2,2,105,2,1,2,2,easy-high
72,2,2,3,87,2,1,3,102,2,2,2,2,easy-high
119,3,2,2,52,4,1,3,72,3,2,2,2,easy-high
95,4,1,3,104,2,1,3,83,2,2,3,2,easy-high
57,2,2,3,54,2,1,3,76,4,2,2,2,easy-high
82,4,2,2,55,2,1,2,117,3,2,2,2,easy-high
85,3,2,2,111,3,1,2,78,3,1,3,2,easy-high
105,3,2,3,93,4,2,2,76,2,2,3,2,easy-high
80,3,1,2,93,4,1,3,86,2,2,2,2,easy-high
63,3,1,3,85,2,1,3,96,3,1,2,2,easy-high
65,3,1,3,84,2,2,3,87,2,1,3,2,easy-high
77,2,2,3,76,3,1,3,52,2,1,2,2,easy-high
112,4,1,3,77,2,2,2,113,3,1,2,2,easy-high
93,3,2,2,102,4,1,3,103,3,2,2,2,easy-high
116,2,2,3,75,4,2,3,80,4,1,3,2,easy-high
114,2,2,2,68,4,2,2,66,4,2,3,2,easy-high
113,3,2,3,97,4,1,2,101,2,1,3,2,easy-high
70,2,2,2,96,2,2,2,100,2,2,3,2,easy-high
71,3,2,2,67,2,1,2,103,2,1,3,2,easy-high
75,4,2,2,95,2,2,2,111,3,1,3,2,easy-high
95,3,2,3,70,2,1,2,117,3,2,2,2,easy-high
114,4,1,2,90,4,2,3,111,2,1,3,2,easy-high
119,2,1,3,94,2,1,2,83,3,2,3,2,easy-high
65,3,1,3,77,3,2,2,92,2,1,3,2,easy-high
87,4,1,3,66,3,2,3,62,3,2,3,2,easy-high
120,4,1,2,65,2,1,3,112,4,1,2,2,easy-high
56,3,1,3,78,4,1,3,63,3,2,2,2,easy-high
84,2,1,3,78,2,2,2,62,2,1,3,2,easy-high
88,3,1,2,106,4,1,3,89,4,2,3,2,easy-high
63,3,2,2,81,3,2,3,120,4,2,2,2,easy-high
81,3,1,2,71,3,2,2,63,4,1,2,2,easy-high
86,3,1,2,76,2,2,2,82,4,1,2,2,easy-high
106,3,2,2,111,2,1,3,50,2,2,3,2,easy-high
83,4,1,2,95,2,1,3,109,3,1,2,2,easy-high
72,4,2,2,69,3,1,2,58,4,2,2,2,easy-high
96,4,1,3,77,2,1,2,50,4,1,2,2,easy-high
99,4,2,3,50,2,1,2,76,4,1,3,2,easy-high
107,3,1,2,68,2,2,3,57,3,2,3,2,easy-high
107,4,1,3,54,3,2,3,106,4,2,3,2,easy-high
108,2,2,3,110,3,2,2,81,3,1,3,2,easy-high
88,2,1,3,102,3,2,3,75,3,1,2,2,easy-high
94,4,1,2,102,3,2,3,101,3,1,3,2,easy-high
86,3,1,3,75,4,1,2,87,3,2,3,2,easy-high
79,3,2,2,98,3,1,2,91,4,1,2,2,easy-high
90,3,2,2,86,2,2,3,91,3,1,3,2,easy-high
96,3,1,2,83,3,1,2,103,4,2,2,2,easy-high
102,2,1,3,96,4,1,3,83,2,2,2,2,easy-high
62,4,1,3,77,3,1,2,86,4,2,3,2,easy-high
84,2,1,3,75,2,1,3,81,3,1,2,2,easy-high
55,3,1,2,94,3,2,3,59,2,1,2,2,easy-high
89,3,1,3,89,3,2,3,102,3,2,3,2,easy-high
115,2,1,3,87,3,2,2,115,3,2,3,2,easy-high
68,4,1,2,107,3,1,2,84,4,1,2,2,easy-high
75,4,2,3,55,4,2,2,97,3,1,3,2,easy-high
115,2,2,3,62,4,1,2,67,3,1,2,2,easy-high
57,2,1,3,108,3,2,2,80,3,2,2,2,easy-high
87,3,2,3,119,4,1,3,77,3,1,3,2,easy-high
81,3,2,3,113,3,1,2,114,4,1,3,2,easy-high
71,4,2,2,96,2,1,3,115,3,1,3,2,easy-high
61,3,2,2,99,4,2,2,100,2,2,2,2,easy-high
80,4,1,3,116,4,1,3,80,4,1,3,2,easy-high
67,3,1,3,57,4,2,2,67,2,2,2,2,easy-high
110,4,2,3,58,3,2,3,94,2,2,2,2,easy-high
56,3,1,3,93,4,2,3,55,3,2,2,2,easy-high
59,3,2,3,112,3,2,3,73,4,1,3,2,easy-high
75,4,1,3,72,4,2,2,75,2,2,3,2,easy-high
109,2,2,2,69,2,2,3,81,2,2,3,2,easy-high
79,4,2,2,67,3,1,2,86,4,2,2,2,easy-high
88,3,1,3,62,3,1,3,104,2,1,2,2,easy-high
59,2,1,3,82,4,2,3,100,3,1,2,2,easy-high
77,3,1,3,119,4,1,2,98,4,1,2,2,easy-high
71,2,2,2,79,3,1,3,120,2,1,3,2,easy-high
52,3,1,2,107,2,1,3,51,4,1,3,2,easy-high
106,2,2,3,100,4,2,3,77,2,1,3,2,easy-high
63,3,1,2,110,2,2,3,81,2,2,2,2,easy-high
100,2,1,2,90,3,2,2,89,3,1,3,2,easy-high
100,3,1,2,74,3,1,3,99,2,1,3,2,easy-high
62,3,2,3,109,2,2,2,103,3,1,2,2,easy-high
64,3,2,3,88,2,1,3,52,2,2,2,2,easy-high
104,4,2,3,86,2,1,2,84,2,2,2,2,easy-high
95,4,2,3,72,4,2,3,93,4,1,3,2,easy-high
70,2,2,2,71,4,2,2,81,4,1,2,2,easy-high
113,4,2,2,78,4,2,3,69,4,1,2,2,easy-high
108,3,2,2,96,3,1,3,95,2,2,3,2,easy-high
71,4,2,2,116,3,2,3,96,4,1,3,2,easy-high
75,3,2,3,73,2,2,2,62,2,2,3,2,easy-high
59,4,2,2,85,4,2,2,76,2,1,3,2,easy-high
76,3,2,3,116,4,2,2,118,2,2,3,2,easy-high
81,3,2,3,109,4,2,2,80,3,1,3,2,easy-high
113,4,2,3,60,2,1,3,113,3,1,3,2,easy-high
64,2,2,3,93,2,1,3,59,2,2,3,2,easy-high
94,4,2,3,102,3,1,2,117,4,2,3,2,easy-high
56,2,2,2,115,2,2,3,116,2,1,2,2,easy-high
120,4,1,3,106,2,2,2,101,4,1,2,2,easy-high
77,2,2,3,94,3,1,2,100,2,2,2,2,easy-high
103,2,2,2,117,2,1,3,83,4,2,2,2,easy-high
54,3,1,3,56,2,2,2,68,4,2,3,2,easy-high
62,2,1,2,102,2,1,3,99,3,2,3,2,easy-high
66,2,1,2,72,2,2,3,79,4,1,3,2,easy-high
94,4,1,3,51,3,2,3,99,3,2,3,2,easy-high
103,3,1,3,87,2,2,2,56,2,2,3,2,easy-high
67,4,1,2,86,3,2,2,85,3,2,2,2,easy-high
70,3,1,3,96,4,1,3,50,2,1,2,2,easy-high
61,4,2,2,108,2,2,2,90,4,1,2,2,easy-high
80,2,1,2,68,4,2,3,53,3,1,3,2,easy-high
93,2,1,3,86,2,1,3,54,2,1,3,2,easy-high
63,4,1,2,79,2,1,3,104,2,1,2,2,easy-high
108,2,1,3,67,3,2,2,83,3,2,3,2,easy-high
54,2,2,3,64,4,1,2,62,2,2,2,2,easy-high
109,2,1,2,54,3,1,2,93,3,2,3,2,easy-high
111,4,2,2,84,2,1,2,51,2,2,2,2,easy-high
88,3,2,2,70,2,1,3,96,4,1,3,2,easy-high
85,3,1,3,110,2,1,2,82,4,2,3,2,easy-high
62,3,2,2,53,3,1,2,62,4,2,3,2,easy-high
69,2,2,3,53,4,2,3,58,2,1,3,2,easy-high
79,2,1,2,119,3,1,2,116,3,2,2,2,easy-high
84,4,1,2,116,2,2,2,95,3,1,3,2,easy-high
74,3,2,3,55,4,1,3,60,3,2,2,2,easy-high
63,3,1,3,80,2,1,3,60,2,1,2,2,easy-high
85,2,2,3,63,4,2,2,103,2,2,3,2,easy-high
75,4,1,3,83,4,2,2,116,3,1,3,2,easy-high
84,2,1,3,61,3,2,2,58,4,2,2,2,easy-high
97,2,2,2,65,3,1,3,80,3,2,3,2,easy-high
117,2,1,3,96,4,2,2,58,4,2,2,2,easy-high
56,3,2,3,84,3,1,3,74,3,2,2,2,easy-high
56,4,1,3,72,2,2,2,120,2,1,2,2,easy-high
52,3,2,3,113,4,1,3,104,4,1,2,2,easy-high
96,4,2,2,116,4,1,3,94,3,1,3,2,easy-high
115,4,2,2,100,2,2,3,119,4,1,3,2,easy-high
83,4,1,2,119,4,2,3,69,2,1,2,2,easy-high
83,4,2,3,59,2,1,3,81,2,1,3,2,easy-high
89,4,2,3,113,2,1,2,84,2,2,3,2,easy-high
61,2,1,2,109,4,2,2,66,2,2,3,2,easy-high
102,2,2,2,80,3,1,3,106,4,2,2,2,easy-high
72,2,2,3,106,4,1,2,78,4,2,2,2,easy-high
100,2,1,3,50,2,1,2,61,3,1,3,2,easy-high
120,2,2,2,93,2,2,2,115,4,1,2,2,easy-high
78,3,2,3,55,3,1,3,75,4,2,2,2,easy-high
113,3,2,2,98,3,1,3,85,2,1,3,2,easy-high
80,3,1,3,105,4,2,2,95,3,2,2,2,easy-high
105,3,2,3,111,4,1,2,61,3,1,3,2,easy-high
89,4,2,3,97,4,1,2,112,3,2,2,2,easy-high
55,2,2,3,70,3,2,3,67,2,2,2,2,easy-high
52,2,2,2,118,4,1,2,100,4,1,2,2,easy-high
102,2,1,2,119,2,2,2,58,4,1,3,2,easy-high
53,2,2,3,83,3,2,3,70,2,2,3,2,easy-high
67,4,1,3,92,2,1,2,63,2,2,2,2,easy-high
109,3,2,2,70,3,1,3,91,2,1,3,2,easy-high
73,4,2,2,93,2,1,3,74,3,2,3,2,easy-high
110,2,2,3,85,2,1,2,93,4,2,2,2,easy-high
120,4,1,3,60,2,1,3,78,2,2,2,2,easy-high
108,3,2,2,117,3,2,2,70,2,1,3,2,easy-high
67,4,1,3,88,2,1,3,82,2,1,2,2,easy-high
88,4,2,3,55,3,2,3,97,2,2,3,2,easy-high
63,3,2,3,57,4,2,3,69,3,1,2,2,easy-high
59,2,2,3,97,3,2,2,54,3,2,3,2,easy-high
86,4,2,2,71,3,2,3,90,2,1,3,2,easy-high
112,4,1,3,59,3,1,2,74,3,1,2,2,easy-high
117,3,1,2,91,3,1,3,112,4,1,3,2,easy-high
53,3,1,3,118,3,1,2,118,4,1,2,2,easy-high
72,4,1,3,77,4,1,3,97,3,1,3,2,easy-high
113,3,2,2,116,2,1,2,55,4,1,2,2,easy-high
81,2,2,2,99,3,2,2,81,2,1,3,2,easy-high
74,3,1,2,85,3,2,2,59,4,2,2,2,easy-high
98,3,2,3,62,4,1,2,78,4,1,3,2,easy-high
93,4,2,3,68,4,1,2,51,3,2,3,2,easy-high
107,2,1,2,64,2,1,3,74,3,2,3,2,easy-high
60,3,2,2,100,4,1,3,72,3,1,3,2,easy-high
81,2,2,2,51,2,2,3,82,3,2,3,2,easy-high
78,2,1,3,80,3,1,2,95,3,2,2,2,easy-high
101,2,1,2,67,2,1,2,97,4,1,3,2,easy-high
97,4,2,3,105,2,1,2,68,3,2,3,2,easy-high
74,2,2,2,71,3,2,3,97,2,1,3,2,easy-high
74,4,2,3,55,4,2,2,107,3,2,3,2,easy-high
87,2,2,3,108,2,1,2,69,3,2,3,2,easy-high
59,2,2,3,98,4,2,3,106,4,1,2,2,easy-high
67,2,1,3,51,4,2,2,116,3,2,3,2,easy-high
111,4,2,3,112,2,2,2,70,4,1,2,2,easy-high
80,3,2,3,114,3,2,2,94,4,1,3,2,easy-high
94,4,2,2,120,3,1,2,115,3,1,3,2,easy-high
110,4,1,3,61,2,2,2,100,3,1,2,2,easy-high
97,2,2,2,95,3,2,3,62,2,1,3,2,easy-high
93,3,2,3,118,4,2,2,71,2,1,3,2,easy-high
96,2,1,3,58,3,2,2,85,2,1,3,2,easy-high
93,2,1,2,89,3,1,3,119,2,1,3,2,easy-high
98,3,1,3,114,4,1,2,88,3,1,2,2,easy-high
115,2,1,2,77,4,2,3,69,3,2,3,2,easy-high
94,3,2,2,102,3,1,2,88,3,1,3,2,easy-high
83,2,2,2,62,3,2,2,100,2,2,2,2,easy-high
81,3,2,3,64,4,2,2,63,3,1,3,2,easy-high
69,2,2,2,109,2,2,3,106,2,2,2,2,easy-high
65,4,1,3,57,3,1,2,106,2,2,2,2,easy-high
65,3,1,3,79,2,2,3,82,3,2,2,2,easy-high
68,2,1,2,99,4,2,2,89,2,2,2,2,easy-high
81,3,1,2,109,4,1,3,105,2,1,2,2,easy-high
63,4,2,2,103,2,1,3,114,3,1,3,2,easy-high
53,3,1,2,107,4,1,2,84,4,2,2,2,easy-high
58,4,2,2,61,3,1,3,112,2,2,2,2,easy-high
109,4,1,3,55,4,2,2,108,3,2,2,2,easy-high
57,2,1,2,63,3,2,3,69,4,1,3,2,easy-high
98,4,1,2,71,2,2,3,82,4,2,3,2,easy-high
71,2,2,2,116,2,2,3,98,3,2,2,2,easy-high
105,2,2,3,97,3,1,3,111,2,2,3,2,easy-high
53,4,1,2,91,3,1,2,69,4,1,2,2,easy-high
62,3,2,3,73,4,2,3,103,2,1,3,2,easy-high
64,4,2,2,64,4,2,3,57,3,1,2,2,easy-high
58,4,1,3,109,4,1,2,111,3,2,2,2,easy-high
116,4,1,3,73,3,1,3,102,2,1,2,2,easy-high
108,4,2,2,120,2,1,2,69,4,1,2,2,easy-high
50,3,2,3,78,2,2,3,92,4,2,2,2,easy-high
68,4,2,2,107,4,2,3,82,2,1,3,2,easy-high
63,3,2,2,87,3,1,3,99,2,1,3,2,easy-high
57,4,2,2,58,4,1,2,108,2,2,3,2,easy-high
62,4,1,3,78,2,2,3,56,4,1,2,2,easy-high
53,3,2,2,77,4,2,3,58,4,2,2,2,easy-high
69,2,2,3,75,3,2,3,95,4,2,2,2,easy-high
99,2,1,3,53,3,1,3,67,4,1,3,2,easy-high
111,2,2,2,76,2,2,2,99,3,2,2,2,easy-high
89,3,1,2,51,2,1,2,94,4,2,3,2,easy-high
114,2,1,3,97,3,1,3,102,2,2,3,2,easy-high
95,4,2,2,74,2,1,3,68,4,2,2,2,easy-high
54,2,1,3,64,3,2,3,61,4,1,2,2,easy-high
118,3,1,3,83,3,1,2,117,3,2,3,2,easy-high
75,4,2,2,78,2,2,2,71,2,1,3,2,easy-high
111,3,2,3,99,4,2,2,90,2,1,3,2,easy-high
67,2,2,2,108,3,1,3,53,3,1,2,2,easy-high
114,3,2,3,111,3,2,2,114,2,2,3,2,easy-high
59,3,1,3,93,3,2,2,61,2,2,3,2,easy-high
63,2,2,3,114,3,1,3,55,2,2,2,2,easy-high
74,2,2,3,91,3,2,2,52,2,1,2,2,easy-high
109,2,2,3,69,2,2,2,66,4,2,2,2,easy-high
83,2,1,2,113,3,1,3,100,4,1,3,2,easy-high
83,4,2,3,112,2,1,3,115,4,1,2,2,easy-high
94,4,1,2,83,4,1,2,67,4,1,2,2,easy-high
74,4,1,3,53,2,1,2,108,2,1,3,2,easy-high
111,3,1,2,120,3,2,2,102,2,2,2,2,easy-high
56,2,1,2,111,3,2,3,61,3,2,2,2,easy-high
101,4,2,2,94,3,2,3,54,3,2,2,2,easy-high
85,3,1,2,92,2,1,2,69,2,1,3,2,easy-high
58,3,1,3,63,3,2,2,65,3,1,3,2,easy-high
66,2,2,2,97,3,2,3,100,2,1,3,2,easy-high
63,3,2,2,98,3,2,3,83,4,1,2,2,easy-high
120,4,2,2,85,2,1,2,59,4,2,2,2,easy-high
73,3,2,3,110,3,1,2,95,2,2,2,2,easy-high
106,2,1,2,55,3,1,2,82,3,2,2,2,easy-high
59,3,2,2,100,3,2,2,77,4,1,2,2,easy-high
93,2,2,3,100,4,1,2,73,3,2,2,2,easy-high
106,4,2,3,113,4,2,3,102,2,1,3,2,easy-high
118,4,1,2,105,3,2,3,114,3,1,2,2,easy-high
62,3,1,2,86,4,2,2,86,3,1,2,2,easy-high
67,4,2,2,70,2,2,3,82,4,1,3,2,easy-high
58,2,2,3,71,4,1,2,117,3,1,3,2,easy-high
98,3,1,3,59,3,1,3,97,4,1,2,2,easy-high
103,3,1,3,109,2,2,2,50,4,2,2,2,easy-high
90,2,1,2,103,4,1,2,93,3,1,3,2,easy-high
96,4,2,3,106,4,2,2,103,2,2,2,2,easy-high
60,4,2,2,54,3,1,3,72,2,2,3,2,easy-high
58,2,1,2,109,2,1,3,105,4,2,3,2,easy-high
110,3,2,3,83,4,1,3,113,2,2,3,2,easy-high
107,4,1,2,113,2,1,2,119,2,1,3,2,easy-high
94,4,2,2,106,4,2,2,65,4,1,2,2,easy-high
116,4,1,2,58,2,2,3,78,3,2,3,2,easy-high
54,4,2,3,92,4,2,3,57,2,2,3,2,easy-high
81,4,1,3,109,2,1,3,104,4,1,3,2,easy-high
54,4,1,3,111,2,2,3,94,2,1,3,2,easy-high
56,4,1,3,108,2,2,2,81,4,1,3,2,easy-high
92,2,1,2,110,4,1,2,106,3,2,2,2,easy-high
71,3,1,2,86,2,1,3,99,4,1,3,2,easy-high
113,4,2,2,93,2,2,3,62,4,2,3,2,easy-high
61,2,1,2,68,3,1,3,77,3,1,3,2,easy-high
94,4,1,2,73,3,1,2,67,2,2,2,2,easy-high
69,3,1,3,88,4,2,2,89,4,2,3,2,easy-high
60,3,1,3,87,4,1,2,79,4,1,3,2,easy-high
108,2,1,3,105,4,1,2,65,4,2,2,2,easy-high
67,3,1,2,101,3,2,3,107,3,2,2,2,easy-high
96,4,2,3,107,4,2,3,113,2,2,2,2,easy-high
56,3,1,3,61,2,1,3,111,2,1,2,2,easy-high
59,3,1,3,70,3,1,2,91,3,1,3,2,easy-high
68,2,1,3,93,3,2,3,105,2,1,3,2,easy-high
72,2,1,2,60,4,2,2,65,3,2,3,2,easy-high
108,2,1,3,51,3,2,2,97,4,1,2,2,easy-high
119,3,1,3,78,3,2,2,72,2,1,2,2,easy-high
88,4,1,2,65,3,2,2,58,2,2,2,2,easy-high
73,2,1,2,68,3,1,3,52,4,1,3,2,easy-high
70,3,2,3,114,3,1,3,54,4,1,2,2,easy-high
90,3,1,3,84,3,2,3,64,3,1,2,2,easy-high
110,4,1,2,81,3,2,2,78,4,2,2,2,easy-high
70,3,1,3,69,2,2,3,94,3,1,3,2,easy-high
118,4,1,2,86,4,2,3,100,2,2,2,2,easy-high
107,3,2,3,111,2,2,3,64,4,1,2,2,easy-high
104,3,1,2,91,2,1,2,84,4,2,3,2,easy-high
50,3,1,3,85,3,1,3,107,2,1,2,2,easy-high
102,4,1,2,66,4,2,3,112,2,2,2,2,easy-high
70,4,1,2,56,2,2,3,94,4,1,3,2,easy-high
58,4,1,3,63,4,1,2,95,2,1,3,2,easy-high
81,3,2,2,74,4,2,2,70,3,2,3,2,easy-high
113,3,1,3,99,3,1,2,78,4,2,3,2,easy-high
68,3,2,2,75,2,2,3,81,3,1,2,2,easy-high
81,3,1,3,99,2,2,2,94,4,1,2,2,easy-high
104,3,1,2,55,4,2,2,82,2,1,3,2,easy-high
101,2,2,2,99,2,2,3,64,3,1,2,2,easy-high
117,4,2,3,62,2,2,3,74,4,1,2,2,easy-high
94,4,1,2,95,4,1,3,87,2,2,3,2,easy-high
68,2,1,2,105,4,2,3,63,2,1,2,2,easy-high
114,2,2,2,112,3,1,2,99,4,2,3,2,easy-high
61,4,2,3,51,2,1,2,86,4,2,3,2,easy-high
110,2,1,2,106,2,1,2,65,4,2,3,2,easy-high
94,3,2,2,101,2,1,2,117,4,2,2,2,easy-high
55,4,2,3,89,2,2,3,50,2,1,3,2,easy-high
77,4,2,2,91,3,2,3,74,3,1,2,2,easy-high
59,3,1,2,106,3,2,3,89,2,2,3,2,easy-high
56,3,1,3,80,2,1,2,118,2,2,2,2,easy-high
116,4,1,3,106,2,1,3,64,2,2,3,2,easy-high
117,2,1,2,81,4,1,2,73,4,1,3,2,easy-high
87,3,2,2,103,4,2,2,81,3,2,2,2,easy-high
60,4,1,3,64,3,2,2,54,2,2,2,2,easy-high
88,2,1,3,116,3,2,3,52,3,1,3,2,easy-high
93,3,1,2,91,4,1,2,107,3,1,3,2,easy-high
63,4,1,2,56,4,1,3,115,4,1,3,2,easy-high
63,4,2,2,77,2,1,2,77,3,2,2,2,easy-high
64,2,2,3,118,4,1,3,85,4,1,3,2,easy-high
90,2,2,2,69,4,2,2,75,2,2,3,2,easy-high
99,2,2,2,102,4,2,3,110,3,2,3,2,easy-high
81,2,1,2,59,3,1,3,69,2,2,3,2,easy-high
79,4,1,2,76,3,1,2,75,2,1,3,2,easy-high
71,4,1,3,82,2,1,3,81,2,1,3,2,easy-high
109,4,1,3,113,3,2,2,52,4,2,2,2,easy-high
102,2,1,2,65,3,2,2,91,3,2,2,2,easy-high
55,4,2,2,103,3,2,3,117,3,1,3,2,easy-high
117,4,2,3,116,4,1,2,64,2,1,2,2,easy-high
92,4,2,2,97,2,1,3,112,3,1,2,2,easy-high
53,2,2,2,119,4,2,3,103,2,2,3,2,easy-high
105,3,1,3,118,3,2,2,57,2,1,3,2,easy-high
62,2,1,2,120,2,2,2,119,3,1,3,2,easy-high
81,2,2,2,97,4,2,2,73,4,2,3,2,easy-high
75,4,1,3,109,3,2,2,70,2,1,3,2,easy-high
57,3,2,3,72,2,1,3,111,3,2,2,2,easy-high
50,2,2,3,68,3,1,3,117,2,2,2,2,easy-high
118,4,1,2,120,2,2,2,106,3,2,3,2,easy-high
69,3,2,3,84,2,1,3,60,4,2,2,2,easy-high
102,2,1,2,108,2,2,3,63,2,2,3,2,easy-high
53,2,1,3,114,4,2,2,116,4,1,3,2,easy-high
56,2,1,2,52,2,1,2,93,3,1,2,2,easy-high
93,4,2,3,83,2,1,3,80,4,2,3,2,easy-high
96,4,2,3,99,4,1,2,58,4,2,2,2,easy-high
120,3,1,3,61,3,2,3,76,2,2,3,2,easy-high
117,3,2,3,105,4,2,3,78,4,1,3,2,easy-high
85,2,1,3,87,4,2,3,68,4,1,3,2,easy-high
62,4,1,2,67,3,1,3,83,3,1,3,2,easy-high
75,4,2,3,53,3,2,3,60,2,1,3,2,easy-high
69,4,1,3,53,2,2,3,80,2,1,2,2,easy-high
91,3,2,2,96,2,1,2,84,4,1,2,2,easy-high
76,3,1,2,57,3,1,3,55,3,2,3,2,easy-high
94,4,1,2,117,4,2,3,52,3,2,3,2,easy-high
75,4,1,3,115,4,2,3,74,4,1,3,2,easy-high
93,4,2,2,101,3,2,2,53,3,1,3,2,easy-high
62,4,1,3,100,3,1,2,81,2,1,2,2,easy-high
110,4,2,2,66,2,1,2,77,3,2,3,2,easy-high
79,4,1,3,68,4,2,3,118,4,1,3,2,easy-high
71,4,1,3,65,4,2,3,79,2,2,3,2,easy-high
120,3,2,3,116,2,2,3,103,4,1,2,2,easy-high
108,4,2,3,100,4,1,2,73,4,2,3,2,easy-high
85,4,2,2,117,2,1,2,95,2,1,3,2,easy-high
109,4,2,3,103,3,1,3,112,2,1,3,2,easy-high
65,3,1,2,100,2,1,2,51,3,2,2,2,easy-high
68,2,2,2,93,3,2,2,109,3,1,3,2,easy-high
85,3,2,2,77,2,1,3,59,3,1,2,2,easy-high
79,4,1,3,104,4,1,3,71,4,1,3,2,easy-high
107,2,1,3,100,4,1,3,80,4,2,3,2,easy-high
114,2,2,3,104,2,1,3,110,2,2,2,2,easy-high
111,2,1,2,50,4,1,3,51,3,2,3,2,easy-high
53,4,1,2,61,2,2,3,52,4,2,3,2,easy-high
53,2,1,2,90,4,2,2,68,2,2,2,2,easy-high
101,2,1,2,63,3,1,3,90,2,2,2,2,easy-high
119,3,1,2,72,3,2,2,101,3,1,2,2,easy-high
102,2,2,2,51,2,1,2,110,4,1,3,2,easy-high
87,2,2,2,62,2,1,3,117,3,2,3,2,easy-high
98,3,1,2,111,4,2,2,51,4,2,2,2,easy-high
88,3,2,3,59,2,1,2,78,3,2,2,2,easy-high
111,3,2,3,69,4,2,2,105,3,1,3,2,easy-high
83,2,2,2,95,3,1,2,53,4,1,3,2,easy-high
85,2,1,3,62,4,1,2,74,3,1,3,2,easy-high
113,4,1,3,109,4,2,3,51,4,2,2,2,easy-high
69,2,1,3,80,2,1,2,107,3,2,2,2,easy-high
110,2,1,3,109,4,1,2,101,4,2,3,2,easy-high
120,3,1,3,103,3,1,2,100,4,1,3,2,easy-high
115,2,2,3,82,3,1,2,112,3,2,2,2,easy-high
58,2,1,3,84,4,1,3,118,4,1,2,2,easy-high
89,3,2,2,63,2,1,3,84,4,2,2,2,easy-high
91,2,1,3,96,2,2,2,118,3,2,3,2,easy-high
70,4,2,2,117,2,2,2,89,2,1,2,2,easy-high
73,3,1,2,96,3,2,3,59,3,2,2,2,easy-high
119,4,1,3,105,4,1,3,61,3,2,3,2,easy-high
99,4,2,3,75,3,2,3,88,3,2,2,2,easy-high
67,3,1,3,83,3,1,3,82,3,1,3,2,easy-high
88,2,2,3,93,4,2,3,82,4,1,3,2,easy-high
53,4,1,2,91,2,1,3,55,4,1,3,2,easy-high
58,4,2,2,68,2,1,2,117,3,2,3,2,easy-high
108,4,1,2,104,4,1,2,56,3,1,2,2,easy-high
72,4,1,3,54,3,1,3,98,4,2,3,2,easy-high
72,3,1,2,77,4,1,2,104,3,2,3,2,easy-high
92,4,1,2,64,4,1,3,51,4,1,2,2,easy-high
69,4,2,3,107,4,2,2,101,2,1,2,2,easy-high
100,4,2,3,75,3,1,2,71,3,1,3,2,easy-high
54,4,2,3,115,4,1,2,83,3,1,3,2,easy-high
53,2,1,3,69,4,2,3,100,3,2,2,2,easy-high
59,4,2,3,68,3,2,2,117,3,2,3,2,easy-high
70,4,1,2,77,4,1,2,89,4,1,3,2,easy-high
113,2,2,2,59,4,1,3,120,2,2,2,2,easy-high
96,2,1,3,107,4,1,2,116,3,2,3,2,easy-high
103,3,2,2,99,3,2,2,65,2,2,3,2,easy-high
52,2,1,2,60,2,1,3,118,2,1,2,2,easy-high
104,2,1,2,95,4,1,3,67,2,1,3,2,easy-high
57,4,2,2,103,3,1,2,80,4,2,3,2,easy-high
112,3,1,3,78,2,1,3,77,4,1,2,2,easy-high
107,2,1,2,80,4,1,2,56,2,1,2,2,easy-high
120,3,2,3,107,3,2,3,76,3,1,2,2,easy-high
65,4,2,2,70,4,1,2,50,4,2,3,2,easy-high
61,4,1,3,55,3,2,2,113,4,2,3,2,easy-high
70,3,2,2,76,3,1,2,93,4,2,2,2,easy-high
113,3,1,3,69,2,1,2,76,3,1,3,2,easy-high
61,3,1,3,51,2,1,3,80,2,1,2,2,easy-high
65,2,1,3,57,3,1,2,53,3,2,2,2,easy-high
78,4,1,3,104,4,2,2,70,3,1,3,2,easy-high
101,4,1,3,91,4,2,2,56,2,2,2,2,easy-high
67,3,2,3,95,3,1,2,63,4,2,2,2,easy-high
96,4,2,2,52,2,2,2,87,3,1,2,2,easy-high
69,2,1,2,102,3,1,2,110,4,1,3,2,easy-high
114,4,2,3,83,4,1,2,110,3,2,3,2,easy-high
91,4,2,2,90,4,2,3,88,4,1,3,2,easy-high
120,4,1,3,71,4,2,2,69,2,2,3,2,easy-high
110,3,1,2,95,3,2,2,59,3,2,3,2,easy-high
104,3,1,2,66,3,2,2,113,4,2,2,2,easy-high
110,3,2,2,86,4,1,3,52,4,2,2,2,easy-high
108,3,1,2,117,4,2,2,87,2,2,2,2,easy-high
111,4,1,3,64,3,2,3,60,2,2,2,2,easy-high
99,3,2,3,56,4,1,3,109,3,1,2,2,easy-high
106,3,1,3,67,2,2,2,71,4,1,2,2,easy-high
62,4,2,2,69,3,2,3,89,4,1,2,2,easy-high
53,4,2,3,74,2,1,2,76,4,1,2,2,easy-high
112,4,1,2,83,4,2,2,80,4,2,2,2,easy-high
62,2,2,2,115,4,2,2,115,2,1,3,2,easy-high
61,3,2,3,82,3,2,2,69,3,2,2,2,easy-high
119,3,2,2,87,4,1,2,117,3,1,3,2,easy-high
84,4,2,2,85,4,1,3,79,4,1,3,2,easy-high
83,3,2,3,56,4,1,3,109,2,2,2,2,easy-high
62,3,1,3,59,4,2,3,92,3,1,3,2,easy-high
115,4,1,3,110,2,1,3,119,2,2,3,2,easy-high
86,3,1,3,110,2,1,2,66,2,1,3,2,easy-high
77,3,2,3,94,2,1,2,85,4,1,3,2,easy-high
93,2,2,2,57,2,2,2,60,2,1,2,2,easy-high
67,2,2,3,87,4,1,2,73,3,2,2,2,easy-high
113,2,2,3,70,4,1,2,106,4,1,2,2,easy-high
114,2,1,2,59,4,2,3,92,2,2,3,2,easy-high
54,3,2,2,95,4,1,2,61,3,2,3,2,easy-high
63,4,2,3,92,2,1,3,50,3,2,2,2,easy-high
73,3,2,2,86,2,1,2,76,4,2,3,2,easy-high
59,3,2,2,110,4,2,2,62,2,1,2,2,easy-high
68,4,2,3,108,2,2,3,110,2,1,3,2,easy-high
90,3,2,3,77,4,1,3,94,4,2,3,2,easy-high
78,2,2,2,112,3,1,2,109,3,2,3,2,easy-high
96,4,1,2,86,4,1,3,57,2,1,3,2,easy-high
99,4,2,3,88,3,2,3,116,4,1,3,2,easy-high
84,2,1,3,85,4,2,3,70,4,2,3,2,easy-high
109,4,2,3,61,2,1,2,57,2,1,3,2,easy-high
101,3,1,3,118,4,1,2,52,4,2,2,2,easy-high
59,3,1,2,55,4,2,2,85,3,2,2,2,easy-high
51,2,2,3,68,2,2,3,110,4,2,3,2,easy-high
120,3,1,2,73,4,2,2,112,2,2,2,2,easy-high
102,3,1,3,64,2,2,2,97,3,2,2,2,easy-high
115,4,2,2,83,2,2,3,112,2,2,2,2,easy-high
83,3,1,3,75,3,2,2,57,4,2,3,2,easy-high
117,4,2,2,113,2,2,3,83,3,2,3,2,easy-high
84,3,1,3,93,2,2,3,115,3,1,2,2,easy-high
74,2,2,2,58,4,1,2,119,2,1,3,2,easy-high
120,2,2,3,72,3,2,2,73,3,1,3,2,easy-high
83,4,1,3,113,2,1,3,66,4,1,3,2,easy-high
110,2,1,2,82,2,2,2,119,3,2,3,2,easy-high
65,3,2,3,85,2,2,2,118,2,1,2,2,easy-high
98,3,2,2,84,4,1,2,85,4,2,2,2,easy-high
75,3,2,2,86,4,1,3,61,4,2,3,2,easy-high
99,4,1,3,119,2,2,3,104,3,1,2,2,easy-high
54,2,1,3,75,3,2,2,120,2,1,2,2,easy-high
71,4,2,2,52,2,1,2,62,4,1,2,2,easy-high
92,3,1,2,91,3,2,3,79,4,2,2,2,easy-high
64,2,1,2,100,2,1,2,83,4,2,3,2,easy-high
107,3,2,3,112,4,1,2,71,2,2,2,2,easy-high
90,2,1,3,79,2,2,3,114,4,1,3,2,easy-high
69,3,2,2,120,4,1,2,84,2,2,2,2,easy-high
79,3,1,3,55,4,2,2,94,3,1,2,2,easy-high
62,2,1,3,66,3,1,2,81,3,1,3,2,easy-high
90,3,1,3,97,4,1,2,54,3,2,3,2,easy-high
109,4,2,2,95,3,1,2,116,3,1,3,2,easy-high
111,4,2,2,108,2,2,2,112,3,2,2,2,easy-high
88,2,1,2,63,4,2,2,120,2,1,3,2,easy-high
97,3,1,3,96,2,2,3,71,3,2,2,2,easy-high
56,2,2,3,109,2,1,3,79,4,2,2,2,easy-high
80,2,2,2,111,3,2,2,53,4,2,2,2,easy-high
62,4,1,3,87,2,2,2,71,2,1,3,2,easy-high
50,4,1,2,103,4,1,3,66,3,2,2,2,easy-high
111,3,2,2,88,3,2,3,69,2,1,2,2,easy-high
116,3,2,3,104,2,2,2,68,3,2,3,2,easy-high
79,4,2,2,75,2,2,2,98,3,1,3,2,easy-high
85,4,1,3,68,4,2,2,54,3,1,3,2,easy-high
114,2,2,2,120,4,1,3,80,2,1,3,2,easy-high
76,4,2,3,79,2,1,2,60,3,1,3,2,easy-high
73,3,1,2,72,3,1,2,73,2,2,2,2,easy-high
90,4,2,3,77,2,1,2,76,4,2,2,2,easy-high
75,3,2,3,84,3,2,2,97,2,2,3,2,easy-high
64,2,2,2,95,2,1,2,72,3,1,2,2,easy-high
56,3,1,3,52,4,2,3,72,2,1,2,2,easy-high
119,4,2,3,118,3,2,2,59,3,2,3,2,easy-high
100,2,2,3,67,3,2,2,92,3,2,2,2,easy-high
106,2,1,3,98,4,1,3,54,2,1,2,2,easy-high
91,2,1,2,88,2,2,2,88,3,2,2,2,easy-high
82,3,1,2,106,4,2,3,86,4,2,3,2,easy-high
78,3,2,2,92,4,2,2,73,3,1,2,2,easy-high
96,4,1,2,86,2,1,2,70,2,1,3,2,easy-high
80,3,1,2,116,3,2,3,120,3,1,3,2,easy-high
91,2,1,2,84,2,1,2,81,2,1,2,2,easy-high
100,4,1,2,120,3,1,2,96,3,2,3,2,easy-high
66,4,1,3,57,3,1,3,91,4,2,3,2,easy-high
63,3,2,3,117,4,2,2,109,4,2,3,2,easy-high
104,2,2,2,53,3,1,2,56,3,2,2,2,easy-high
89,2,1,2,84,2,1,2,76,4,1,3,2,easy-high
50,4,1,2,113,3,1,2,105,4,1,2,2,easy-high
58,4,2,3,65,4,1,2,65,3,2,3,2,easy-high
119,4,2,3,108,2,2,2,51,4,2,3,2,easy-high
117,3,1,3,100,3,2,2,112,3,1,2,2,easy-high
61,3,2,2,79,4,2,3,74,3,1,2,2,easy-high
96,2,2,2,66,3,1,3,101,3,2,2,2,easy-high
83,4,2,2,94,4,2,3,97,3,1,2,2,easy-high
88,3,2,3,55,4,1,2,92,3,2,2,2,easy-high
97,2,1,2,100,4,1,3,79,4,2,2,2,easy-high
106,4,2,2,90,2,2,2,77,2,1,2,2,easy-high
75,4,2,3,97,3,2,2,69,3,2,3,2,easy-high
99,4,2,3,97,2,1,3,118,4,1,2,2,easy-high
71,4,1,3,71,3,2,2,50,4,1,2,2,easy-high
71,2,2,2,59,4,2,2,60,2,1,2,2,easy-high
52,3,2,2,63,4,2,2,111,2,1,2,2,easy-high
91,4,2,2,78,3,2,3,97,4,1,2,2,easy-high
59,4,1,3,118,3,1,3,93,4,2,2,2,easy-high
120,3,1,2,59,3,1,2,56,2,1,3,2,easy-high
101,2,2,2,74,3,1,3,112,2,1,2,2,easy-high
90,2,2,2,60,4,2,3,110,3,1,2,2,easy-high
98,3,2,2,117,4,1,3,102,3,1,2,2,easy-high
112,4,2,2,53,2,2,3,99,4,1,3,2,easy-high
78,2,2,3,120,3,1,3,67,3,1,3,2,easy-high
108,4,1,2,89,4,2,2,95,2,2,3,2,easy-high
114,2,1,2,52,2,2,2,90,2,2,3,2,easy-high
63,2,2,3,62,4,2,3,116,2,2,3,2,easy-high
85,4,1,2,88,3,1,3,59,4,2,3,2,easy-high
67,2,1,3,119,2,2,2,67,2,1,2,2,easy-high
73,3,1,2,69,4,1,3,112,3,2,3,2,easy-high
100,2,1,3,68,2,1,2,65,4,1,2,2,easy-high
110,3,1,3,104,2,1,3,103,3,1,3,2,easy-high
82,3,2,3,57,4,2,2,55,3,1,2,2,easy-high
94,2,2,3,88,4,1,2,98,4,1,2,2,easy-high
98,4,2,2,95,3,1,2,112,3,1,2,2,easy-high
67,2,1,3,89,4,2,2,77,2,2,3,2,easy-high
100,4,1,2,76,3,2,3,109,2,2,3,2,easy-high
78,3,1,3,114,4,2,3,59,2,1,3,2,easy-high
112,3,2,3,57,3,2,3,76,4,2,3,2,easy-high
70,3,2,2,106,2,1,3,104,4,2,3,2,easy-high
105,2,1,3,75,2,1,2,120,3,2,3,2,easy-high
80,2,1,2,112,4,1,3,114,3,2,2,2,easy-high
66,4,2,3,52,4,1,2,112,2,2,3,2,easy-high
96,3,2,3,56,4,1,3,85,4,1,2,2,easy-high
60,2,2,2,75,4,1,2,51,4,1,2,2,easy-high
105,3,2,2,62,4,1,2,99,3,2,2,2,easy-high
87,2,1,3,91,4,2,3,107,4,2,2,2,easy-high
68,3,2,2,110,3,1,2,108,4,1,2,2,easy-high
69,4,1,3,108,2,1,3,77,4,2,3,2,easy-high
84,2,2,3,56,4,2,3,58,4,1,3,2,easy-high
59,4,2,3,106,2,1,3,85,2,2,3,2,easy-high
89,3,1,3,89,4,1,3,103,2,2,3,2,easy-high
99,4,2,2,94,2,2,3,55,3,2,2,2,easy-high
71,3,1,2,79,2,2,2,72,2,1,3,2,easy-high
95,2,2,3,71,2,2,2,94,3,2,2,2,easy-high
65,3,2,2,118,3,1,2,106,3,1,2,2,easy-high
52,3,2,3,99,3,2,3,95,4,2,3,2,easy-high
70,2,2,2,76,3,1,3,79,2,1,2,2,easy-high
100,2,1,2,85,4,2,3,116,3,2,3,2,easy-high
119,2,1,2,57,3,2,3,105,4,1,3,2,easy-high
61,3,2,2,89,2,2,2,58,4,2,3,2,easy-high
56,3,2,2,80,4,1,3,73,4,1,2,2,easy-high
83,3,1,3,79,2,1,3,75,2,1,3,2,easy-high
67,2,2,2,66,3,1,3,67,4,1,2,2,easy-high
72,4,2,3,75,2,2,2,117,3,1,2,2,easy-high
85,4,1,3,107,2,2,2,76,4,2,2,2,easy-high
72,3,2,3,64,2,1,2,105,4,2,2,2,easy-high
59,3,2,2,113,2,1,3,70,3,1,2,2,easy-high
101,3,1,2,55,3,2,3,113,2,1,2,2,easy-high
87,2,2,2,108,2,1,2,95,2,2,2,2,easy-high
92,3,1,3,109,2,2,3,100,2,2,2,2,easy-high
72,2,2,2,101,4,2,3,68,2,2,2,2,easy-high
90,4,1,3,56,2,2,2,87,3,1,3,2,easy-high
96,2,2,3,56,2,1,3,86,2,1,2,2,easy-high
62,4,2,2,113,2,1,2,87,4,2,2,2,easy-high
117,4,1,2,100,4,1,2,79,4,2,3,2,easy-high
79,2,2,2,95,3,1,3,55,4,1,3,2,easy-high
98,3,1,3,74,3,1,3,98,3,1,2,2,easy-high
104,4,1,3,117,2,2,3,88,4,1,2,2,easy-high
60,3,1,3,65,4,2,2,73,3,2,3,2,easy-high
113,2,2,3,94,3,1,3,50,3,2,2,2,easy-high
90,2,1,2,115,4,1,2,59,4,2,3,2,easy-high
97,3,1,3,68,4,2,2,66,3,2,2,2,easy-high
55,4,1,3,97,4,1,3,92,4,2,3,2,easy-high
72,3,1,3,111,2,1,2,97,2,2,2,2,easy-high
104,4,2,2,98,3,2,3,87,3,2,3,2,easy-high
69,3,2,3,54,2,2,3,94,3,1,3,2,easy-high
104,2,1,2,60,2,2,2,112,2,2,3,2,easy-high
99,3,1,3,58,4,2,3,92,2,1,2,2,easy-high
61,3,2,2,64,2,2,2,50,4,1,3,2,easy-high
82,4,1,3,101,4,2,3,109,4,1,3,2,easy-high
110,3,2,2,50,3,2,2,116,4,2,3,2,easy-high
95,2,2,3,81,2,1,2,82,4,1,3,2,easy-high
71,2,1,2,61,4,1,3,55,3,1,2,2,easy-high
72,4,1,2,119,4,1,3,82,2,2,3,2,easy-high
62,3,2,3,64,2,2,2,112,2,2,2,2,easy-high
116,4,1,3,107,4,2,2,71,4,1,3,2,easy-high
69,2,2,2,51,4,2,2,113,3,1,2,2,easy-high
57,4,1,3,57,3,2,2,54,4,1,2,2,easy-high
119,3,2,3,86,2,2,2,64,2,1,2,2,easy-high
94,2,2,3,75,4,1,2,68,3,1,3,2,easy-high
69,4,1,3,74,2,2,3,66,2,2,2,2,easy-high
90,3,2,3,50,2,1,2,114,4,2,3,2,easy-high
104,2,1,2,115,3,2,2,102,4,1,2,2,easy-high
74,4,2,3,78,3,2,2,66,4,1,2,2,easy-high
64,2,2,3,53,2,2,3,85,2,2,2,2,easy-high
78,2,2,2,64,2,2,3,55,2,1,3,2,easy-high
110,4,1,2,71,4,2,3,100,3,1,2,2,easy-high
118,3,2,3,120,2,1,3,94,4,1,3,2,easy-high
116,2,2,3,112,2,1,2,57,3,2,3,2,easy-high
50,4,2,2,82,4,1,2,112,4,2,2,2,easy-high
56,4,2,3,74,4,2,3,68,4,2,2,2,easy-high
92,3,2,2,67,2,2,3,99,2,2,2,2,easy-high
103,4,1,3,61,3,2,2,59,3,1,3,2,easy-high
82,4,1,2,80,3,2,2,89,3,1,3,2,easy-high
68,2,1,3,93,3,1,2,77,2,1,3,2,easy-high
50,2,1,2,54,2,1,2,117,3,1,2,2,easy-high
114,3,2,3,109,2,1,2,109,2,1,3,2,easy-high
76,4,2,3,58,2,1,2,85,2,1,2,2,easy-high
77,4,1,2,69,4,2,2,101,4,1,3,2,easy-high
79,4,1,3,76,4,1,3,95,3,1,2,2,easy-high
107,2,2,3,51,3,2,2,82,4,1,2,2,easy-high
104,2,1,2,79,2,1,3,99,4,2,2,2,easy-high
103,4,1,2,58,3,2,3,110,3,1,3,2,easy-high
115,3,1,3,70,3,1,3,62,2,1,3,2,easy-high
89,2,1,2,93,2,1,3,116,2,2,2,2,easy-high
82,4,1,3,97,2,1,2,116,3,1,2,2,easy-high
70,2,1,3,56,2,1,2,86,2,1,3,2,easy-high
56,2,2,2,102,2,1,3,103,2,2,2,2,easy-high
53,2,1,3,82,3,2,2,81,2,2,2,2,easy-high
78,4,1,3,90,4,2,3,109,3,1,3,2,easy-high
84,2,1,3,72,2,2,3,54,3,2,2,2,easy-high
88,2,1,2,97,3,2,3,73,2,2,2,2,easy-high
99,3,1,3,69,4,1,3,99,3,2,3,2,easy-high
95,3,2,3,52,4,1,2,65,2,1,2,2,easy-high
107,3,1,2,50,3,1,2,70,3,1,3,2,easy-high
58,4,1,2,89,2,1,2,83,2,2,3,2,easy-high
98,4,2,3,54,2,1,2,52,2,1,2,2,easy-high
65,2,1,2,106,2,1,2,70,3,2,2,2,easy-high
62,3,2,3,91,4,2,2,74,2,1,2,2,easy-high
67,3,2,2,84,3,2,2,66,4,2,2,2,easy-high
90,2,1,3,99,2,1,2,88,4,1,2,2,easy-high
59,3,2,2,70,2,1,2,102,3,2,2,2,easy-high
62,2,2,2,107,2,2,3,61,2,2,3,2,easy-high
92,3,1,2,65,2,1,2,66,4,2,3,2,easy-high
106,2,2,2,81,4,1,3,91,2,1,2,2,easy-high
117,4,2,3,87,3,1,3,57,4,2,3,2,easy-high
101,3,1,2,95,3,2,2,93,3,2,3,2,easy-high
66,2,1,3,64,3,1,2,84,3,2,2,2,easy-high
116,2,1,3,70,3,1,3,57,4,2,2,2,easy-high
110,4,1,2,114,4,1,2,105,2,2,3,2,easy-high
52,4,2,2,115,2,2,3,73,2,1,3,2,easy-high
82,4,2,2,61,4,2,3,96,4,1,2,2,easy-high
108,2,2,2,72,3,2,2,86,4,1,3,2,easy-high
83,2,2,2,65,4,2,3,72,3,2,3,2,easy-high
107,2,1,2,96,3,2,3,88,2,2,3,2,easy-high
94,2,2,2,95,2,2,3,98,4,1,2,2,easy-high
50,2,2,2,83,3,2,2,107,2,2,2,2,easy-high
111,4,2,2,116,3,1,2,82,4,2,3,2,easy-high
50,3,2,3,56,4,1,2,118,4,2,2,2,easy-high
68,2,1,3,76,2,2,2,91,4,2,3,2,easy-high
96,4,2,2,107,2,1,2,100,4,1,2,2,easy-high
71,2,1,2,84,2,2,2,66,4,1,3,2,easy-high
120,3,1,3,118,4,2,2,87,4,1,2,2,easy-high
70,2,2,2,61,2,2,2,54,4,1,2,2,easy-high
59,3,1,3,103,3,2,3,77,3,1,2,2,easy-high
80,2,2,2,78,4,2,2,110,3,1,2,2,easy-high
117,2,1,2,65,2,2,3,65,4,2,2,2,easy-high
75,4,2,3,62,4,2,3,92,3,1,2,2,easy-high
60,2,2,3,109,3,1,2,112,3,2,3,2,easy-high
116,4,1,3,113,4,1,2,65,4,2,3,2,easy-high
65,4,1,3,68,3,1,3,78,3,1,3,2,easy-high
107,4,2,2,58,3,1,3,107,2,1,2,2,easy-high
69,2,1,2,54,2,2,2,62,2,2,3,2,easy-high
86,2,1,2,59,2,2,3,113,2,1,3,2,easy-high
64,2,2,3,107,4,2,3,77,4,1,2,2,easy-high
92,4,2,2,94,3,1,2,101,2,2,3,2,easy-high
99,4,1,2,60,2,2,3,96,2,2,3,2,easy-high
95,4,2,2,77,3,2,3,91,4,1,2,2,easy-high
113,4,2,2,98,4,2,2,113,4,2,2,2,easy-high
60,3,2,2,116,3,2,2,102,4,2,2,2,easy-high
82,3,2,3,96,3,2,3,62,2,1,3,2,easy-high
92,3,2,2,105,2,1,3,54,2,2,3,2,easy-high
64,4,1,3,105,3,2,2,118,4,1,2,2,easy-high
70,2,2,3,69,3,2,2,107,3,1,3,2,easy-high
81,3,1,3,84,4,2,2,67,4,1,3,2,easy-high
94,3,1,3,85,4,2,2,73,3,1,3,2,easy-high
58,2,2,3,63,3,1,2,69,3,1,3,2,easy-high
93,4,2,3,109,3,2,2,94,2,2,3,2,easy-high
96,4,1,2,61,2,1,2,73,4,2,2,2,easy-high
114,2,1,2,88,3,2,3,96,2,2,3,2,easy-high
118,3,2,3,108,2,2,3,77,2,1,2,2,easy-high
99,3,1,3,66,4,2,2,70,3,1,3,2,easy-high
88,4,1,3,62,3,1,2,59,2,1,3,2,easy-high
98,4,1,2,117,4,2,3,103,3,2,2,2,easy-high
119,3,2,3,62,2,1,2,99,3,1,2,2,easy-high
83,4,1,3,63,2,1,2,77,4,2,2,2,easy-high
68,2,1,3,79,3,1,3,116,2,1,2,2,easy-high
87,2,1,3,53,2,1,3,109,3,1,2,2,easy-high
67,4,1,3,116,4,1,2,104,4,1,2,2,easy-high
120,2,2,2,58,3,1,2,118,3,1,2,2,easy-high
115,4,1,2,96,2,2,2,59,2,2,3,2,easy-high
59,3,2,2,63,3,1,2,55,2,1,2,2,easy-high
105,4,1,2,69,2,1,3,59,4,1,3,2,easy-high
113,4,1,2,64,4,1,3,57,4,1,3,2,easy-high
118,4,2,2,70,3,2,2,85,3,1,2,2,easy-high
109,4,2,3,60,4,2,2,90,4,1,3,2,easy-high
118,4,1,2,116,4,2,2,99,3,2,3,2,easy-high
75,2,2,2,81,4,2,2,110,2,1,2,2,easy-high
50,3,2,3,92,2,1,3,102,3,1,2,2,easy-high
70,3,1,3,86,4,2,2,114,2,2,3,2,easy-high
89,2,1,3,117,3,1,3,110,3,2,2,2,easy-high
80,3,1,3,61,4,2,2,119,3,2,3,2,easy-high
68,3,2,2,84,4,2,2,104,3,1,2,2,easy-high
53,3,2,3,60,2,1,2,87,2,1,3,2,easy-high
111,2,1,2,119,3,2,2,64,3,1,3,2,easy-high
91,2,1,3,66,4,2,2,64,3,2,3,2,easy-high
120,3,1,2,118,2,2,2,66,2,2,2,2,easy-high
109,2,2,3,88,4,2,2,56,3,1,3,2,easy-high
65,3,2,3,76,4,2,3,55,2,2,3,2,easy-high
74,2,1,2,117,2,2,3,106,2,2,3,2,easy-high
56,3,2,3,61,4,1,2,105,3,2,2,2,easy-high
51,2,1,2,111,3,1,3,67,4,1,2,2,easy-high
54,3,1,3,81,2,1,2,92,3,1,2,2,easy-high
109,3,2,2,57,4,2,3,73,4,2,3,2,easy-high
55,2,2,2,88,2,2,2,65,3,2,3,2,easy-high
57,4,2,2,84,4,2,3,104,2,1,2,2,easy-high
67,4,1,2,100,2,1,3,119,4,2,3,2,easy-high
117,3,1,3,110,4,2,2,102,4,1,3,2,easy-high
101,2,1,3,90,4,2,2,54,3,1,3,2,easy-high
50,2,1,3,55,3,2,3,83,4,1,3,2,easy-high
91,2,1,2,50,4,2,2,83,2,2,3,2,easy-high
100,2,2,3,71,4,2,3,77,2,2,2,2,easy-high
115,2,1,3,97,2,1,3,103,4,1,2,2,easy-high
90,2,1,2,92,2,2,2,87,3,1,2,2,easy-high
66,3,2,3,98,4,2,3,82,2,1,3,2,easy-high
69,4,1,3,116,3,1,2,75,3,2,2,2,easy-high
87,2,1,2,60,2,2,3,103,2,2,3,2,easy-high
50,2,2,3,112,4,2,3,73,4,1,3,2,easy-high
90,2,2,3,108,3,1,3,102,3,2,3,2,easy-high
58,4,1,3,67,2,2,3,57,3,1,3,2,easy-high
69,2,1,3,114,4,1,2,110,3,2,3,2,easy-high
74,2,2,2,60,2,1,3,56,3,2,3,2,easy-high
71,3,1,3,69,3,2,3,58,4,2,3,2,easy-high
116,2,1,2,53,4,1,3,102,3,1,3,2,easy-high
74,3,1,3,71,3,2,2,67,3,1,2,2,easy-high
105,3,2,3,85,4,1,3,62,3,1,2,2,easy-high
107,4,2,3,118,3,1,3,100,4,2,3,2,easy-high
88,4,1,3,51,2,1,2,59,3,1,2,2,easy-high
106,2,1,2,86,4,2,2,57,2,1,2,2,easy-high
114,2,1,2,73,4,2,3,63,2,1,2,2,easy-high
89,2,1,3,61,3,2,3,53,2,1,3,2,easy-high
73,2,2,3,97,4,2,3,102,4,1,2,2,easy-high
93,4,2,2,105,3,2,3,65,4,2,2,2,easy-high
69,3,1,3,108,4,1,2,95,2,2,2,2,easy-high
64,2,2,2,115,3,2,2,104,3,2,2,2,easy-high
70,2,2,2,80,3,2,3,92,4,2,2,2,easy-high
89,2,1,3,101,3,1,2,73,4,1,2,2,easy-high
107,2,1,2,118,4,2,3,50,4,1,2,2,easy-high
62,2,2,3,99,4,1,3,63,2,2,2,2,easy-high
58,2,2,3,57,2,1,2,95,4,1,3,2,easy-high
101,4,2,2,75,3,1,2,87,3,1,2,2,easy-high
90,3,2,2,64,3,1,2,68,3,2,2,2,easy-high
65,2,1,2,79,2,1,2,110,4,1,2,2,easy-high
59,4,1,2,62,2,2,3,55,2,1,3,2,easy-high
56,2,2,2,108,3,1,2,73,4,1,3,2,easy-high
108,2,2,2,118,2,1,3,115,3,1,3,2,easy-high
110,3,2,2,100,4,1,3,57,3,2,2,2,easy-high
110,3,2,3,56,4,1,2,108,2,2,2,2,easy-high
118,3,1,3,66,2,1,2,102,3,1,2,2,easy-high
102,2,1,2,95,3,2,2,103,2,2,2,2,easy-high
82,3,1,3,55,3,2,3,98,2,1,2,2,easy-high
94,2,1,2,98,4,1,2,113,2,2,3,2,easy-high
69,3,2,2,62,2,1,2,68,3,1,3,2,easy-high
55,4,2,3,67,3,1,3,79,2,2,3,2,easy-high
104,2,1,2,66,3,2,3,86,2,1,3,2,easy-high
72,3,1,3,75,4,1,2,102,4,1,3,2,easy-high
90,4,1,2,52,4,2,2,106,2,2,3,2,easy-high
94,4,1,3,79,3,2,2,53,3,1,2,2,easy-high
61,3,2,3,59,4,1,3,73,2,1,3,2,easy-high
97,2,2,3,52,3,1,3,116,3,2,2,2,easy-high
53,4,2,2,64,3,2,3,64,4,2,3,2,easy-high
82,3,2,2,103,3,2,3,112,2,2,3,2,easy-high
108,3,1,2,60,3,1,3,105,2,2,2,2,easy-high
54,4,2,3,103,4,1,2,108,3,2,3,2,easy-high
50,2,2,2,67,4,2,3,79,4,2,3,2,easy-high
88,2,2,2,98,2,1,2,65,2,2,3,2,easy-high
85,2,1,3,84,4,1,2,70,4,1,3,2,easy-high
69,4,1,3,69,3,2,3,111,2,1,2,2,easy-high
92,3,2,2,118,2,1,3,83,2,1,2,2,easy-high
100,2,2,2,51,2,2,3,112,4,1,3,2,easy-high
79,2,2,3,105,3,1,3,58,2,1,3,2,easy-high
110,4,1,2,106,3,1,3,76,2,2,3,2,easy-high
90,2,2,3,85,2,2,2,56,4,1,3,2,easy-high
64,3,2,3,63,4,2,2,86,3,2,2,2,easy-high
52,3,2,2,120,3,2,3,79,3,1,2,2,easy-high
64,2,2,3,57,3,2,3,93,2,1,3,2,easy-high
101,2,1,2,64,2,1,3,75,3,1,2,2,easy-high
119,2,2,2,85,2,2,2,62,2,2,2,2,easy-high
92,4,2,2,72,3,2,2,110,4,1,2,2,easy-high
105,4,2,2,84,4,1,2,68,4,1,3,2,easy-high
80,3,1,2,116,4,1,2,79,2,2,3,2,easy-high
64,2,2,2,81,2,1,3,79,3,1,3,2,easy-high
97,4,1,2,65,3,2,2,119,2,2,2,2,easy-high
102,2,1,2,66,3,2,3,51,4,2,2,2,easy-high
109,2,1,2,60,3,2,2,51,2,1,2,2,easy-high
85,2,2,2,52,3,2,2,59,2,1,3,2,easy-high
52,4,2,3,50,4,1,3,52,3,2,3,2,easy-high
111,3,1,2,104,2,1,2,63,2,2,2,2,easy-high
73,4,1,3,119,2,2,3,79,2,1,3,2,easy-high
82,4,2,2,116,3,2,3,109,2,1,3,2,easy-high
52,4,2,2,109,2,1,2,118,3,1,3,2,easy-high
111,4,2,2,87,2,2,2,61,2,2,2,2,easy-high
50,3,2,3,109,4,1,2,115,2,2,3,2,easy-high
57,3,1,2,105,4,2,2,50,3,1,2,2,easy-high
59,4,1,3,116,4,1,2,107,3,1,3,2,easy-high
87,4,2,2,102,4,1,2,94,4,1,3,2,easy-high
79,3,2,3,97,3,2,2,105,2,2,3,2,easy-high
112,4,1,2,63,2,2,3,75,2,2,3,2,easy-high
119,2,2,2,86,3,2,3,120,4,1,2,2,easy-high
105,3,2,3,103,4,2,2,69,2,2,2,2,easy-high
119,4,1,2,83,2,1,2,53,2,1,3,2,easy-high
96,4,1,3,52,2,2,2,75,3,2,2,2,easy-high
98,3,1,2,57,4,1,3,107,3,1,2,2,easy-high
86,4,2,3,112,4,2,3,81,2,1,3,2,easy-high
114,4,2,2,90,2,2,2,82,3,1,3,2,easy-high
53,4,1,3,112,4,2,2,54,3,2,2,2,easy-high
69,3,1,2,74,3,1,3,64,4,2,2,2,easy-high
73,4,2,2,82,2,2,3,118,3,1,2,2,easy-high
113,3,2,3,105,2,2,2,117,3,2,3,2,easy-high
66,2,1,3,84,2,2,3,52,2,1,3,2,easy-high
106,3,2,2,53,2,2,3,77,4,2,3,2,easy-high
71,4,2,3,96,3,1,2,80,3,1,3,2,easy-high
52,2,1,3,88,2,1,3,83,4,2,3,2,easy-high
81,2,2,2,77,2,1,2,57,3,1,3,2,easy-high
70,4,2,3,98,2,2,2,117,4,1,3,2,easy-high
87,4,1,3,59,3,1,3,110,2,1,3,2,easy-high
99,4,1,2,70,4,1,2,92,4,1,2,2,easy-high
91,2,1,2,60,2,2,3,101,3,1,3,2,easy-high
75,2,1,3,70,4,1,2,69,3,1,2,2,easy-high
107,3,1,3,60,3,2,3,92,2,1,3,2,easy-high
116,4,2,2,51,2,1,3,98,4,2,3,2,easy-high
58,4,2,3,68,3,1,2,91,4,1,2,2,easy-high
57,4,2,2,75,2,2,3,64,4,2,2,2,easy-high
101,4,1,3,103,2,1,3,93,4,1,2,2,easy-high
101,4,2,2,106,3,2,3,57,3,2,2,2,easy-high
99,4,2,3,62,2,2,2,69,4,2,2,2,easy-high
112,4,1,3,92,3,2,3,71,2,2,2,2,easy-high
109,3,2,3,102,2,2,3,102,3,1,2,2,easy-high
57,3,2,3,112,4,1,2,76,3,1,2,2,easy-high
104,3,1,3,86,4,1,2,118,4,2,2,2,easy-high
53,2,2,2,109,3,2,3,63,3,1,2,2,easy-high
87,2,1,2,118,2,2,3,111,3,2,2,2,easy-high
116,2,2,2,97,2,1,3,119,4,2,2,2,easy-high
105,3,1,3,78,2,2,3,57,2,2,3,2,easy-high
101,2,2,2,101,3,1,3,90,4,1,2,2,easy-high
70,4,2,3,73,2,1,2,62,3,1,3,2,easy-high
105,2,1,3,50,3,1,2,114,2,2,2,2,easy-high
52,2,1,2,80,4,2,3,51,4,1,3,2,easy-high
57,3,1,3,114,3,1,2,55,3,2,3,2,easy-high
91,2,1,3,64,3,1,3,109,2,1,3,2,easy-high
116,2,2,2,66,3,1,2,111,4,2,3,2,easy-high
69,3,1,3,75,4,1,2,93,3,2,2,2,easy-high
101,2,2,2,89,3,2,3,100,3,1,3,2,easy-high
118,2,2,3,116,2,1,3,114,3,1,3,2,easy-high
111,2,1,3,88,4,1,3,59,2,1,2,2,easy-high
104,3,2,2,64,3,1,2,106,3,2,2,2,easy-high
93,4,2,3,114,3,1,2,83,2,2,2,2,easy-high
68,2,1,3,90,2,2,3,90,4,1,2,2,easy-high
91,2,2,3,68,4,1,2,90,4,2,2,2,easy-high
85,3,1,2,91,3,2,2,61,4,2,3,2,easy-high
72,3,2,3,70,4,1,3,100,4,2,3,2,easy-high
107,4,1,2,59,3,2,3,56,3,1,2,2,easy-high
65,2,2,3,102,3,2,2,76,4,2,2,2,easy-high
111,2,1,2,62,4,2,3,111,4,1,2,2,easy-high
101,3,1,2,89,4,1,3,59,4,1,2,2,easy-high
108,2,2,2,64,4,2,2,74,4,2,2,2,easy-high
71,4,2,3,80,4,1,2,73,3,2,2,2,easy-high
120,3,2,2,120,3,2,3,96,2,1,3,2,easy-high
74,2,2,3,100,2,1,2,54,3,1,3,2,easy-high
60,3,2,3,111,2,1,3,118,3,2,2,2,easy-high
76,3,1,3,78,4,1,3,92,4,1,3,2,easy-high
58,2,2,2,102,4,2,2,54,4,1,2,2,easy-high
72,4,1,2,112,2,1,2,107,2,1,3,2,easy-high
87,4,1,3,69,4,2,2,53,4,1,2,2,easy-high
82,2,1,2,93,4,1,2,63,3,2,2,2,easy-high
94,2,1,3,51,4,1,2,111,4,1,2,2,easy-high
106,2,1,3,112,3,1,2,105,2,2,3,2,easy-high
65,2,2,2,84,2,1,3,55,3,1,2,2,easy-high
97,4,2,3,120,4,1,2,113,3,2,2,2,easy-high
117,4,2,2,71,2,2,3,112,2,2,2,2,easy-high
81,3,1,3,105,2,2,2,104,4,1,3,2,easy-high
54,4,1,3,88,3,2,3,94,2,2,2,2,easy-high
68,4,2,2,64,2,1,2,120,3,1,2,2,easy-high
61,4,2,3,72,2,2,2,114,2,2,3,2,easy-high
85,3,1,2,92,4,1,3,82,4,2,3,2,easy-high
103,2,1,2,66,4,2,3,78,2,1,2,2,easy-high
83,2,2,2,96,4,2,2,77,2,1,3,2,easy-high
69,3,2,3,99,3,2,2,85,3,2,3,2,easy-high
99,2,2,3,63,3,2,2,93,4,2,3,2,easy-high
61,4,1,2,71,4,2,3,77,2,2,2,2,easy-high
92,2,1,3,88,4,1,2,57,4,2,2,2,easy-high
63,3,2,2,111,3,2,2,108,2,2,3,2,easy-high
118,4,1,3,103,4,2,2,107,3,2,2,2,easy-high
79,4,1,2,102,3,1,2,104,4,1,3,2,easy-high
72,4,1,2,103,3,2,3,71,2,1,3,2,easy-high
93,3,1,2,95,2,2,3,114,2,1,2,2,easy-high
107,2,1,2,117,4,2,2,56,2,2,3,2,easy-high
96,3,1,3,61,2,2,3,74,2,1,3,2,easy-high
75,3,1,3,117,3,1,3,108,4,1,2,2,easy-high
73,2,1,2,68,3,1,2,79,2,2,2,2,easy-high
105,4,1,3,97,2,2,2,115,4,2,3,2,easy-high
73,2,2,2,113,3,1,2,74,3,1,2,2,easy-high
108,3,1,2,105,3,2,3,77,3,1,2,2,easy-high
110,2,1,3,120,4,2,2,105,3,1,2,2,easy-high
78,2,2,3,88,3,2,3,64,4,1,2,2,easy-high
102,2,1,2,61,4,2,3,104,2,1,3,2,easy-high
104,4,1,3,67,3,1,3,66,2,2,3,2,easy-high
99,4,2,3,73,4,1,2,95,2,1,2,2,easy-high
54,3,2,3,90,4,1,3,109,3,1,2,2,easy-high
86,3,1,3,69,3,1,3,82,3,2,2,2,easy-high
60,2,1,3,69,2,2,2,71,3,2,3,2,easy-high
115,2,2,3,98,3,2,3,89,3,2,2,2,easy-high
104,4,1,2,99,3,1,2,78,3,1,3,2,easy-high
87,4,1,2,72,3,2,3,62,2,1,3,2,easy-high
74,3,1,3,66,2,1,3,60,3,1,2,2,easy-high
116,4,1,2,53,4,1,2,80,4,1,3,2,easy-high
70,2,1,3,65,4,2,2,72,3,1,2,2,easy-high
112,2,1,2,68,3,2,3,92,4,2,3,2,easy-high
72,2,1,2,98,4,2,2,85,3,1,2,2,easy-high
59,2,2,3,85,4,2,2,79,4,1,2,2,easy-high
114,3,2,2,89,2,1,2,53,2,1,2,2,easy-high
116,3,1,2,61,3,1,2,72,3,2,2,2,easy-high
99,3,1,3,109,3,1,2,56,3,2,3,2,easy-high
59,2,2,2,105,2,2,2,75,2,1,3,2,easy-high
87,4,2,2,79,4,1,2,92,4,2,3,2,easy-high
116,3,1,3,108,4,2,2,56,2,1,2,2,easy-high
118,2,2,3,59,2,2,2,62,2,2,3,2,easy-high
89,4,2,3,113,3,2,2,78,4,1,2,2,easy-high
71,3,1,3,76,4,1,3,61,3,1,2,2,easy-high
67,4,2,3,78,4,1,3,105,2,1,2,2,easy-high
116,2,1,2,92,4,1,2,50,4,2,2,2,easy-high
81,4,2,2,81,2,2,2,112,2,2,3,2,easy-high
120,2,2,3,118,4,2,2,71,4,1,2,2,easy-high
91,3,1,2,109,2,1,2,88,2,1,2,2,easy-high
118,4,2,3,63,3,2,2,51,3,2,2,2,easy-high
97,2,1,3,62,4,2,3,116,4,2,2,2,easy-high
109,2,2,3,105,4,2,3,110,2,1,3,2,easy-high
79,2,1,2,68,2,2,3,95,4,1,3,2,easy-high
53,2,1,3,114,2,1,3,100,2,1,2,2,easy-high
89,4,2,3,74,3,1,2,95,3,1,2,2,easy-high
84,3,1,3,91,4,1,2,74,3,2,2,2,easy-high
102,4,1,3,115,2,2,3,63,2,1,2,2,easy-high
97,4,2,3,100,2,2,2,87,4,1,3,2,easy-high
89,2,1,3,86,4,1,2,55,3,1,3,2,easy-high
110,3,2,3,81,3,2,2,104,3,2,3,2,easy-high
51,2,1,2,75,3,2,2,63,4,2,3,2,easy-high
85,2,2,3,62,2,2,2,92,3,2,3,2,easy-high
67,2,1,2,106,3,2,2,60,3,1,2,2,easy-high
69,3,2,3,62,3,1,3,81,4,2,3,2,easy-high
63,4,1,3,90,4,2,3,107,3,2,2,2,easy-high
97,2,2,2,80,2,1,3,109,4,1,3,2,easy-high
65,4,2,3,99,3,2,3,66,2,1,3,2,easy-high
63,4,1,3,55,3,2,2,52,4,1,2,2,easy-high
51,4,1,2,104,3,1,3,53,2,1,3,2,easy-high
88,3,1,3,94,4,1,3,92,4,1,2,2,easy-high
101,4,1,2,59,2,2,3,53,2,2,3,3,medium-basic
99,2,2,3,56,4,2,2,45,3,2,2,3,medium-basic
60,4,2,2,66,4,2,3,65,4,1,2,3,medium-basic
94,2,2,3,101,2,2,2,104,3,2,2,3,medium-basic
56,3,1,3,87,4,1,3,82,3,1,3,3,medium-basic
98,2,2,3,95,2,2,2,89,3,1,3,3,medium-basic
45,3,1,2,54,2,1,2,77,3,1,2,3,medium-basic
89,3,1,3,83,3,1,3,48,4,2,2,3,medium-basic
49,2,1,3,89,4,1,3,60,4,1,3,3,medium-basic
65,2,2,3,68,3,1,3,79,4,1,3,3,medium-basic
50,2,1,2,71,3,2,3,75,2,1,3,3,medium-basic
45,2,2,2,45,3,2,2,80,3,2,2,3,medium-basic
74,4,2,3,105,4,2,2,45,4,1,2,3,medium-basic
100,4,2,3,53,3,1,2,57,4,1,2,3,medium-basic
50,2,1,2,63,2,2,3,85,4,1,3,3,medium-basic
93,4,2,3,65,4,2,3,94,3,1,2,3,medium-basic
67,4,2,2,98,3,2,3,84,2,1,3,3,medium-basic
97,2,1,3,63,4,2,2,109,4,1,3,3,medium-basic
100,4,2,3,72,4,1,3,79,2,2,2,3,medium-basic
84,3,2,2,61,2,2,3,89,2,2,2,3,medium-basic
93,3,2,3,92,3,1,2,95,3,2,2,3,medium-basic
95,3,2,2,104,3,1,2,57,3,1,3,3,medium-basic
68,3,1,3,93,2,2,3,91,4,1,2,3,medium-basic
84,3,2,3,96,3,1,3,83,4,2,2,3,medium-basic
62,3,1,3,88,4,2,2,61,2,2,2,3,medium-basic
60,3,2,3,78,4,2,2,46,2,2,3,3,medium-basic
72,4,1,2,47,2,2,3,107,4,2,2,3,medium-basic
50,3,2,2,110,3,1,3,109,4,1,2,3,medium-basic
82,3,1,2,52,3,2,3,83,3,1,3,3,medium-basic
92,4,2,3,68,4,2,3,107,3,1,2,3,medium-basic
65,3,2,2,94,3,2,2,104,2,1,3,3,medium-basic
65,4,2,2,59,2,1,2,59,3,2,3,3,medium-basic
99,3,2,3,67,3,1,2,96,4,2,3,3,medium-basic
104,3,1,3,91,3,1,3,90,3,2,3,3,medium-basic
49,2,1,3,65,2,2,2,103,3,1,2,3,medium-basic
45,3,1,2,85,2,2,3,48,2,2,3,3,medium-basic
108,2,1,3,93,3,1,2,48,4,1,2,3,medium-basic
82,2,1,3,55,2,2,3,108,3,2,2,3,medium-basic
104,3,2,3,95,4,1,2,83,2,2,2,3,medium-basic
89,2,1,2,74,4,2,2,96,4,1,2,3,medium-basic
66,4,2,2,53,3,2,3,55,2,1,3,3,medium-basic
89,4,2,3,61,3,2,3,86,2,2,2,3,medium-basic
94,2,1,3,50,3,1,3,69,3,2,3,3,medium-basic
66,3,2,2,65,4,1,2,78,2,2,2,3,medium-basic
68,4,2,3,98,4,2,3,77,4,1,3,3,medium-basic
107,3,1,3,68,3,1,3,99,2,2,3,3,medium-basic
54,2,2,3,48,4,1,3,105,2,2,3,3,medium-basic
74,3,1,3,103,4,1,2,75,4,1,2,3,medium-basic
70,2,1,2,73,2,2,3,94,4,2,3,3,medium-basic
81,2,1,2,68,3,2,3,75,4,2,2,3,medium-basic
74,3,1,2,79,2,1,3,103,3,2,2,3,medium-basic
74,2,1,2,105,4,2,3,45,4,1,2,3,medium-basic
62,3,2,3,90,4,1,2,89,4,2,2,3,medium-basic
110,3,1,3,64,3,1,3,76,2,2,2,3,medium-basic
64,4,1,3,93,2,1,3,52,4,1,2,3,medium-basic
72,2,2,2,86,4,2,2,89,4,1,3,3,medium-basic
105,2,2,3,106,4,2,3,105,4,2,2,3,medium-basic
103,2,2,3,76,3,2,2,56,3,1,3,3,medium-basic
75,2,2,2,104,3,1,3,104,3,2,3,3,medium-basic
90,4,1,3,65,2,2,2,51,4,1,2,3,medium-basic
106,4,1,3,78,3,2,2,55,2,2,2,3,medium-basic
106,3,2,3,72,3,1,2,58,4,1,2,3,medium-basic
85,3,1,2,110,3,1,3,61,2,2,2,3,medium-basic
56,2,2,2,88,3,1,3,54,2,1,2,3,medium-basic
63,3,1,3,92,4,2,3,80,2,1,3,3,medium-basic
47,4,2,2,103,3,2,3,75,2,2,3,3,medium-basic
57,2,1,3,79,4,2,3,46,2,2,2,3,medium-basic
85,2,2,3,65,4,2,3,103,2,1,2,3,medium-basic
80,2,1,3,97,4,1,3,102,2,2,2,3,medium-basic
59,4,2,3,63,4,2,2,105,2,2,2,3,medium-basic
74,4,2,2,62,3,1,2,102,4,2,2,3,medium-basic
88,2,1,3,76,3,1,3,47,3,1,2,3,medium-basic
95,4,2,2,82,4,1,2,78,3,2,3,3,medium-basic
50,3,1,2,105,2,1,2,75,3,1,2,3,medium-basic
101,3,2,2,61,4,1,2,89,3,1,2,3,medium-basic
55,4,1,3,66,2,1,3,50,2,1,2,3,medium-basic
104,3,2,3,97,2,2,2,86,4,2,3,3,medium-basic
53,2,1,3,100,4,2,3,46,3,1,2,3,medium-basic
96,2,2,3,71,2,1,2,49,3,2,2,3,medium-basic
78,3,2,3,87,3,1,2,84,2,1,3,3,medium-basic
55,3,2,2,104,4,2,2,110,4,1,3,3,medium-basic
47,4,2,3,59,4,2,3,77,2,2,3,3,medium-basic
69,4,1,3,90,3,2,2,81,2,1,3,3,medium-basic
73,4,2,3,60,3,1,3,60,3,2,3,3,medium-basic
56,3,1,3,101,3,1,2,79,3,1,2,3,medium-basic
95,4,1,2,99,2,2,2,55,2,1,3,3,medium-basic
54,4,2,3,75,3,1,3,73,4,2,3,3,medium-basic
98,3,1,3,110,2,1,3,77,4,2,2,3,medium-basic
62,3,1,2,47,2,1,2,94,3,2,3,3,medium-basic
75,3,1,3,74,2,2,3,88,2,2,3,3,medium-basic
102,3,1,2,76,2,2,2,102,2,2,2,3,medium-basic
109,2,1,3,84,3,2,2,49,4,2,2,3,medium-basic
84,2,2,2,73,2,2,3,104,4,2,2,3,medium-basic
61,3,2,3,66,4,2,3,81,3,2,3,3,medium-basic
98,4,1,3,55,4,1,2,85,2,1,3,3,medium-basic
99,2,1,2,79,2,1,3,72,3,1,2,3,medium-basic
85,2,1,3,77,4,1,2,93,3,1,2,3,medium-basic
54,4,2,3,59,2,1,3,61,2,2,3,3,medium-basic
87,4,2,3,80,4,1,3,102,3,2,2,3,medium-basic
78,3,2,3,66,2,2,3,62,3,2,2,3,medium-basic
88,3,1,2,81,2,1,2,46,2,2,3,3,medium-basic
47,3,2,2,104,3,1,3,68,3,1,3,3,medium-basic
107,4,1,2,57,4,2,3,86,4,2,3,3,medium-basic
55,4,1,2,107,2,1,3,100,3,2,3,3,medium-basic
45,4,1,2,87,2,1,3,86,3,1,3,3,medium-basic
101,3,1,2,64,2,1,3,96,2,1,2,3,medium-basic
84,3,2,2,78,2,2,2,75,4,2,2,3,medium-basic
74,4,1,3,89,3,1,3,80,3,1,3,3,medium-basic
55,4,1,2,65,2,1,3,110,3,1,2,3,medium-basic
67,2,2,3,62,4,2,2,101,3,1,2,3,medium-basic
56,2,2,2,80,3,1,3,92,4,2,3,3,medium-basic
85,4,1,2,89,2,1,3,80,4,1,3,3,medium-basic
93,4,1,3,65,4,1,3,82,2,1,2,3,medium-basic
103,3,1,3,89,2,1,2,100,4,1,2,3,medium-basic
100,4,1,2,50,4,2,3,76,2,2,2,3,medium-basic
54,4,2,2,82,2,2,3,47,4,1,2,3,medium-basic
92,4,2,2,73,3,1,2,93,3,1,3,3,medium-basic
68,2,2,2,99,2,2,3,95,2,2,3,3,medium-basic
91,3,2,3,68,4,2,2,104,3,2,3,3,medium-basic
64,3,1,3,92,2,2,3,92,3,1,3,3,medium-basic
97,2,2,2,82,3,1,2,89,2,2,3,3,medium-basic
107,4,2,3,69,4,2,2,110,2,1,2,3,medium-basic
78,4,1,2,63,2,2,2,53,3,2,2,3,medium-basic
97,3,2,3,47,2,1,3,68,3,1,3,3,medium-basic
95,4,2,2,85,3,2,2,63,2,1,3,3,medium-basic
110,4,2,2,107,3,2,3,47,2,1,2,3,medium-basic
81,2,1,2,71,2,1,3,73,3,1,2,3,medium-basic
71,4,1,2,81,2,1,3,80,3,2,3,3,medium-basic
99,4,2,2,59,2,2,2,76,2,1,3,3,medium-basic
81,4,1,3,108,3,1,2,107,4,2,3,3,medium-basic
102,3,2,3,77,3,2,3,102,4,1,3,3,medium-basic
60,2,1,3,61,4,1,2,69,3,1,3,3,medium-basic
86,4,1,3,86,3,2,3,88,2,2,3,3,medium-basic
61,3,1,2,63,4,2,2,104,4,1,2,3,medium-basic
77,2,2,3,88,3,1,2,61,3,1,2,3,medium-basic
61,2,2,3,92,4,2,3,46,2,2,2,3,medium-basic
59,2,1,3,83,4,1,2,98,2,2,2,3,medium-basic
68,3,1,2,90,3,2,3,106,3,2,2,3,medium-basic
86,3,1,2,99,2,1,3,70,3,1,2,3,medium-basic
90,2,2,3,67,4,1,2,86,4,2,2,3,medium-basic
98,3,2,3,67,4,1,2,67,3,2,2,3,medium-basic
75,2,2,2,64,2,1,3,109,3,1,2,3,medium-basic
85,3,1,2,55,2,2,3,74,2,1,3,3,medium-basic
48,4,1,2,99,4,1,3,107,4,2,2,3,medium-basic
76,2,2,3,98,4,1,2,104,3,1,3,3,medium-basic
77,2,2,3,91,2,2,2,104,2,2,2,3,medium-basic
92,4,2,2,66,2,1,3,74,2,2,3,3,medium-basic
45,2,1,2,82,2,1,3,60,3,1,3,3,medium-basic
110,2,2,2,66,2,2,3,47,3,1,3,3,medium-basic
70,4,2,2,78,4,2,2,70,2,1,3,3,medium-basic
85,3,2,3,65,4,2,2,63,2,1,2,3,medium-basic
81,2,1,3,107,3,2,2,92,2,2,3,3,medium-basic
76,3,2,3,100,3,1,2,54,2,1,3,3,medium-basic
50,2,1,3,100,2,2,3,87,2,1,2,3,medium-basic
84,3,2,3,73,4,2,3,103,2,1,3,3,medium-basic
101,3,1,2,107,4,1,3,100,3,2,2,3,medium-basic
89,4,2,2,52,2,2,2,110,2,1,2,3,medium-basic
96,2,1,3,71,2,1,3,82,2,1,3,3,medium-basic
99,3,2,3,93,2,1,2,78,3,1,3,3,medium-basic
65,2,2,3,50,4,2,3,84,2,1,2,3,medium-basic
107,3,1,2,98,4,2,2,67,3,1,2,3,medium-basic
75,2,2,3,92,3,2,3,107,4,1,3,3,medium-basic
88,2,2,2,105,2,1,3,83,4,2,3,3,medium-basic
66,2,1,3,71,4,2,3,47,3,1,2,3,medium-basic
53,2,2,3,70,3,1,3,60,2,1,2,3,medium-basic
49,2,2,2,53,3,2,2,62,3,1,2,3,medium-basic
103,3,1,2,55,3,2,2,104,4,2,3,3,medium-basic
50,2,1,2,90,3,2,3,80,2,2,2,3,medium-basic
52,4,2,3,76,4,1,2,55,3,1,2,3,medium-basic
108,4,2,3,98,4,1,2,102,4,2,2,3,medium-basic
77,4,2,3,77,4,1,2,61,3,2,2,3,medium-basic
95,4,2,2,61,3,2,3,45,3,1,2,3,medium-basic
98,4,1,3,50,4,2,2,98,4,1,2,3,medium-basic
68,4,1,3,98,2,1,2,104,2,1,2,3,medium-basic
48,2,1,2,88,4,2,3,105,3,2,3,3,medium-basic
66,4,2,3,92,3,2,2,92,3,1,3,3,medium-basic
109,3,1,2,73,2,1,2,51,3,1,3,3,medium-basic
97,2,2,2,49,4,1,2,110,4,1,3,3,medium-basic
82,4,1,3,74,2,1,3,56,3,2,3,3,medium-basic
78,3,1,3,85,4,2,2,101,3,1,3,3,medium-basic
61,3,2,3,60,4,2,2,100,2,1,3,3,medium-basic
98,4,1,3,53,2,2,2,101,2,1,3,3,medium-basic
84,4,2,3,98,4,2,3,54,4,1,2,3,medium-basic
58,2,2,3,55,2,1,2,79,4,2,2,3,medium-basic
80,3,2,2,110,4,1,2,104,2,1,3,3,medium-basic
50,2,2,3,55,3,1,3,102,3,2,2,3,medium-basic
97,2,1,3,100,3,1,2,67,3,1,3,3,medium-basic
71,4,1,3,55,3,2,3,73,3,2,3,3,medium-basic
69,4,2,2,93,2,2,3,99,2,2,3,3,medium-basic
65,4,2,3,104,2,1,2,66,2,1,3,3,medium-basic
102,2,2,3,46,3,1,3,82,3,1,3,3,medium-basic
94,2,2,3,47,4,1,3,108,2,1,2,3,medium-basic
77,3,1,2,73,3,1,3,102,3,1,2,3,medium-basic
77,3,2,3,84,4,1,3,45,2,1,2,3,medium-basic
82,3,2,2,98,2,1,3,79,2,1,2,3,medium-basic
103,2,1,2,73,2,2,3,92,3,2,2,3,medium-basic
74,4,1,2,76,2,1,3,58,2,2,3,3,medium-basic
62,2,2,3,110,2,1,2,108,2,2,3,3,medium-basic
81,2,1,2,81,4,2,3,57,2,1,2,3,medium-basic
94,2,2,2,69,3,1,2,52,3,2,2,3,medium-basic
108,2,2,2,59,3,2,3,101,4,1,2,3,medium-basic
69,4,1,2,101,2,1,3,89,2,1,2,3,medium-basic
79,2,1,2,91,4,2,3,45,3,1,3,3,medium-basic
51,3,2,2,97,3,2,3,97,4,2,3,3,medium-basic
64,2,2,2,110,3,1,3,56,4,2,2,3,medium-basic
107,4,2,3,73,4,2,2,60,4,1,2,3,medium-basic
65,2,1,3,100,2,1,2,45,4,1,3,3,medium-basic
106,4,2,2,84,3,1,2,99,2,2,2,3,medium-basic
97,2,1,2,75,4,2,3,48,3,1,3,3,medium-basic
51,4,2,2,101,4,2,2,76,4,2,3,3,medium-basic
109,3,2,2,83,4,2,2,103,2,2,2,3,medium-basic
110,4,1,2,94,4,2,3,51,3,2,2,3,medium-basic
52,3,1,3,109,3,1,2,86,3,2,2,3,medium-basic
105,3,2,3,98,3,1,3,110,3,2,3,3,medium-basic
91,3,2,2,69,4,2,3,94,4,2,3,3,medium-basic
110,3,1,2,69,2,2,3,101,3,2,3,3,medium-basic
49,2,1,2,96,4,1,2,59,3,1,3,3,medium-basic
45,3,1,2,61,2,1,3,70,3,2,3,3,medium-basic
91,4,2,3,70,3,1,3,108,4,1,2,3,medium-basic
82,3,1,2,53,3,2,3,60,2,2,3,3,medium-basic
69,2,1,3,88,4,1,2,59,3,2,2,3,medium-basic
76,4,2,2,52,2,1,2,101,4,1,2,3,medium-basic
75,4,1,3,68,4,1,2,100,4,1,2,3,medium-basic
84,2,2,3,57,3,1,2,52,4,1,3,3,medium-basic
48,3,2,2,52,2,2,2,85,2,2,3,3,medium-basic
51,2,2,3,77,2,1,2,99,2,2,2,3,medium-basic
90,4,1,2,81,3,1,2,51,2,1,2,3,medium-basic
106,4,2,3,91,4,1,3,96,2,1,2,3,medium-basic
48,3,1,3,45,2,2,3,77,4,1,2,3,medium-basic
71,4,1,2,69,2,2,2,102,4,2,3,3,medium-basic
68,2,1,2,68,4,1,2,57,2,1,3,3,medium-basic
60,2,1,3,107,3,1,2,52,4,2,3,3,medium-basic
80,3,1,2,74,4,2,3,70,2,2,2,3,medium-basic
108,2,2,2,46,4,1,2,94,2,1,2,3,medium-basic
87,3,2,3,89,3,2,3,87,4,1,3,3,medium-basic
62,3,1,2,108,3,1,3,94,2,1,3,3,medium-basic
57,3,2,2,98,4,2,2,65,3,1,3,3,medium-basic
90,2,1,3,49,4,2,2,101,3,2,3,3,medium-basic
98,2,1,2,61,4,2,3,95,4,1,2,3,medium-basic
90,2,2,3,71,3,2,2,74,4,1,3,3,medium-basic
66,3,1,3,93,4,2,3,77,2,2,2,3,medium-basic
94,4,2,3,78,4,2,2,82,3,2,2,3,medium-basic
54,3,1,2,58,2,2,3,65,4,2,2,3,medium-basic
70,3,2,3,49,2,2,3,103,3,2,2,3,medium-basic
70,3,2,3,78,3,1,2,74,4,1,2,3,medium-basic
87,4,2,3,65,3,1,2,109,3,1,3,3,medium-basic
107,4,2,2,61,2,1,3,93,4,1,2,3,medium-basic
109,4,1,3,48,2,2,2,77,3,2,3,3,medium-basic
103,4,2,3,99,2,1,2,58,3,1,3,3,medium-basic
61,3,2,3,49,4,1,2,55,2,1,2,3,medium-basic
66,4,2,3,64,4,1,3,103,4,1,3,3,medium-basic
96,4,1,3,108,2,1,2,51,2,2,3,3,medium-basic
57,3,1,2,56,4,2,2,79,2,2,3,3,medium-basic
102,2,2,3,45,2,2,3,48,3,2,3,3,medium-basic
68,4,2,2,54,3,1,2,86,4,1,2,3,medium-basic
87,2,1,3,88,4,1,3,69,4,1,3,3,medium-basic
85,3,1,2,71,4,1,3,58,4,1,2,3,medium-basic
65,3,1,2,56,4,2,2,90,2,2,2,3,medium-basic
80,4,1,2,73,4,1,2,77,2,1,2,3,medium-basic
85,2,2,3,58,3,1,3,72,4,2,2,3,medium-basic
74,4,2,3,75,2,2,3,95,4,2,3,3,medium-basic
102,2,2,2,45,2,1,3,46,2,2,2,3,medium-basic
107,2,2,3,45,3,2,2,45,3,2,2,3,medium-basic
90,4,1,3,57,4,1,3,91,2,2,2,3,medium-basic
49,4,1,2,85,2,2,2,99,4,2,2,3,medium-basic
78,4,2,3,90,3,1,2,52,3,2,2,3,medium-basic
46,2,2,2,91,2,1,3,97,3,1,2,3,medium-basic
54,3,2,2,69,3,2,2,62,4,2,2,3,medium-basic
81,4,2,3,91,2,1,2,110,3,2,3,3,medium-basic
58,2,2,3,107,2,1,3,49,3,2,3,3,medium-basic
45,4,2,2,106,3,2,2,89,3,1,2,3,medium-basic
108,2,1,2,70,2,1,3,109,2,2,2,3,medium-basic
95,3,2,2,99,3,2,2,87,3,1,3,3,medium-basic
110,3,1,2,51,4,2,3,75,3,2,3,3,medium-basic
89,3,2,2,45,2,1,3,64,2,1,3,3,medium-basic
63,3,2,2,61,3,2,2,64,2,1,3,3,medium-basic
74,3,2,3,61,2,2,2,50,4,2,3,3,medium-basic
61,2,2,3,56,4,2,3,75,3,2,2,3,medium-basic
103,2,2,3,50,3,1,2,94,3,2,3,3,medium-basic
108,4,1,3,56,4,2,3,50,4,2,3,3,medium-basic
52,4,2,2,87,4,2,3,61,2,2,3,3,medium-basic
45,2,1,2,103,2,2,3,48,4,2,3,3,medium-basic
72,3,1,2,70,4,2,3,99,4,1,3,3,medium-basic
47,3,1,3,52,2,1,2,57,3,2,2,3,medium-basic
50,4,2,3,104,3,1,2,78,4,1,2,3,medium-basic
85,2,1,2,59,3,1,3,103,4,2,2,3,medium-basic
107,2,1,2,104,3,1,3,64,3,2,2,3,medium-basic
78,3,2,3,75,3,1,3,83,2,1,2,3,medium-basic
107,3,1,2,82,3,1,3,59,2,1,2,3,medium-basic
67,2,1,3,73,4,2,2,62,4,1,2,3,medium-basic
77,4,2,2,53,4,2,3,101,4,1,2,3,medium-basic
81,4,2,3,92,2,1,2,66,2,2,3,3,medium-basic
61,2,1,3,93,3,1,2,101,2,1,2,3,medium-basic
90,4,2,3,73,4,1,2,82,2,2,2,3,medium-basic
50,4,1,2,108,2,1,3,70,4,1,3,3,medium-basic
92,2,2,3,50,4,1,3,110,4,1,2,3,medium-basic
86,2,1,3,85,2,2,3,57,2,1,3,3,medium-basic
89,4,1,2,47,3,2,2,73,2,1,3,3,medium-basic
89,2,2,2,85,4,2,2,99,2,1,2,3,medium-basic
97,3,2,3,47,3,2,3,91,4,1,2,3,medium-basic
47,4,2,3,102,4,1,2,101,4,2,2,3,medium-basic
47,4,2,2,105,3,1,2,82,4,1,2,3,medium-basic
97,4,2,3,80,3,2,3,73,2,1,3,3,medium-basic
109,2,1,3,73,3,1,2,59,3,1,2,3,medium-basic
46,4,1,3,51,2,1,3,76,3,2,2,3,medium-basic
79,2,2,3,91,2,2,2,64,4,2,2,3,medium-basic
82,3,1,3,59,2,1,2,104,3,1,3,3,medium-basic
47,2,2,3,97,2,2,3,108,3,2,3,3,medium-basic
90,4,1,2,101,3,2,3,82,3,1,3,3,medium-basic
63,2,2,3,64,4,2,3,85,4,1,3,3,medium-basic
48,3,2,3,68,3,2,2,87,3,2,3,3,medium-basic
56,4,1,2,76,2,1,2,63,4,1,3,3,medium-basic
65,2,1,2,47,3,1,2,64,2,2,2,3,medium-basic
57,3,1,3,104,2,1,2,97,2,2,3,3,medium-basic
46,2,1,3,46,2,1,2,64,3,1,2,3,medium-basic
104,3,2,2,55,3,2,3,66,4,2,3,3,medium-basic
63,2,1,2,55,3,1,3,109,3,2,2,3,medium-basic
85,4,2,2,70,2,1,2,70,4,2,3,3,medium-basic
63,4,1,2,50,2,1,2,85,4,2,2,3,medium-basic
52,3,1,2,89,4,2,3,65,2,2,2,3,medium-basic
77,4,1,3,96,4,1,3,58,3,2,2,3,medium-basic
80,3,2,3,53,2,1,2,82,2,1,3,3,medium-basic
108,2,2,2,109,3,1,2,109,4,2,3,3,medium-basic
83,4,1,2,58,2,2,2,97,3,2,2,3,medium-basic
80,3,1,2,67,2,1,2,49,3,2,2,3,medium-basic
69,4,2,3,48,2,1,3,76,3,2,3,3,medium-basic
88,3,1,3,64,2,2,2,101,3,2,3,3,medium-basic
109,2,1,3,96,4,1,2,83,3,1,2,3,medium-basic
102,2,2,2,65,2,2,2,85,2,2,2,3,medium-basic
53,3,2,3,82,4,2,3,58,2,2,3,3,medium-basic
81,4,1,3,92,3,1,2,79,4,1,3,3,medium-basic
73,4,2,2,110,2,1,2,95,2,1,3,3,medium-basic
91,4,2,3,98,3,1,2,80,4,1,2,3,medium-basic
106,3,1,2,93,4,1,2,72,3,2,3,3,medium-basic
70,3,1,3,107,2,2,3,73,3,1,2,3,medium-basic
101,4,1,2,50,3,1,2,48,4,1,3,3,medium-basic
106,4,2,3,74,2,2,2,46,3,1,2,3,medium-basic
54,3,1,2,99,4,1,2,88,3,2,3,3,medium-basic
97,4,1,3,95,2,2,2,106,4,1,2,3,medium-basic
54,2,1,2,110,4,1,2,94,2,1,2,3,medium-basic
108,2,1,2,64,4,2,3,92,2,2,3,3,medium-basic
60,3,1,2,63,3,1,3,110,3,2,3,3,medium-basic
104,2,2,3,57,4,1,2,97,2,2,2,3,medium-basic
98,4,2,3,47,2,1,2,94,4,2,2,3,medium-basic
109,2,1,2,65,3,2,3,47,2,1,3,3,medium-basic
97,4,2,3,54,4,1,2,97,4,1,2,3,medium-basic
107,2,2,3,84,2,2,2,63,3,2,3,3,medium-basic
110,2,1,3,110,3,1,2,45,2,1,2,3,medium-basic
62,4,2,2,97,4,2,2,101,3,2,3,3,medium-basic
65,2,2,2,69,4,1,2,83,2,2,2,3,medium-basic
82,4,2,2,79,2,2,3,107,3,2,2,3,medium-basic
83,2,1,3,110,3,1,3,54,3,1,3,3,medium-basic
49,2,1,2,105,2,2,3,82,4,2,3,3,medium-basic
99,2,1,2,75,2,1,3,106,2,1,2,3,medium-basic
99,3,2,2,60,4,1,2,92,4,1,3,3,medium-basic
55,3,1,2,63,3,2,3,99,3,1,2,3,medium-basic
56,4,1,2,67,2,1,3,99,2,1,3,3,medium-basic
51,2,2,2,85,2,2,3,99,2,2,2,3,medium-basic
69,2,2,3,71,4,1,3,79,4,2,3,3,medium-basic
94,2,2,2,65,3,2,3,74,4,1,3,3,medium-basic
87,2,1,2,107,4,1,3,59,2,2,3,3,medium-basic
96,4,2,3,91,4,2,2,70,4,2,3,3,medium-basic
106,4,2,2,59,2,2,3,71,2,2,3,3,medium-basic
75,2,1,3,55,2,1,3,65,2,2,3,3,medium-basic
106,2,1,2,64,4,2,3,65,4,2,3,3,medium-basic
64,2,1,3,67,3,2,3,75,4,1,2,3,medium-basic
52,2,1,2,97,3,2,3,100,4,2,3,3,medium-basic
95,4,2,2,109,2,2,3,107,4,1,3,3,medium-basic
88,4,1,2,103,2,2,3,92,2,2,3,3,medium-basic
89,4,2,2,66,4,1,3,75,3,2,3,3,medium-basic
59,2,2,3,67,2,1,2,47,2,2,3,3,medium-basic
68,2,1,3,72,2,1,2,93,2,1,3,3,medium-basic
72,2,2,3,47,4,2,3,84,2,1,2,3,medium-basic
75,2,2,3,97,2,1,2,50,3,2,2,3,medium-basic
57,4,1,3,91,4,2,2,61,4,1,3,3,medium-basic
105,4,2,2,93,4,2,2,70,3,1,3,3,medium-basic
47,2,1,2,97,3,2,3,63,2,1,2,3,medium-basic
92,2,1,2,97,4,2,2,70,2,1,2,3,medium-basic
76,2,1,2,91,3,2,2,65,2,1,3,3,medium-basic
48,4,1,3,71,4,2,2,102,4,2,2,3,medium-basic
93,2,1,3,82,2,2,3,51,2,1,3,3,medium-basic
67,4,1,2,46,3,2,2,72,2,2,2,3,medium-basic
67,3,1,2,93,4,2,2,57,2,2,3,3,medium-basic
66,3,2,2,76,4,2,2,88,4,2,3,3,medium-basic
86,4,1,3,98,4,1,2,55,3,1,2,3,medium-basic
97,2,2,2,62,3,1,3,76,3,1,2,3,medium-basic
55,4,2,2,57,2,1,3,86,3,2,2,3,medium-basic
76,4,1,3,106,3,1,2,47,3,1,3,3,medium-basic
61,4,1,3,57,4,1,3,109,2,1,3,3,medium-basic
93,3,2,3,58,4,2,2,78,4,1,3,3,medium-basic
70,2,2,2,63,4,1,2,102,4,2,2,3,medium-basic
75,3,2,2,47,2,2,2,62,3,1,2,3,medium-basic
104,4,2,3,90,4,1,3,72,2,2,3,3,medium-basic
98,4,2,2,45,4,1,3,69,3,1,3,3,medium-basic
102,2,2,2,56,3,1,3,51,3,2,2,3,medium-basic
84,4,2,3,107,4,2,2,93,4,2,3,3,medium-basic
47,2,2,3,95,4,1,3,101,3,1,2,3,medium-basic
87,3,2,3,91,3,2,2,62,2,2,3,3,medium-basic
54,3,1,2,80,2,2,2,90,3,2,3,3,medium-basic
50,4,2,2,61,2,1,2,72,4,2,2,3,medium-basic
51,2,1,2,102,4,1,3,100,4,2,3,3,medium-basic
63,3,2,3,105,4,1,3,110,4,1,3,3,medium-basic
87,4,1,2,84,4,2,2,48,4,2,3,3,medium-basic
107,2,2,3,52,2,2,2,76,3,1,3,3,medium-basic
71,3,1,3,92,3,1,3,65,4,1,3,3,medium-basic
57,3,2,2,98,3,2,3,55,4,2,3,3,medium-basic
92,4,1,2,65,4,2,3,49,2,1,3,3,medium-basic
47,3,2,2,98,4,2,3,90,3,1,3,3,medium-basic
56,3,2,3,93,2,1,3,47,4,2,2,3,medium-basic
88,2,1,3,108,2,1,2,70,4,1,3,3,medium-basic
63,4,1,3,54,2,2,2,68,3,1,3,3,medium-basic
62,3,1,2,54,4,1,2,74,4,2,3,3,medium-basic
71,3,1,3,64,4,2,3,108,2,1,3,3,medium-basic
66,2,2,2,61,2,1,2,82,4,2,3,3,medium-basic
83,4,1,3,59,4,2,3,101,2,2,3,3,medium-basic
101,2,1,3,98,3,2,3,85,3,2,3,3,medium-basic
93,4,1,3,82,3,2,2,53,2,1,2,3,medium-basic
107,3,2,2,85,4,1,2,87,4,1,2,3,medium-basic
77,3,1,2,90,4,1,3,80,4,2,3,3,medium-basic
89,2,2,3,109,3,1,2,55,3,1,2,3,medium-basic
104,2,1,3,45,3,2,2,108,3,1,3,3,medium-basic
87,3,1,2,69,2,2,2,83,4,1,3,3,medium-basic
105,4,2,2,92,3,2,3,83,2,2,3,3,medium-basic
96,2,1,3,90,3,1,2,98,4,1,3,3,medium-basic
106,4,2,2,67,3,1,2,63,3,2,2,3,medium-basic
48,3,2,3,54,2,1,2,87,2,2,2,3,medium-basic
63,2,1,2,96,3,1,2,68,3,2,2,3,medium-basic
63,3,2,2,63,2,1,3,99,2,2,2,3,medium-basic
55,2,1,2,82,4,1,2,99,4,1,3,3,medium-basic
89,2,2,2,67,3,2,3,82,2,2,3,3,medium-basic
50,2,2,3,71,3,2,3,77,4,1,2,3,medium-basic
57,3,1,3,85,4,1,3,69,2,2,2,3,medium-basic
62,2,2,3,87,2,1,3,60,3,1,3,3,medium-basic
59,3,1,2,53,4,1,3,71,3,2,3,3,medium-basic
105,4,1,2,60,4,2,2,99,2,2,3,3,medium-basic
47,2,2,3,106,2,1,3,102,2,1,3,3,medium-basic
110,3,1,3,100,2,2,3,87,4,2,2,3,medium-basic
78,3,2,2,78,2,2,2,98,4,2,2,3,medium-basic
52,3,2,2,103,2,1,2,52,2,2,2,3,medium-basic
100,4,2,3,108,2,2,2,76,4,1,2,3,medium-basic
91,4,2,3,58,2,2,3,69,3,2,2,3,medium-basic
109,3,2,3,98,2,2,3,99,3,2,3,3,medium-basic
71,3,2,3,47,4,2,3,74,2,1,3,3,medium-basic
84,2,2,2,57,3,2,3,106,4,1,3,3,medium-basic
110,2,1,2,52,3,2,2,90,4,1,2,3,medium-basic
52,2,2,3,93,3,2,3,56,3,2,2,3,medium-basic
50,3,2,2,91,2,1,3,72,2,1,2,3,medium-basic
109,4,2,3,73,4,2,3,67,3,1,3,3,medium-basic
82,3,2,3,96,4,2,2,61,4,2,2,3,medium-basic
49,4,1,2,101,2,1,3,101,2,1,2,3,medium-basic
84,2,1,3,103,3,2,2,91,2,1,2,3,medium-basic
61,3,2,3,55,4,1,3,109,3,2,3,3,medium-basic
79,2,2,2,82,3,1,2,105,2,2,3,3,medium-basic
53,2,2,2,81,3,1,3,107,4,2,3,3,medium-basic
78,2,2,3,99,4,2,3,95,2,1,3,3,medium-basic
102,2,1,2,91,4,2,2,59,4,2,3,3,medium-basic
84,3,1,3,94,2,1,2,106,4,1,2,3,medium-basic
84,4,1,3,70,2,2,2,93,3,1,3,3,medium-basic
95,2,2,2,86,2,2,2,76,4,1,3,3,medium-basic
68,3,2,3,56,4,1,3,85,3,1,2,3,medium-basic
45,3,1,2,104,4,1,2,107,4,2,2,3,medium-basic
84,4,1,3,50,4,1,2,108,3,1,3,3,medium-basic
110,4,2,2,73,4,2,3,82,4,1,2,3,medium-basic
87,4,1,2,70,3,1,2,66,4,2,2,3,medium-basic
47,4,2,3,58,3,2,2,85,3,2,3,3,medium-basic
74,4,1,3,92,2,2,3,81,4,1,3,3,medium-basic
106,4,1,2,81,3,1,2,72,2,2,3,3,medium-basic
65,3,2,3,86,3,1,2,98,2,1,3,3,medium-basic
99,3,2,2,68,4,1,3,91,4,2,2,3,medium-basic
51,3,2,2,47,3,1,3,58,3,1,2,3,medium-basic
104,3,1,3,110,2,1,3,55,3,2,2,3,medium-basic
61,3,1,2,91,2,1,2,59,3,2,3,3,medium-basic
109,3,2,2,57,4,1,3,89,2,2,2,3,medium-basic
100,4,1,3,93,3,2,3,63,3,1,3,3,medium-basic
55,3,1,3,106,2,1,3,61,3,2,3,3,medium-basic
48,4,1,3,105,2,2,2,96,4,1,2,3,medium-basic
57,3,2,2,105,4,1,2,90,2,2,2,3,medium-basic
102,3,2,2,87,2,1,2,67,4,2,3,3,medium-basic
84,4,2,3,105,4,2,2,73,2,2,3,3,medium-basic
51,4,2,2,84,2,2,2,92,3,2,3,3,medium-basic
103,4,2,2,109,4,1,3,94,4,2,2,3,medium-basic
86,4,1,2,63,3,2,3,87,4,2,3,3,medium-basic
52,2,2,3,76,2,1,3,70,2,2,3,3,medium-basic
71,2,1,2,88,4,1,3,98,2,2,2,3,medium-basic
88,3,1,2,54,4,1,3,103,3,1,2,3,medium-basic
96,4,2,3,97,4,1,2,64,4,2,3,3,medium-basic
105,2,2,3,49,3,2,2,64,3,1,2,3,medium-basic
68,2,1,2,110,3,2,2,51,3,2,2,3,medium-basic
79,2,1,3,60,4,2,3,69,4,1,3,3,medium-basic
89,3,1,2,45,4,1,2,85,4,2,3,3,medium-basic
81,3,1,3,62,2,1,2,97,3,1,2,3,medium-basic
48,4,1,2,52,2,2,2,68,2,1,3,3,medium-basic
58,3,2,3,84,4,2,2,97,4,1,2,3,medium-basic
80,4,2,3,74,2,1,2,50,2,1,3,3,medium-basic
103,2,1,2,70,4,1,3,87,4,1,3,3,medium-basic
50,3,1,3,85,3,2,3,109,3,2,2,3,medium-basic
51,3,2,2,99,4,1,2,96,2,1,2,3,medium-basic
52,3,2,2,83,2,1,2,74,2,1,2,3,medium-basic
90,3,1,2,96,4,2,3,75,4,2,2,3,medium-basic
84,3,2,3,60,3,2,3,56,4,1,2,3,medium-basic
65,4,2,2,94,3,1,3,92,3,2,3,3,medium-basic
66,2,1,3,99,3,1,2,105,2,2,3,3,medium-basic
66,4,1,3,73,4,2,2,82,4,1,2,3,medium-basic
55,4,1,3,52,3,1,3,108,2,2,3,3,medium-basic
47,2,1,3,76,3,2,3,100,4,2,2,3,medium-basic
86,3,2,3,104,3,1,2,91,4,1,2,3,medium-basic
101,4,1,2,53,4,2,2,94,2,2,3,3,medium-basic
100,4,1,3,97,2,2,2,108,4,2,2,3,medium-basic
85,4,2,2,89,3,2,2,54,2,1,2,3,medium-basic
67,4,2,2,104,4,1,2,92,2,2,2,3,medium-basic
90,4,2,2,108,2,1,3,98,4,1,2,3,medium-basic
73,4,1,3,95,3,2,2,81,4,1,2,3,medium-basic
97,3,2,3,96,4,2,2,71,3,1,2,3,medium-basic
80,2,2,3,100,2,1,2,71,2,2,3,3,medium-basic
97,2,1,2,60,2,2,3,109,4,1,3,3,medium-basic
77,3,2,3,94,4,1,3,106,2,2,2,3,medium-basic
85,3,1,3,78,4,1,3,62,4,1,2,3,medium-basic
77,4,2,3,74,4,1,3,45,3,2,3,3,medium-basic
86,4,1,3,86,4,1,2,46,2,2,3,3,medium-basic
58,3,1,2,109,4,1,3,61,3,2,2,3,medium-basic
55,4,2,2,78,4,2,2,106,2,1,2,3,medium-basic
94,4,1,2,72,2,1,2,51,4,2,2,3,medium-basic
59,3,2,3,107,4,2,2,101,4,1,2,3,medium-basic
66,4,1,2,58,3,2,3,55,4,1,2,3,medium-basic
98,3,2,2,59,2,1,3,75,4,1,2,3,medium-basic
67,3,1,3,57,4,1,2,90,3,1,2,3,medium-basic
54,4,1,2,92,2,2,3,71,3,2,3,3,medium-basic
93,3,2,3,67,2,2,3,66,2,1,2,3,medium-basic
71,2,1,2,49,3,1,3,48,3,2,2,3,medium-basic
64,3,1,2,94,2,1,3,79,4,1,3,3,medium-basic
45,2,1,2,54,3,1,3,96,4,1,2,3,medium-basic
66,3,2,3,106,2,2,3,76,4,2,3,3,medium-basic
109,4,1,2,101,3,2,3,106,2,2,2,3,medium-basic
98,3,2,3,102,3,2,3,95,4,1,2,3,medium-basic
76,4,1,2,87,2,2,3,110,4,2,2,3,medium-basic
60,3,1,2,95,4,2,2,105,3,2,2,3,medium-basic
71,4,2,2,95,2,2,3,99,4,2,3,3,medium-basic
54,4,1,3,104,2,1,2,63,4,2,3,3,medium-basic
57,2,2,3,61,2,1,3,77,3,1,2,3,medium-basic
93,3,2,2,96,3,2,2,55,2,1,3,3,medium-basic
70,4,2,3,74,3,2,3,84,4,1,2,3,medium-basic
88,2,2,2,94,4,1,3,103,2,2,3,3,medium-basic
98,4,1,3,107,4,1,2,60,2,1,2,3,medium-basic
51,2,2,3,59,3,2,2,109,4,1,3,3,medium-basic
52,4,2,2,53,3,1,3,82,3,1,2,3,medium-basic
90,4,2,2,73,3,2,3,88,3,2,3,3,medium-basic
52,3,1,2,58,2,1,2,75,3,1,3,3,medium-basic
100,3,1,2,103,2,2,3,53,4,1,2,3,medium-basic
57,3,1,2,74,2,1,2,105,2,1,2,3,medium-basic
63,2,1,3,66,2,1,2,64,3,1,3,3,medium-basic
101,4,1,3,64,3,2,3,54,3,1,3,3,medium-basic
53,2,1,3,101,4,2,3,91,4,2,3,3,medium-basic
104,4,1,2,104,3,1,3,70,4,2,3,3,medium-basic
78,4,2,2,102,4,1,3,79,4,1,2,3,medium-basic
64,2,1,3,85,3,1,3,70,2,2,3,3,medium-basic
65,2,1,3,106,3,1,3,54,2,2,3,3,medium-basic
77,2,1,3,94,2,2,2,85,4,2,3,3,medium-basic
71,4,1,2,74,2,2,3,69,2,2,2,3,medium-basic
73,2,1,3,104,4,2,2,59,4,1,3,3,medium-basic
94,4,1,3,76,3,1,2,82,2,2,2,3,medium-basic
102,4,2,3,107,4,1,2,57,3,2,3,3,medium-basic
103,4,1,2,92,4,1,3,52,4,2,3,3,medium-basic
54,4,2,3,63,2,1,2,55,2,1,3,3,medium-basic
60,3,2,2,96,2,2,3,104,4,1,3,3,medium-basic
105,4,2,3,61,4,2,2,51,2,2,3,3,medium-basic
106,4,1,2,70,4,1,2,77,4,2,2,3,medium-basic
107,4,2,3,79,3,1,3,96,4,1,3,3,medium-basic
100,3,2,2,60,2,2,2,49,2,2,2,3,medium-basic
45,3,2,2,79,2,1,2,66,3,2,3,3,medium-basic
93,2,1,3,81,4,2,3,86,3,2,2,3,medium-basic
68,3,1,3,62,2,1,2,108,4,2,2,3,medium-basic
69,4,1,3,45,3,2,2,88,3,1,3,3,medium-basic
49,2,2,3,107,4,2,2,90,2,2,3,3,medium-basic
51,4,2,2,94,2,2,2,104,3,2,3,3,medium-basic
85,2,2,2,52,2,1,2,101,4,2,2,3,medium-basic
78,4,2,3,70,2,1,3,52,4,1,3,3,medium-basic
98,4,1,3,70,3,1,3,110,2,1,3,3,medium-basic
100,2,2,3,89,2,1,3,58,3,2,3,3,medium-basic
75,4,2,2,101,3,2,2,104,2,1,3,3,medium-basic
78,2,1,2,89,3,1,3,57,2,2,2,3,medium-basic
65,2,1,3,58,2,2,2,72,2,2,3,3,medium-basic
55,2,2,2,100,3,1,2,70,3,1,3,3,medium-basic
108,2,2,3,79,4,1,3,57,4,2,3,3,medium-basic
47,2,2,2,75,4,1,3,64,2,1,3,3,medium-basic
93,4,2,2,61,2,1,3,76,4,1,2,3,medium-basic
50,2,2,3,99,2,1,3,110,3,1,2,3,medium-basic
106,3,2,3,50,2,1,2,102,4,2,3,3,medium-basic
80,3,2,3,91,2,1,2,70,4,1,2,3,medium-basic
69,3,1,3,58,3,2,3,88,2,1,2,3,medium-basic
110,4,1,3,57,2,1,2,108,3,1,3,3,medium-basic
51,3,1,3,59,3,2,3,85,2,1,3,3,medium-basic
73,4,1,3,92,2,1,2,61,4,2,3,3,medium-basic
49,4,1,3,101,4,2,2,94,2,1,2,3,medium-basic
70,3,1,2,86,4,2,2,78,3,2,2,3,medium-basic
51,4,1,2,70,2,1,3,62,4,2,3,3,medium-basic
45,4,1,3,95,2,2,3,91,4,2,3,3,medium-basic
60,3,1,3,96,3,2,3,99,4,1,2,3,medium-basic
62,4,1,3,57,4,2,3,81,2,1,2,3,medium-basic
83,3,1,2,93,4,1,3,107,4,2,3,3,medium-basic
67,4,2,3,75,3,2,2,77,4,1,3,3,medium-basic
94,4,1,3,94,3,2,3,98,2,1,2,3,medium-basic
89,3,2,3,73,2,2,2,60,2,2,2,3,medium-basic
56,4,2,2,75,3,1,2,102,2,1,2,3,medium-basic
67,2,2,2,95,4,2,2,80,3,2,3,3,medium-basic
109,4,1,2,88,2,2,2,88,4,1,2,3,medium-basic
80,3,2,2,95,3,2,2,59,3,1,2,3,medium-basic
79,4,2,3,97,3,2,2,47,4,1,2,3,medium-basic
82,4,2,3,87,2,2,3,108,3,2,2,3,medium-basic
104,3,2,2,69,4,2,3,74,2,1,2,3,medium-basic
46,3,2,2,54,3,1,3,80,3,1,3,3,medium-basic
92,4,2,3,103,2,2,3,62,4,2,2,3,medium-basic
73,3,2,3,73,4,2,2,63,4,1,2,3,medium-basic
66,2,1,2,80,2,2,2,80,3,1,2,3,medium-basic
87,2,2,2,94,2,1,2,72,2,1,3,3,medium-basic
53,2,2,3,87,3,2,2,95,2,1,3,3,medium-basic
72,4,2,2,109,2,1,3,82,4,1,2,3,medium-basic
88,3,1,2,81,4,2,3,100,3,2,3,3,medium-basic
73,3,1,2,66,2,2,3,89,2,2,3,3,medium-basic
91,4,1,3,71,4,1,2,71,3,1,3,3,medium-basic
110,2,2,3,70,2,2,3,76,3,2,2,3,medium-basic
105,2,1,3,82,3,1,3,84,2,2,3,3,medium-basic
99,2,1,3,85,4,2,2,52,4,2,2,3,medium-basic
68,4,1,3,90,2,1,2,58,2,1,2,3,medium-basic
81,3,2,3,48,3,2,2,60,2,2,2,3,medium-basic
81,2,2,3,52,4,2,3,81,3,1,3,3,medium-basic
110,2,1,2,53,3,2,3,52,2,1,2,3,medium-basic
83,4,1,3,53,3,2,3,66,4,2,2,3,medium-basic
104,3,1,3,63,4,1,2,74,4,1,3,3,medium-basic
55,4,2,2,63,2,2,3,109,4,2,3,3,medium-basic
93,3,2,2,71,4,2,2,90,3,2,2,3,medium-basic
45,4,2,2,88,3,1,2,102,4,1,2,3,medium-basic
104,2,2,3,82,4,2,3,58,2,1,2,3,medium-basic
61,4,2,3,67,2,2,2,104,4,2,2,3,medium-basic
90,2,2,3,84,2,2,2,68,4,1,2,3,medium-basic
108,3,1,3,84,2,2,2,78,4,1,2,3,medium-basic
56,2,1,3,67,3,1,2,61,2,2,3,3,medium-basic
101,2,1,3,104,4,2,2,61,4,1,2,3,medium-basic
59,3,1,3,47,2,2,3,81,2,2,2,3,medium-basic
109,4,2,2,106,3,1,3,52,2,2,2,3,medium-basic
98,4,2,3,103,4,2,3,86,3,2,2,3,medium-basic
107,2,1,2,95,4,1,2,110,3,2,2,3,medium-basic
75,4,1,2,99,4,1,2,57,4,1,3,3,medium-basic
76,4,2,3,86,4,1,3,86,4,2,2,3,medium-basic
100,4,1,2,59,2,2,3,68,3,1,3,3,medium-basic
98,2,2,2,99,3,2,3,104,2,2,3,3,medium-basic
102,4,1,3,72,4,2,3,92,3,1,3,3,medium-basic
93,2,2,3,74,3,2,2,71,4,1,2,3,medium-basic
92,2,2,3,77,3,1,3,67,4,2,2,3,medium-basic
76,3,1,2,105,3,2,3,64,4,2,3,3,medium-basic
68,2,1,2,76,4,2,3,110,3,2,2,3,medium-basic
50,3,1,2,78,4,2,3,74,2,2,2,3,medium-basic
63,4,2,3,91,4,2,3,49,3,1,2,3,medium-basic
52,2,2,2,75,3,1,3,105,2,2,3,3,medium-basic
46,2,1,3,95,3,1,3,109,3,1,3,3,medium-basic
110,4,1,2,93,2,2,2,79,3,1,3,3,medium-basic
61,2,1,2,100,2,2,3,51,3,1,3,3,medium-basic
77,3,1,3,98,2,1,3,59,4,1,3,3,medium-basic
85,3,2,2,67,4,1,3,95,4,1,2,3,medium-basic
48,3,1,2,59,3,1,2,84,2,2,2,3,medium-basic
62,4,2,3,47,3,2,2,91,4,2,2,3,medium-basic
92,2,1,2,99,4,2,3,62,2,2,2,3,medium-basic
55,3,2,2,50,4,1,3,52,4,1,3,3,medium-basic
76,3,1,3,69,2,2,2,54,2,1,2,3,medium-basic
107,4,1,3,109,4,1,2,109,2,1,2,3,medium-basic
102,2,2,2,88,4,2,3,62,2,2,2,3,medium-basic
87,3,1,2,93,2,1,2,109,3,2,2,3,medium-basic
81,4,2,2,79,2,2,3,90,4,2,2,3,medium-basic
104,4,1,3,80,3,2,3,97,4,2,3,3,medium-basic
77,3,1,3,52,2,2,3,76,2,2,3,3,medium-basic
96,4,2,2,58,2,1,2,51,3,1,3,3,medium-basic
78,2,1,3,65,3,1,2,55,2,1,2,3,medium-basic
52,4,2,3,66,4,1,2,104,2,2,3,3,medium-basic
88,2,2,3,45,3,1,2,78,2,2,3,3,medium-basic
106,2,1,2,76,3,2,2,48,2,2,2,3,medium-basic
50,4,1,2,71,2,2,2,94,4,1,3,3,medium-basic
76,2,1,3,94,2,2,3,71,4,1,2,3,medium-basic
100,4,2,2,74,2,2,3,79,2,1,2,3,medium-basic
70,4,2,3,106,3,1,3,104,3,2,3,3,medium-basic
75,3,2,3,45,4,2,2,50,4,2,2,3,medium-basic
75,2,1,3,45,2,2,2,109,4,1,3,3,medium-basic
68,2,2,2,81,3,2,2,101,3,2,2,3,medium-basic
72,3,2,3,46,4,1,3,83,4,1,2,3,medium-basic
95,4,2,3,85,2,1,3,58,4,1,2,3,medium-basic
72,4,1,3,55,4,1,2,102,2,1,3,3,medium-basic
99,3,2,2,84,2,1,2,73,3,2,2,3,medium-basic
63,3,2,2,63,4,2,2,72,3,1,2,3,medium-basic
59,2,2,3,73,4,1,2,74,3,2,2,3,medium-basic
102,3,2,3,76,2,1,2,51,4,1,2,3,medium-basic
51,2,2,2,98,3,1,2,91,4,2,3,3,medium-basic
90,2,1,3,67,2,1,2,91,3,1,3,3,medium-basic
76,2,1,3,86,2,2,2,46,2,1,2,3,medium-basic
107,2,1,2,108,3,1,2,57,2,1,3,3,medium-basic
61,4,2,3,57,4,1,3,100,2,1,3,3,medium-basic
63,3,1,3,51,4,1,2,109,3,2,3,3,medium-basic
95,4,1,3,73,3,1,2,59,4,1,2,3,medium-basic
102,3,1,3,110,4,2,2,74,3,2,3,3,medium-basic
94,4,2,2,77,2,2,2,47,3,1,3,3,medium-basic
103,3,1,3,105,2,2,3,88,2,2,3,3,medium-basic
95,4,1,3,92,2,2,3,101,3,2,3,3,medium-basic
77,2,2,2,54,3,2,2,93,3,2,2,3,medium-basic
71,4,1,3,47,2,2,2,64,2,1,3,3,medium-basic
70,4,1,2,98,2,1,3,96,2,1,3,3,medium-basic
70,2,2,2,54,3,1,3,105,4,1,3,3,medium-basic
65,3,2,3,79,2,2,3,67,3,2,3,3,medium-basic
87,2,2,2,58,3,2,3,72,4,1,3,3,medium-basic
90,3,1,2,102,4,2,3,69,3,1,3,3,medium-basic
67,3,2,3,81,2,2,3,106,3,2,2,3,medium-basic
102,4,1,3,96,2,2,3,96,4,1,3,3,medium-basic
90,4,1,2,85,3,2,3,67,4,2,2,3,medium-basic
64,4,2,3,75,4,2,3,75,3,1,2,3,medium-basic
55,4,1,2,52,4,1,3,63,2,2,3,3,medium-basic
57,2,2,2,62,2,2,2,97,4,1,2,3,medium-basic
67,2,2,2,101,3,2,3,68,4,2,3,3,medium-basic
99,3,2,2,98,3,1,3,102,2,2,2,3,medium-basic
101,3,2,2,68,2,1,3,83,3,1,2,3,medium-basic
83,3,2,3,93,3,1,3,79,4,2,3,3,medium-basic
82,2,2,2,58,3,1,2,109,4,2,3,3,medium-basic
100,2,1,2,54,3,2,2,85,3,2,2,3,medium-basic
55,4,2,3,52,3,1,3,50,2,2,2,3,medium-basic
77,2,2,3,45,2,2,2,105,3,1,3,3,medium-basic
56,3,1,3,61,4,2,2,101,4,1,3,3,medium-basic
65,3,2,3,103,3,1,3,96,4,2,3,3,medium-basic
103,4,1,3,63,2,2,3,60,4,1,2,3,medium-basic
78,2,1,3,58,2,1,2,91,4,2,2,3,medium-basic
68,4,1,3,58,2,2,2,87,2,2,3,3,medium-basic
85,4,1,3,59,4,2,2,61,3,2,2,3,medium-basic
54,2,1,3,63,3,2,2,49,4,2,2,3,medium-basic
77,2,1,2,107,2,2,2,50,3,2,2,3,medium-basic
51,4,2,3,62,2,2,2,88,4,1,3,3,medium-basic
90,4,2,3,105,4,1,2,70,2,2,3,3,medium-basic
47,4,2,2,91,2,1,3,61,2,2,3,3,medium-basic
59,2,2,2,57,3,2,2,93,4,2,2,3,medium-basic
73,3,1,3,53,3,2,2,88,4,1,3,3,medium-basic
52,3,1,2,65,2,1,3,78,2,1,3,3,medium-basic
94,4,1,2,97,2,1,2,104,4,1,3,3,medium-basic
78,4,1,2,97,3,1,3,69,2,2,3,3,medium-basic
80,2,2,3,96,2,2,2,98,3,2,2,3,medium-basic
56,2,2,3,103,2,1,2,83,2,1,3,3,medium-basic
110,4,1,2,90,2,1,2,100,4,2,2,3,medium-basic
62,4,2,3,83,4,2,2,59,3,2,2,3,medium-basic
57,3,1,2,55,2,2,3,88,3,2,3,3,medium-basic
99,2,2,3,97,4,1,2,67,2,2,3,3,medium-basic
88,4,2,3,68,4,1,3,70,3,1,3,3,medium-basic
62,3,2,2,54,3,2,3,92,4,2,2,3,medium-basic
73,4,1,3,108,2,2,2,76,2,2,2,3,medium-basic
109,2,2,3,58,3,2,3,69,3,2,3,3,medium-basic
102,4,1,3,107,2,2,2,80,2,2,3,3,medium-basic
107,2,1,2,63,3,1,3,62,3,2,2,3,medium-basic
101,3,2,3,103,2,2,3,98,2,1,3,3,medium-basic
72,4,2,2,51,2,2,3,63,2,1,2,3,medium-basic
68,4,1,2,81,2,2,2,92,4,2,2,3,medium-basic
56,3,1,2,73,4,2,2,68,4,1,2,3,medium-basic
110,4,1,3,63,2,2,2,103,4,2,2,3,medium-basic
106,4,1,3,55,3,2,3,65,4,1,2,3,medium-basic
79,3,2,3,108,2,1,3,106,3,1,2,3,medium-basic
103,4,1,2,67,4,1,2,46,3,2,2,3,medium-basic
53,2,2,2,105,4,1,3,82,3,1,2,3,medium-basic
52,4,1,3,82,2,2,2,54,3,1,2,3,medium-basic
78,3,1,3,93,2,2,3,99,3,1,3,3,medium-basic
87,3,2,3,61,4,1,3,64,4,1,3,3,medium-basic
52,2,2,2,106,3,1,3,86,3,1,2,3,medium-basic
58,3,2,2,97,2,2,2,73,3,2,2,3,medium-basic
87,3,1,3,83,4,2,2,75,2,2,2,3,medium-basic
64,2,1,2,83,3,2,2,106,4,1,3,3,medium-basic
71,4,2,3,46,4,1,3,103,3,1,3,3,medium-basic
108,4,1,2,56,2,2,2,78,4,1,2,3,medium-basic
45,3,2,2,64,4,2,2,84,4,2,3,3,medium-basic
63,2,2,2,48,3,1,3,66,4,1,2,3,medium-basic
77,2,2,3,109,4,1,3,79,3,1,2,3,medium-basic
64,4,1,3,56,2,1,3,78,3,1,3,3,medium-basic
83,4,2,3,61,4,2,3,81,3,2,3,3,medium-basic
83,4,2,3,66,3,2,2,105,4,2,3,3,medium-basic
57,3,1,2,61,3,1,3,76,4,1,3,3,medium-basic
62,3,1,3,87,4,2,3,74,4,2,3,3,medium-basic
88,4,1,2,96,4,2,3,58,4,2,2,3,medium-basic
59,2,1,2,79,3,1,2,61,2,2,2,3,medium-basic
82,2,1,2,67,2,1,3,83,3,2,2,3,medium-basic
55,4,2,2,104,4,1,3,97,3,1,3,3,medium-basic
90,2,1,3,74,3,2,3,45,4,2,3,3,medium-basic
104,2,1,2,68,4,2,3,103,2,2,3,3,medium-basic
106,2,2,2,52,3,1,3,71,3,1,2,3,medium-basic
101,3,1,2,104,2,1,3,89,3,1,3,3,medium-basic
98,3,1,3,101,4,2,2,101,4,1,2,3,medium-basic
78,4,2,3,80,2,2,2,83,3,2,2,3,medium-basic
108,3,1,2,105,3,2,3,82,2,2,2,3,medium-basic
79,3,2,2,69,2,2,3,51,4,1,2,3,medium-basic
73,3,2,3,77,3,1,2,78,2,1,3,3,medium-basic
86,4,2,3,53,2,1,2,60,4,2,2,3,medium-basic
84,4,2,3,93,4,2,2,46,2,2,3,3,medium-basic
107,2,2,3,71,3,2,2,76,2,1,2,3,medium-basic
63,4,1,3,87,4,1,2,49,2,1,2,3,medium-basic
102,3,2,3,74,4,1,2,49,4,1,3,3,medium-basic
108,2,1,2,96,4,1,3,91,2,2,2,3,medium-basic
57,4,1,2,91,3,1,3,70,2,2,3,3,medium-basic
77,4,2,2,81,2,2,3,107,2,2,2,3,medium-basic
106,2,2,2,61,4,1,2,53,3,1,3,3,medium-basic
101,4,1,3,68,4,2,3,109,4,2,2,3,medium-basic
94,2,1,2,62,2,2,3,96,3,1,3,3,medium-basic
72,3,2,2,101,2,1,3,54,3,1,3,3,medium-basic
93,3,1,2,78,4,2,2,85,4,1,2,3,medium-basic
96,4,1,3,81,3,2,3,83,3,2,3,3,medium-basic
80,2,1,2,99,2,1,2,91,4,1,3,3,medium-basic
60,2,1,2,90,4,1,3,48,2,1,3,3,medium-basic
51,4,1,2,59,2,2,3,54,2,2,2,3,medium-basic
95,4,2,3,52,4,1,2,78,3,2,2,3,medium-basic
81,3,2,2,88,3,2,3,58,2,2,2,3,medium-basic
98,2,1,2,107,4,2,3,48,4,1,2,3,medium-basic
48,3,2,2,54,3,1,3,76,3,1,2,3,medium-basic
102,3,2,2,85,4,1,2,62,3,2,2,3,medium-basic
90,4,2,3,67,4,2,2,88,3,1,2,3,medium-basic
96,4,1,2,103,4,1,2,85,3,1,2,3,medium-basic
103,4,1,2,98,2,2,2,56,4,1,3,3,medium-basic
69,2,2,2,59,2,1,2,92,2,1,2,3,medium-basic
86,2,1,3,87,3,2,3,110,3,2,2,3,medium-basic
87,4,1,2,65,3,1,2,106,2,2,2,3,medium-basic
104,4,1,2,59,2,2,2,72,2,2,2,3,medium-basic
92,2,1,3,103,2,2,3,88,3,1,2,3,medium-basic
80,3,2,2,92,3,1,2,98,3,2,3,3,medium-basic
51,4,1,2,66,4,2,3,86,4,2,2,3,medium-basic
102,3,2,3,62,2,2,3,80,4,1,3,3,medium-basic
95,2,2,3,109,2,2,3,95,3,2,3,3,medium-basic
95,2,1,2,75,2,2,3,100,3,1,3,3,medium-basic
62,2,1,3,71,4,1,3,63,3,2,3,3,medium-basic
81,3,2,2,104,4,2,2,80,2,2,3,3,medium-basic
57,4,2,2,81,3,2,3,105,2,1,3,3,medium-basic
79,3,1,2,79,2,1,2,47,2,1,3,3,medium-basic
61,3,1,3,72,4,2,2,51,3,2,2,3,medium-basic
76,2,1,2,63,2,2,2,86,3,1,2,3,medium-basic
72,4,2,2,104,2,1,3,93,2,1,3,3,medium-basic
97,4,2,3,93,2,1,3,84,3,2,3,3,medium-basic
53,3,2,3,110,4,1,3,80,4,2,3,3,medium-basic
55,3,2,3,55,3,1,3,46,4,2,2,3,medium-basic
75,3,2,3,52,3,1,3,49,4,2,2,3,medium-basic
73,2,2,3,57,3,1,3,51,2,1,2,3,medium-basic
49,4,2,2,45,4,1,2,72,3,2,2,3,medium-basic
65,2,2,3,94,2,1,3,108,2,1,3,3,medium-basic
61,4,1,2,79,2,1,3,86,4,2,2,3,medium-basic
97,2,1,3,100,2,1,3,51,4,2,3,3,medium-basic
83,3,2,3,49,4,2,2,86,3,2,3,3,medium-basic
89,4,1,2,96,2,2,3,82,4,2,2,3,medium-basic
71,2,1,2,61,3,1,2,89,4,1,2,3,medium-basic
59,4,2,3,108,2,2,3,46,2,2,2,3,medium-basic
49,2,1,3,59,3,1,2,107,2,2,2,3,medium-basic
86,4,1,3,103,2,2,2,107,2,1,2,3,medium-basic
84,4,1,2,67,4,1,3,104,4,2,3,3,medium-basic
71,2,1,2,75,3,2,3,102,4,2,3,3,medium-basic
83,2,1,2,48,3,2,3,61,2,2,2,3,medium-basic
81,3,2,2,93,3,1,3,107,4,2,2,3,medium-basic
50,2,2,3,60,2,2,2,92,2,1,3,3,medium-basic
86,4,2,3,48,3,2,2,51,2,2,2,3,medium-basic
71,4,2,3,62,3,1,3,104,4,1,2,3,medium-basic
64,4,2,2,94,3,1,2,79,4,2,2,3,medium-basic
84,2,2,3,61,2,2,3,48,2,1,2,3,medium-basic
83,4,1,2,52,2,2,2,108,3,1,2,3,medium-basic
108,2,1,2,83,3,2,2,82,2,2,3,3,medium-basic
51,4,1,2,61,4,1,2,94,3,1,2,3,medium-basic
76,2,2,3,50,3,1,2,84,4,2,2,3,medium-basic
49,2,2,3,105,2,1,3,96,4,1,2,3,medium-basic
77,3,1,2,109,4,1,2,95,4,2,3,3,medium-basic
70,2,2,3,99,2,1,3,61,3,1,2,3,medium-basic
56,3,1,3,98,3,1,2,75,4,2,3,3,medium-basic
101,3,1,3,52,3,1,2,51,2,2,3,3,medium-basic
74,3,1,2,71,4,2,2,88,3,2,2,3,medium-basic
92,4,2,2,81,2,1,3,95,3,2,2,3,medium-basic
51,4,2,2,65,4,1,2,106,2,2,3,3,medium-basic
72,3,2,2,62,3,1,3,48,3,1,3,3,medium-basic
53,3,2,2,65,4,2,3,105,4,1,2,3,medium-basic
90,3,1,3,69,2,1,2,74,2,1,3,3,medium-basic
73,2,2,3,108,3,2,3,48,3,2,2,3,medium-basic
56,4,2,2,66,4,2,3,74,3,1,3,3,medium-basic
78,3,1,3,79,2,1,2,53,3,2,2,3,medium-basic
66,2,1,3,104,4,2,2,86,2,2,2,3,medium-basic
97,3,1,3,63,4,1,3,99,4,2,3,3,medium-basic
48,3,1,3,104,4,2,3,94,4,2,3,3,medium-basic
84,3,1,2,91,3,1,3,81,2,2,2,3,medium-basic
65,3,2,3,99,2,1,2,67,2,2,3,3,medium-basic
71,3,2,3,69,3,2,2,110,2,1,3,3,medium-basic
66,4,1,2,45,2,2,3,97,3,1,2,3,medium-basic
81,3,2,3,81,3,2,2,105,2,1,2,3,medium-basic
105,4,2,2,107,3,1,3,62,2,2,3,3,medium-basic
56,3,2,2,103,2,1,3,110,4,1,3,3,medium-basic
99,2,1,3,82,2,2,3,85,3,1,2,3,medium-basic
94,3,2,2,68,3,2,3,73,3,2,3,3,medium-basic
110,3,2,3,69,2,2,2,100,4,1,3,3,medium-basic
61,2,1,2,58,3,1,2,82,4,1,3,3,medium-basic
62,2,2,3,64,3,1,3,100,3,2,2,3,medium-basic
51,4,1,3,72,2,1,2,64,2,2,3,3,medium-basic
61,2,1,3,104,2,2,3,78,2,1,3,3,medium-basic
94,4,1,2,55,3,1,2,58,4,2,3,3,medium-basic
95,2,2,3,70,4,2,3,74,2,2,3,3,medium-basic
63,4,2,2,65,3,2,2,98,3,1,3,3,medium-basic
50,4,1,3,103,4,1,3,47,4,2,3,3,medium-basic
74,4,1,3,110,2,2,2,66,3,1,3,3,medium-basic
54,2,1,2,82,4,1,2,59,2,1,3,3,medium-basic
96,3,2,3,98,3,2,2,46,4,1,2,3,medium-basic
66,2,2,3,58,3,2,3,81,3,1,3,3,medium-basic
81,3,1,2,86,2,2,2,73,3,1,2,3,medium-basic
50,3,2,2,60,4,2,3,109,4,2,2,3,medium-basic
61,4,1,3,74,2,2,3,109,4,2,2,3,medium-basic
82,3,2,2,66,2,2,3,102,3,1,2,3,medium-basic
79,3,2,3,104,2,1,3,56,2,1,3,3,medium-basic
97,3,2,3,76,4,1,3,57,2,1,2,3,medium-basic
77,3,2,2,68,2,2,3,72,4,2,2,3,medium-basic
69,3,1,2,96,2,2,2,58,4,2,3,3,medium-basic
58,2,2,3,76,3,2,3,80,2,2,2,3,medium-basic
62,2,1,3,86,4,2,2,93,4,1,2,3,medium-basic
48,2,2,2,73,4,1,2,83,4,1,3,3,medium-basic
52,3,2,2,70,4,1,3,57,2,2,2,3,medium-basic
46,4,1,3,105,2,2,3,107,3,2,2,3,medium-basic
90,2,1,2,47,2,2,2,93,3,2,3,3,medium-basic
68,4,2,3,110,4,2,2,73,2,1,2,3,medium-basic
79,2,1,2,91,3,2,3,56,2,2,2,3,medium-basic
48,2,2,2,108,2,2,2,95,2,1,3,3,medium-basic
104,3,2,2,72,2,2,3,68,2,1,3,3,medium-basic
65,3,1,3,96,4,2,3,86,2,1,2,3,medium-basic
88,3,2,2,83,4,2,2,48,2,2,2,3,medium-basic
97,3,2,2,103,3,2,3,48,4,1,2,3,medium-basic
65,2,2,3,76,2,2,2,61,2,1,2,3,medium-basic
100,2,2,3,64,4,2,2,89,2,1,3,3,medium-basic
67,2,2,2,61,4,2,2,91,4,1,3,3,medium-basic
80,2,2,2,76,3,2,2,83,4,2,3,3,medium-basic
92,4,2,3,102,3,1,3,72,3,2,2,3,medium-basic
61,4,2,2,104,2,1,3,56,4,2,3,3,medium-basic
83,3,1,2,107,2,1,3,108,4,2,2,3,medium-basic
98,2,2,3,107,4,2,3,75,4,1,3,3,medium-basic
65,2,1,2,73,3,2,2,51,4,2,2,3,medium-basic
61,4,1,2,81,3,2,3,92,4,1,3,3,medium-basic
95,2,1,2,87,4,2,3,96,4,2,2,3,medium-basic
62,2,2,3,78,4,2,2,58,2,2,3,3,medium-basic
79,4,2,3,108,4,1,3,47,2,2,3,3,medium-basic
95,2,2,3,74,4,2,3,60,3,1,2,3,medium-basic
94,4,1,2,97,4,2,2,57,4,2,3,3,medium-basic
94,3,1,3,57,2,2,3,108,3,1,2,3,medium-basic
57,2,2,3,99,2,1,2,70,3,2,2,3,medium-basic
70,4,2,2,85,2,1,2,62,2,2,3,3,medium-basic
92,3,2,2,90,2,1,2,87,3,2,2,3,medium-basic
98,2,2,3,67,3,1,3,71,2,2,3,3,medium-basic
54,2,1,2,47,3,1,3,95,3,2,3,3,medium-basic
71,3,2,3,82,2,2,2,60,2,2,3,3,medium-basic
66,3,2,2,62,3,1,3,100,2,1,2,3,medium-basic
48,4,1,2,61,3,1,2,75,4,2,2,3,medium-basic
101,2,1,3,84,3,2,3,52,4,2,2,3,medium-basic
52,4,2,2,95,2,2,2,80,4,1,3,3,medium-basic
63,4,2,2,88,2,2,3,51,4,1,2,3,medium-basic
81,4,1,3,63,2,2,2,103,2,2,3,3,medium-basic
107,4,2,2,54,3,2,3,95,3,2,2,3,medium-basic
102,3,2,2,65,2,2,2,62,4,1,2,3,medium-basic
67,4,1,2,106,3,1,2,86,4,2,2,3,medium-basic
88,4,2,2,72,3,1,2,80,3,2,2,3,medium-basic
53,4,1,3,63,2,2,2,56,2,2,2,3,medium-basic
58,4,2,2,91,3,1,3,79,3,2,2,3,medium-basic
105,2,1,2,73,4,2,2,67,4,1,2,3,medium-basic
46,2,2,2,89,2,2,3,98,3,1,3,3,medium-basic
70,3,2,3,75,3,1,2,102,3,2,2,3,medium-basic
97,3,1,2,104,2,2,2,65,3,2,3,3,medium-basic
103,4,2,2,72,4,2,3,65,2,2,2,3,medium-basic
75,2,2,2,45,2,1,2,110,4,1,3,3,medium-basic
96,3,2,2,90,4,2,3,81,3,1,2,3,medium-basic
86,3,1,2,78,4,1,2,84,4,2,3,3,medium-basic
45,2,2,2,101,3,1,3,104,2,2,2,3,medium-basic
104,3,1,3,107,3,1,2,78,2,2,2,3,medium-basic
90,3,2,2,62,3,1,3,90,2,2,3,3,medium-basic
55,3,2,2,51,4,2,2,58,2,2,2,3,medium-basic
82,3,1,3,53,3,2,3,96,4,1,2,3,medium-basic
52,3,2,2,70,4,2,3,65,4,2,2,3,medium-basic
96,3,1,3,106,4,2,3,102,3,2,2,3,medium-basic
83,2,2,2,94,4,1,2,101,3,2,2,3,medium-basic
46,4,2,3,108,4,1,3,94,4,2,2,3,medium-basic
91,3,2,3,65,3,1,3,89,2,2,3,3,medium-basic
87,3,1,2,48,3,1,3,82,3,2,2,3,medium-basic
75,4,2,2,69,2,2,3,81,4,2,2,3,medium-basic
65,3,2,2,101,4,2,2,87,2,2,2,3,medium-basic
61,2,2,2,97,3,2,3,83,4,1,2,3,medium-basic
104,3,1,2,61,2,1,2,61,3,1,2,3,medium-basic
52,4,1,2,56,4,1,2,99,2,1,2,3,medium-basic
69,3,1,3,109,4,2,3,51,2,1,2,3,medium-basic
97,3,1,2,95,3,1,3,49,4,2,3,3,medium-basic
101,2,1,2,59,3,1,3,69,4,1,3,3,medium-basic
98,4,2,2,98,2,2,2,47,4,2,2,3,medium-basic
110,4,1,3,82,2,2,2,97,2,2,2,3,medium-basic
106,4,2,3,83,4,2,3,73,3,2,3,3,medium-basic
107,2,2,3,71,4,1,3,77,3,1,3,3,medium-basic
49,4,2,2,71,4,2,2,106,3,1,3,3,medium-basic
45,2,1,3,110,3,1,3,67,3,1,3,3,medium-basic
92,2,1,2,64,2,1,3,70,2,2,2,3,medium-basic
61,2,1,2,71,3,1,2,85,3,2,3,3,medium-basic
74,2,2,2,103,3,1,3,88,3,2,3,3,medium-basic
67,3,2,3,47,3,2,2,73,2,2,3,3,medium-basic
85,3,2,3,59,3,1,2,93,4,1,2,3,medium-basic
70,3,1,3,60,4,1,2,45,2,1,2,3,medium-basic
90,3,2,3,67,3,1,2,107,3,1,3,3,medium-basic
75,2,2,3,53,2,1,3,80,3,1,3,3,medium-basic
62,4,2,2,78,2,2,2,59,3,1,2,3,medium-basic
87,2,1,2,80,4,1,3,69,4,1,2,3,medium-basic
85,4,1,3,77,3,1,2,63,4,1,3,3,medium-basic
48,4,1,3,82,2,1,2,77,3,1,3,3,medium-basic
95,3,1,2,67,4,1,3,97,3,2,2,3,medium-basic
79,3,1,3,106,3,2,3,77,4,1,2,3,medium-basic
58,4,2,2,66,2,1,3,87,3,1,2,3,medium-basic
102,3,2,3,84,2,1,3,70,4,1,3,3,medium-basic
64,3,2,2,84,3,1,2,91,2,2,2,4,medium-moderate
66,2,0,3,44,3,2,3,62,3,0,2,4,medium-moderate
52,2,2,2,89,3,1,2,56,2,2,2,4,medium-moderate
83,2,0,2,54,3,0,2,43,3,0,2,4,medium-moderate
100,3,1,3,90,3,0,2,74,2,1,3,4,medium-moderate
40,2,0,3,49,2,1,2,87,3,1,2,4,medium-moderate
72,2,2,2,87,2,2,2,94,3,1,2,4,medium-moderate
61,2,0,2,41,2,0,2,95,3,0,3,4,medium-moderate
83,3,0,2,65,2,1,3,65,3,0,3,4,medium-moderate
55,3,0,2,72,3,2,2,61,3,1,3,4,medium-moderate
47,3,0,2,95,2,2,2,67,2,2,3,4,medium-moderate
61,3,0,3,95,2,0,3,82,3,1,2,4,medium-moderate
97,2,1,2,44,3,0,3,97,2,0,3,4,medium-moderate
68,3,2,2,62,3,0,3,71,3,1,2,4,medium-moderate
98,2,1,2,75,2,1,3,58,2,1,2,4,medium-moderate
72,3,0,3,70,2,1,3,64,2,1,3,4,medium-moderate
52,2,2,2,58,2,1,2,95,2,0,3,4,medium-moderate
58,3,1,3,80,3,0,3,91,2,2,2,4,medium-moderate
44,3,0,3,47,3,0,2,74,3,2,3,4,medium-moderate
49,2,0,3,64,3,0,3,44,2,1,2,4,medium-moderate
56,3,0,3,56,2,0,3,66,3,0,2,4,medium-moderate
72,3,1,3,70,2,1,2,82,2,1,2,4,medium-moderate
42,3,0,3,89,3,2,2,72,3,1,3,4,medium-moderate
80,3,2,2,84,2,2,2,99,3,0,2,4,medium-moderate
43,3,1,3,71,3,0,3,89,3,0,2,4,medium-moderate
62,3,1,2,63,2,0,3,65,3,2,2,4,medium-moderate
72,2,2,2,43,3,1,3,82,3,2,3,4,medium-moderate
78,2,2,3,40,2,2,3,61,2,1,2,4,medium-moderate
80,2,1,3,81,2,1,3,42,2,0,2,4,medium-moderate
86,2,2,2,91,2,0,2,95,3,1,3,4,medium-moderate
88,3,1,2,76,2,2,2,67,3,0,2,4,medium-moderate
73,3,1,2,63,3,2,2,67,3,1,3,4,medium-moderate
50,2,1,2,87,3,0,3,76,3,1,3,4,medium-moderate
62,2,0,3,55,3,1,2,57,2,0,3,4,medium-moderate
91,3,1,2,100,3,0,2,84,2,1,3,4,medium-moderate
84,3,2,2,85,2,1,3,56,2,2,3,4,medium-moderate
52,2,1,2,43,2,2,2,89,2,1,2,4,medium-moderate
45,3,1,3,47,2,1,3,83,2,1,3,4,medium-moderate
66,2,1,3,89,3,2,2,51,3,0,3,4,medium-moderate
55,2,0,2,86,2,0,3,69,3,2,3,4,medium-moderate
54,2,2,3,61,2,1,2,69,2,2,3,4,medium-moderate
62,3,0,3,52,2,2,2,80,3,2,3,4,medium-moderate
70,3,2,2,49,3,2,2,83,2,0,2,4,medium-moderate
63,2,2,3,81,2,2,3,83,2,1,2,4,medium-moderate
76,2,2,2,88,2,0,2,95,2,1,3,4,medium-moderate
92,2,1,2,56,3,0,2,62,2,0,3,4,medium-moderate
55,2,1,2,50,3,1,3,66,3,0,2,4,medium-moderate
95,2,1,2,44,2,2,2,72,3,1,3,4,medium-moderate
58,3,2,2,92,2,1,2,90,3,1,3,4,medium-moderate
67,2,2,3,67,2,2,2,68,3,0,2,4,medium-moderate
41,2,1,3,84,2,0,2,96,2,0,3,4,medium-moderate
79,2,2,3,50,3,2,2,52,3,0,2,4,medium-moderate
48,2,0,3,80,3,2,2,52,3,2,3,4,medium-moderate
82,3,0,2,68,3,2,2,71,2,2,3,4,medium-moderate
88,3,0,3,59,3,2,3,62,3,1,2,4,medium-moderate
79,3,1,3,71,2,2,3,72,3,0,2,4,medium-moderate
62,2,1,2,52,3,2,3,76,3,1,3,4,medium-moderate
41,3,1,3,93,2,1,3,55,3,0,3,4,medium-moderate
85,3,2,2,70,3,2,2,54,3,1,2,4,medium-moderate
53,3,1,3,89,2,1,2,87,2,2,2,4,medium-moderate
76,3,1,3,55,3,1,2,95,2,0,2,4,medium-moderate
53,2,2,2,57,3,2,3,44,3,1,3,4,medium-moderate
79,2,2,2,96,2,2,3,86,2,1,3,4,medium-moderate
87,2,0,3,99,2,1,3,42,3,1,3,4,medium-moderate
90,3,0,2,40,3,1,2,73,3,0,3,4,medium-moderate
88,2,2,2,77,2,1,3,90,2,0,2,4,medium-moderate
52,3,0,2,95,2,0,3,77,3,0,2,4,medium-moderate
41,2,0,2,42,3,2,3,48,3,2,2,4,medium-moderate
45,3,0,2,78,3,0,2,63,2,2,3,4,medium-moderate
64,3,2,3,42,2,0,3,43,2,0,2,4,medium-moderate
60,2,1,2,97,2,2,2,64,2,0,3,4,medium-moderate
48,2,1,3,48,3,2,3,79,3,0,2,4,medium-moderate
71,2,0,3,97,2,2,3,52,3,0,3,4,medium-moderate
63,2,1,3,93,3,0,3,91,2,0,2,4,medium-moderate
71,2,0,3,88,2,2,3,69,3,0,2,4,medium-moderate
96,2,1,2,79,2,2,3,93,2,1,2,4,medium-moderate
79,2,2,2,45,2,1,2,75,3,2,2,4,medium-moderate
96,3,0,3,48,3,1,3,72,3,2,2,4,medium-moderate
56,2,2,3,54,3,1,3,88,2,0,2,4,medium-moderate
81,2,2,2,79,3,1,3,46,2,1,3,4,medium-moderate
91,2,0,2,93,2,0,3,63,3,2,2,4,medium-moderate
93,3,0,3,87,3,2,2,53,2,1,3,4,medium-moderate
93,3,2,3,68,3,0,2,53,2,2,2,4,medium-moderate
98,2,1,2,89,3,1,2,87,3,2,2,4,medium-moderate
84,3,1,3,89,3,0,3,88,3,0,2,4,medium-moderate
56,3,1,2,69,2,0,2,92,3,0,3,4,medium-moderate
78,3,0,3,52,2,1,3,74,2,0,3,4,medium-moderate
96,2,2,2,93,2,2,2,52,2,1,2,4,medium-moderate
94,2,0,3,51,2,2,2,100,2,1,2,4,medium-moderate
85,3,0,2,60,3,0,2,72,2,0,2,4,medium-moderate
56,2,0,3,71,3,1,3,87,3,2,2,4,medium-moderate
99,2,0,3,56,3,0,2,73,3,0,3,4,medium-moderate
63,2,2,3,64,3,1,2,58,2,0,2,4,medium-moderate
80,3,2,3,59,3,0,3,62,3,2,2,4,medium-moderate
44,3,1,2,89,2,0,2,51,3,2,2,4,medium-moderate
74,3,0,2,55,2,1,3,94,2,1,3,4,medium-moderate
100,3,1,3,40,2,2,2,86,2,0,2,4,medium-moderate
77,2,0,3,75,2,0,2,59,3,2,3,4,medium-moderate
52,3,0,3,98,2,2,3,84,2,0,3,4,medium-moderate
49,2,2,2,71,2,1,2,64,2,0,2,4,medium-moderate
64,2,1,3,80,2,2,3,74,3,1,3,4,medium-moderate
48,2,2,2,78,3,0,3,100,2,2,3,4,medium-moderate
51,2,2,2,64,2,2,2,48,2,2,3,4,medium-moderate
56,2,0,3,79,3,0,3,92,2,1,2,4,medium-moderate
47,3,2,3,62,2,1,2,53,3,1,3,4,medium-moderate
60,2,0,3,88,2,1,3,56,3,1,2,4,medium-moderate
91,3,1,2,53,3,1,3,92,2,1,3,4,medium-moderate
81,2,1,3,70,2,1,2,41,3,2,2,4,medium-moderate
44,2,0,3,79,3,0,2,42,3,2,3,4,medium-moderate
83,2,0,2,97,2,0,2,62,2,0,2,4,medium-moderate
59,3,2,3,83,3,2,2,94,3,0,3,4,medium-moderate
79,2,1,2,44,2,1,2,83,3,2,2,4,medium-moderate
90,2,0,3,81,3,1,3,87,3,1,3,4,medium-moderate
44,3,1,3,96,2,2,2,59,3,1,3,4,medium-moderate
54,2,1,3,82,3,1,2,44,2,1,2,4,medium-moderate
59,3,1,3,70,3,2,2,48,3,1,3,4,medium-moderate
100,2,1,3,53,3,2,3,55,3,2,3,4,medium-moderate
57,3,0,3,69,3,2,2,64,2,2,3,4,medium-moderate
40,2,0,3,66,3,1,2,48,3,1,2,4,medium-moderate
49,3,2,2,50,2,1,3,95,3,1,2,4,medium-moderate
63,2,2,2,78,3,1,3,96,3,2,2,4,medium-moderate
42,2,1,3,94,2,2,2,70,2,1,2,4,medium-moderate
73,2,0,3,59,2,1,3,57,3,2,3,4,medium-moderate
73,2,2,2,47,2,1,3,99,2,1,3,4,medium-moderate
81,2,2,2,71,2,0,2,94,3,1,3,4,medium-moderate
43,2,2,2,73,2,0,2,51,3,0,3,4,medium-moderate
46,3,2,2,90,2,1,3,82,3,0,2,4,medium-moderate
57,2,1,2,73,3,0,2,68,2,0,3,4,medium-moderate
88,2,2,2,48,3,2,3,89,3,0,3,4,medium-moderate
90,3,1,2,42,3,0,3,81,3,2,3,4,medium-moderate
97,3,1,2,63,2,0,2,82,3,2,3,4,medium-moderate
67,3,1,3,82,3,1,3,66,3,0,3,4,medium-moderate
53,2,0,2,95,3,0,3,83,2,0,3,4,medium-moderate
78,2,0,2,76,2,0,2,40,3,1,2,4,medium-moderate
88,3,0,2,89,3,1,3,70,3,0,3,4,medium-moderate
96,2,2,2,85,3,1,2,71,2,0,3,4,medium-moderate
99,2,1,2,75,3,1,3,94,2,1,3,4,medium-moderate
52,3,1,2,71,2,1,3,86,2,1,2,4,medium-moderate
83,3,0,2,92,2,0,3,46,3,1,3,4,medium-moderate
64,3,0,3,50,2,2,3,85,2,2,2,4,medium-moderate
64,3,2,2,68,2,1,3,85,3,1,3,4,medium-moderate
47,3,2,3,59,3,2,3,80,3,0,3,4,medium-moderate
52,3,1,3,75,3,1,3,56,3,0,3,4,medium-moderate
60,3,2,3,60,3,2,3,92,2,1,3,4,medium-moderate
60,3,1,2,69,2,1,2,45,3,0,2,4,medium-moderate
58,2,1,3,72,3,2,3,41,3,0,3,4,medium-moderate
96,3,1,2,95,3,2,3,100,3,2,2,4,medium-moderate
67,3,2,2,59,2,0,3,96,2,2,3,4,medium-moderate
61,3,0,2,95,3,2,3,60,3,1,3,4,medium-moderate
78,2,1,2,61,2,2,3,45,3,1,2,4,medium-moderate
46,3,0,2,68,2,2,3,67,3,2,3,4,medium-moderate
60,2,2,2,54,3,1,3,75,3,2,3,4,medium-moderate
53,3,1,3,42,2,2,2,95,2,1,3,4,medium-moderate
49,2,0,3,72,3,2,2,93,2,0,3,4,medium-moderate
86,3,1,2,57,3,1,3,61,2,1,3,4,medium-moderate
81,3,1,3,55,3,2,2,92,2,1,3,4,medium-moderate
61,3,0,2,47,3,0,3,92,2,0,3,4,medium-moderate
72,2,1,3,87,3,0,3,79,2,0,2,4,medium-moderate
40,3,1,3,52,2,1,2,95,2,0,2,4,medium-moderate
100,2,0,3,55,3,2,2,63,2,0,3,4,medium-moderate
98,2,0,2,43,3,1,3,80,3,0,3,4,medium-moderate
46,2,2,2,88,2,1,2,76,3,1,3,4,medium-moderate
67,2,0,3,52,2,0,2,74,2,1,2,4,medium-moderate
93,2,1,2,98,3,1,2,96,2,0,3,4,medium-moderate
94,3,1,2,93,2,0,3,74,3,1,2,4,medium-moderate
46,3,1,3,63,3,2,3,83,3,2,3,4,medium-moderate
84,2,2,2,95,3,2,2,45,2,2,3,4,medium-moderate
81,2,2,2,76,2,1,3,52,3,2,2,4,medium-moderate
66,2,0,3,88,3,1,3,77,2,1,3,4,medium-moderate
54,2,0,2,98,2,1,2,84,3,2,2,4,medium-moderate
59,2,1,3,85,2,1,2,48,2,1,2,4,medium-moderate
60,3,1,3,61,2,0,3,82,2,1,3,4,medium-moderate
77,3,2,3,41,3,1,3,78,2,0,3,4,medium-moderate
67,3,2,3,76,3,1,2,63,2,0,3,4,medium-moderate
89,2,2,3,45,3,1,3,54,3,2,2,4,medium-moderate
41,3,2,3,94,2,1,2,68,3,1,3,4,medium-moderate
76,3,2,2,88,3,2,2,72,2,2,2,4,medium-moderate
97,3,2,3,93,2,2,3,64,3,2,2,4,medium-moderate
56,3,1,2,95,2,0,2,45,2,0,3,4,medium-moderate
97,2,2,2,51,2,1,2,84,3,2,3,4,medium-moderate
93,3,2,3,97,2,1,3,97,2,0,3,4,medium-moderate
69,3,0,2,63,3,2,3,89,3,0,3,4,medium-moderate
50,2,1,3,43,3,2,2,64,2,1,3,4,medium-moderate
40,3,1,2,58,3,1,3,98,3,2,2,4,medium-moderate
63,2,0,2,75,3,2,3,42,2,0,3,4,medium-moderate
97,3,0,3,76,3,0,3,48,2,1,2,4,medium-moderate
99,3,0,2,88,3,1,2,40,2,0,2,4,medium-moderate
42,3,2,3,95,3,0,3,86,2,0,3,4,medium-moderate
98,3,2,2,47,2,0,3,53,3,2,3,4,medium-moderate
93,3,0,3,97,2,0,3,52,2,0,3,4,medium-moderate
93,3,2,2,72,3,2,2,96,2,2,2,4,medium-moderate
83,3,1,2,95,3,2,2,79,3,0,3,4,medium-moderate
42,2,2,2,76,2,0,3,57,3,2,3,4,medium-moderate
40,2,1,3,50,3,1,2,46,3,0,3,4,medium-moderate
89,2,0,3,99,3,0,2,43,2,0,2,4,medium-moderate
76,3,2,3,66,2,2,2,66,3,0,3,4,medium-moderate
55,3,1,3,80,3,1,2,79,3,0,2,4,medium-moderate
71,3,1,3,88,2,2,3,51,2,1,2,4,medium-moderate
42,3,2,3,56,2,1,3,99,2,2,3,4,medium-moderate
76,2,0,3,77,3,2,3,67,2,0,2,4,medium-moderate
87,3,2,3,68,3,2,3,86,2,1,3,4,medium-moderate
95,3,2,2,94,3,1,2,46,3,0,3,4,medium-moderate
57,3,1,2,55,2,0,3,100,2,1,2,4,medium-moderate
94,2,0,3,44,3,2,2,43,3,0,3,4,medium-moderate
90,3,0,3,64,3,1,2,47,3,2,3,4,medium-moderate
45,3,2,3,82,3,2,3,61,2,2,3,4,medium-moderate
97,2,0,2,97,3,2,2,95,2,2,3,4,medium-moderate
41,3,1,2,55,3,1,2,88,2,1,3,4,medium-moderate
80,2,2,3,73,3,2,3,69,3,2,2,4,medium-moderate
53,3,1,3,96,3,1,3,61,3,2,3,4,medium-moderate
64,2,2,3,77,3,1,3,57,3,0,2,4,medium-moderate
90,3,2,3,94,2,2,2,66,3,1,2,4,medium-moderate
70,3,2,3,83,2,0,3,71,2,0,2,4,medium-moderate
87,2,1,3,86,2,1,2,53,3,2,3,4,medium-moderate
47,3,1,2,67,2,0,2,87,3,2,3,4,medium-moderate
40,2,2,2,73,2,1,2,47,2,2,2,4,medium-moderate
72,2,2,3,45,2,2,3,79,3,0,3,4,medium-moderate
42,2,0,3,76,3,0,3,99,3,0,2,4,medium-moderate
90,2,1,3,73,2,2,2,64,3,1,2,4,medium-moderate
100,2,1,2,88,2,1,2,66,2,0,2,4,medium-moderate
40,2,0,3,53,2,0,3,73,3,2,2,4,medium-moderate
69,3,1,2,52,3,1,2,98,2,1,2,4,medium-moderate
45,2,1,3,47,2,2,3,48,3,2,3,4,medium-moderate
91,3,2,2,78,3,1,2,55,3,0,3,4,medium-moderate
48,3,0,3,68,2,0,3,62,3,1,2,4,medium-moderate
58,3,0,3,67,3,1,3,51,3,2,3,4,medium-moderate
79,3,2,2,95,2,2,2,43,3,2,3,4,medium-moderate
97,3,2,2,74,3,2,3,66,2,1,3,4,medium-moderate
46,2,2,2,74,3,0,3,95,3,2,3,4,medium-moderate
76,3,2,2,48,2,2,3,51,3,2,2,4,medium-moderate
94,3,2,3,40,3,2,2,43,2,0,3,4,medium-moderate
57,2,2,3,46,3,2,3,74,3,1,3,4,medium-moderate
98,3,2,3,100,3,0,3,61,3,1,3,4,medium-moderate
46,2,1,2,62,2,0,2,82,3,1,3,4,medium-moderate
73,2,0,3,51,3,2,3,88,2,2,2,4,medium-moderate
74,2,1,3,93,2,2,3,81,2,0,3,4,medium-moderate
77,3,0,3,79,2,2,2,70,2,2,2,4,medium-moderate
47,2,1,2,74,3,2,3,75,3,1,3,4,medium-moderate
51,3,2,3,65,2,2,2,70,2,1,2,4,medium-moderate
91,3,2,3,89,3,0,2,49,3,2,2,4,medium-moderate
99,3,0,3,41,2,2,3,57,2,1,3,4,medium-moderate
40,3,0,3,79,3,1,2,84,3,1,2,4,medium-moderate
54,3,0,3,79,3,1,3,66,3,1,3,4,medium-moderate
84,3,2,2,73,3,1,2,67,2,0,3,4,medium-moderate
56,3,1,2,54,2,2,3,51,2,0,2,4,medium-moderate
96,3,0,2,74,2,2,3,68,2,1,3,4,medium-moderate
82,2,0,3,64,3,0,3,48,3,2,2,4,medium-moderate
41,3,2,2,41,3,2,3,47,2,0,2,4,medium-moderate
86,3,2,2,64,2,0,2,89,3,1,3,4,medium-moderate
93,3,1,3,45,3,1,2,84,3,1,2,4,medium-moderate
45,3,2,3,52,3,0,3,96,3,1,3,4,medium-moderate
87,2,0,3,87,3,1,2,86,3,2,3,4,medium-moderate
85,2,1,3,50,2,1,2,65,3,2,2,4,medium-moderate
41,3,2,2,79,3,0,3,88,2,2,2,4,medium-moderate
85,2,0,2,42,3,1,3,47,2,0,3,4,medium-moderate
54,2,2,2,53,2,0,2,40,3,2,3,4,medium-moderate
50,2,2,3,44,3,0,2,45,2,1,2,4,medium-moderate
59,2,1,2,97,2,2,2,93,2,2,3,4,medium-moderate
84,2,0,2,49,3,0,2,50,2,2,3,4,medium-moderate
48,2,1,3,69,2,0,2,62,3,2,3,4,medium-moderate
63,3,1,3,58,3,0,2,82,2,2,2,4,medium-moderate
91,3,1,2,90,3,0,3,75,3,0,2,4,medium-moderate
70,2,0,3,50,3,1,3,79,2,0,3,4,medium-moderate
74,2,0,2,56,3,0,3,77,3,1,3,4,medium-moderate
80,2,2,3,95,2,0,2,55,2,1,2,4,medium-moderate
76,2,0,3,42,2,2,3,86,3,2,2,4,medium-moderate
43,2,2,2,53,2,2,3,95,3,2,3,4,medium-moderate
64,3,1,2,54,2,2,3,95,3,0,2,4,medium-moderate
75,3,0,2,77,2,2,2,58,2,2,3,4,medium-moderate
97,3,1,3,67,3,1,2,44,2,1,3,4,medium-moderate
96,2,0,2,79,2,1,3,83,3,0,3,4,medium-moderate
86,3,0,3,46,2,2,3,49,3,0,2,4,medium-moderate
79,2,1,2,54,2,2,3,52,2,2,3,4,medium-moderate
77,2,1,2,55,2,2,3,47,3,2,3,4,medium-moderate
80,3,2,3,67,2,0,3,60,2,2,2,4,medium-moderate
81,2,2,2,42,2,1,3,74,3,0,2,4,medium-moderate
73,2,2,2,85,2,1,3,60,3,0,3,4,medium-moderate
45,3,2,2,70,2,1,3,57,2,2,2,4,medium-moderate
43,2,0,3,85,2,1,2,67,2,1,2,4,medium-moderate
72,2,1,2,49,2,1,3,65,3,2,3,4,medium-moderate
44,3,0,2,92,3,1,2,88,3,2,2,4,medium-moderate
74,3,0,3,59,3,1,3,84,2,2,3,4,medium-moderate
87,3,2,3,94,3,2,2,40,2,2,3,4,medium-moderate
76,2,1,2,62,3,1,2,51,2,2,3,4,medium-moderate
100,3,1,3,77,2,1,2,82,2,2,2,4,medium-moderate
53,3,0,3,100,2,1,2,81,2,0,2,4,medium-moderate
68,3,2,3,67,3,1,3,80,2,0,3,4,medium-moderate
88,2,2,3,93,2,0,3,69,3,2,3,4,medium-moderate
40,3,1,2,67,2,2,3,78,2,2,2,4,medium-moderate
93,2,2,3,40,2,1,3,50,2,0,3,4,medium-moderate
84,3,2,2,59,3,1,2,51,2,0,3,4,medium-moderate
66,3,0,3,76,3,1,2,91,2,0,2,4,medium-moderate
97,2,0,3,62,2,1,2,84,3,2,2,4,medium-moderate
90,3,0,3,89,2,2,3,87,3,0,3,4,medium-moderate
78,3,1,2,74,2,2,2,60,2,1,3,4,medium-moderate
76,3,0,3,84,3,1,2,97,3,1,2,4,medium-moderate
96,3,2,2,93,2,0,2,97,3,2,3,4,medium-moderate
44,3,1,2,60,3,1,3,41,3,1,3,4,medium-moderate
49,3,2,2,65,2,1,2,88,3,2,3,4,medium-moderate
70,3,0,2,68,2,1,2,67,3,1,2,4,medium-moderate
78,2,0,3,99,3,0,3,63,3,0,2,4,medium-moderate
91,2,2,3,41,2,0,2,67,3,0,2,4,medium-moderate
89,3,2,2,84,2,2,3,91,2,1,3,4,medium-moderate
50,3,1,3,97,3,1,3,72,3,0,2,4,medium-moderate
100,3,0,2,63,3,0,2,82,2,0,3,4,medium-moderate
55,3,1,2,71,3,0,3,46,2,2,3,4,medium-moderate
51,2,1,3,92,3,2,3,51,3,0,3,4,medium-moderate
49,2,1,3,40,3,0,2,46,2,2,2,4,medium-moderate
93,2,0,3,92,3,2,2,93,3,1,3,4,medium-moderate
85,3,2,3,99,2,0,3,89,3,1,2,4,medium-moderate
87,3,1,3,57,2,0,2,98,2,0,3,4,medium-moderate
91,2,0,2,66,2,1,2,86,3,2,3,4,medium-moderate
70,2,1,3,79,2,0,2,91,2,0,2,4,medium-moderate
85,2,0,2,78,3,1,2,46,3,2,3,4,medium-moderate
84,2,1,3,98,3,1,2,95,3,1,3,4,medium-moderate
99,3,1,2,90,3,0,2,59,2,0,3,4,medium-moderate
54,3,0,3,56,2,0,3,93,3,2,2,4,medium-moderate
59,2,1,3,77,3,2,2,53,2,0,3,4,medium-moderate
72,2,2,2,52,2,1,3,77,3,2,3,4,medium-moderate
57,2,0,2,89,3,2,3,58,3,2,3,4,medium-moderate
40,2,2,2,65,3,2,2,45,2,2,3,4,medium-moderate
64,2,1,3,58,3,1,3,97,2,0,3,4,medium-moderate
44,3,0,3,93,3,2,3,87,2,1,3,4,medium-moderate
60,3,1,2,56,3,2,3,62,2,1,2,4,medium-moderate
41,2,0,3,45,2,1,3,43,3,1,3,4,medium-moderate
86,2,2,3,100,2,0,2,58,2,0,2,4,medium-moderate
48,3,2,2,73,2,1,2,40,2,1,2,4,medium-moderate
59,2,1,2,74,2,0,2,82,2,0,3,4,medium-moderate
73,2,0,3,89,2,1,2,88,3,2,3,4,medium-moderate
60,2,1,3,68,3,1,2,64,2,2,2,4,medium-moderate
92,2,1,3,72,2,0,2,98,2,2,3,4,medium-moderate
82,2,1,2,100,3,1,2,70,2,2,3,4,medium-moderate
66,3,2,2,47,3,0,2,46,3,2,3,4,medium-moderate
59,2,2,3,95,3,0,2,52,3,0,2,4,medium-moderate
95,2,2,2,69,3,0,3,65,2,2,3,4,medium-moderate
60,2,2,2,48,3,2,2,87,2,2,3,4,medium-moderate
52,3,2,3,55,3,2,2,59,3,1,3,4,medium-moderate
41,3,0,3,95,3,0,2,46,3,0,2,4,medium-moderate
85,2,1,2,86,3,0,3,52,2,1,3,4,medium-moderate
61,3,1,3,62,2,2,2,63,2,2,3,4,medium-moderate
98,3,2,3,100,2,0,3,97,2,1,3,4,medium-moderate
88,3,0,3,96,2,0,2,77,3,2,2,4,medium-moderate
59,3,0,2,42,3,2,2,68,3,0,3,4,medium-moderate
83,3,2,3,82,3,2,2,72,3,1,3,4,medium-moderate
60,3,1,2,100,3,0,3,60,2,1,3,4,medium-moderate
56,3,2,2,74,3,0,3,62,2,1,3,4,medium-moderate
80,3,1,2,40,2,2,3,62,2,1,2,4,medium-moderate
97,3,1,2,70,2,1,3,41,2,2,3,4,medium-moderate
88,3,2,3,64,2,0,3,76,2,2,2,4,medium-moderate
95,2,0,2,78,3,2,3,47,2,2,3,4,medium-moderate
57,3,1,3,44,2,1,2,74,2,1,2,4,medium-moderate
93,3,0,2,81,2,1,3,65,2,1,3,4,medium-moderate
95,3,0,3,43,2,0,2,79,2,0,2,4,medium-moderate
62,3,0,3,96,2,2,2,42,2,0,3,4,medium-moderate
84,3,0,3,80,3,1,2,73,3,0,3,4,medium-moderate
45,3,0,3,49,2,2,2,85,3,1,3,4,medium-moderate
78,2,2,3,41,3,1,2,52,2,1,2,4,medium-moderate
44,3,0,2,65,2,2,2,98,3,2,3,4,medium-moderate
72,3,2,2,94,3,0,3,84,3,2,3,4,medium-moderate
95,3,0,2,71,2,1,3,72,3,1,2,4,medium-moderate
82,3,1,2,82,2,1,2,41,2,0,3,4,medium-moderate
46,2,1,3,44,3,2,3,59,3,0,2,4,medium-moderate
41,3,1,2,82,3,0,2,59,3,2,2,4,medium-moderate
65,3,2,3,89,2,1,3,66,2,1,3,4,medium-moderate
68,2,1,3,85,3,2,2,53,2,0,3,4,medium-moderate
82,2,2,2,51,2,0,2,50,2,2,2,4,medium-moderate
89,2,1,3,87,2,0,2,86,2,1,2,4,medium-moderate
73,2,0,2,70,2,2,2,80,2,0,3,4,medium-moderate
43,3,2,2,74,2,0,2,53,3,2,3,4,medium-moderate
54,2,0,3,52,3,2,2,95,3,2,2,4,medium-moderate
74,2,1,3,44,2,1,3,74,2,0,3,4,medium-moderate
81,2,0,3,66,3,0,3,97,3,2,2,4,medium-moderate
70,2,2,2,80,2,2,3,41,2,1,3,4,medium-moderate
96,2,0,3,48,3,1,2,59,3,0,2,4,medium-moderate
64,2,2,2,84,2,0,2,72,2,2,2,4,medium-moderate
74,3,0,2,51,3,0,3,64,2,2,2,4,medium-moderate
50,2,0,3,92,2,2,2,94,3,2,3,4,medium-moderate
47,3,2,3,98,3,1,2,55,2,2,2,4,medium-moderate
42,3,1,2,55,3,2,2,88,2,1,2,4,medium-moderate
73,3,2,2,72,3,1,2,87,2,2,2,4,medium-moderate
70,2,2,2,83,3,1,3,47,3,2,3,4,medium-moderate
81,3,2,2,42,3,0,2,91,3,2,2,4,medium-moderate
97,2,0,3,61,2,1,3,94,3,0,2,4,medium-moderate
80,3,0,3,64,2,2,2,84,2,1,2,4,medium-moderate
46,2,1,2,60,3,1,3,43,3,1,3,4,medium-moderate
98,2,2,2,51,2,0,3,52,2,0,2,4,medium-moderate
92,3,0,2,88,2,2,3,61,2,1,2,4,medium-moderate
81,3,2,3,89,2,1,3,66,3,2,3,4,medium-moderate
74,2,2,2,88,3,1,3,79,3,2,3,4,medium-moderate
64,2,2,2,80,3,2,2,85,2,1,3,4,medium-moderate
90,3,0,3,62,3,0,2,70,2,1,2,4,medium-moderate
93,2,1,3,84,2,0,3,41,3,0,2,4,medium-moderate
66,2,0,2,82,2,1,3,85,3,0,3,4,medium-moderate
89,2,2,3,88,2,1,3,95,3,2,2,4,medium-moderate
93,3,2,2,93,3,1,2,69,2,2,3,4,medium-moderate
47,3,0,3,95,2,0,3,74,3,2,3,4,medium-moderate
40,3,1,2,52,2,1,3,90,2,2,3,4,medium-moderate
51,3,2,3,59,3,2,3,46,2,0,3,4,medium-moderate
76,2,0,2,48,3,2,3,45,3,1,3,4,medium-moderate
98,3,0,2,79,2,1,2,83,2,1,2,4,medium-moderate
61,3,2,3,73,2,0,3,47,2,1,3,4,medium-moderate
76,3,2,2,93,3,1,3,74,2,1,2,4,medium-moderate
89,3,1,3,45,3,0,2,70,3,0,2,4,medium-moderate
53,3,1,3,90,2,2,2,79,2,2,2,4,medium-moderate
79,2,1,3,47,2,1,3,41,3,0,3,4,medium-moderate
44,3,1,2,70,2,0,3,51,3,2,2,4,medium-moderate
99,3,0,2,91,3,1,2,64,2,1,3,4,medium-moderate
68,3,1,3,56,2,1,3,98,2,1,3,4,medium-moderate
42,3,0,3,78,2,1,2,99,2,2,3,4,medium-moderate
89,2,2,3,66,2,0,3,70,2,0,2,4,medium-moderate
63,3,0,2,58,2,1,3,74,2,0,3,4,medium-moderate
50,3,2,2,51,2,1,2,48,2,1,3,4,medium-moderate
85,3,1,3,44,3,0,3,63,3,0,2,4,medium-moderate
52,3,2,2,83,3,1,3,70,2,2,3,4,medium-moderate
41,2,1,3,96,2,1,3,90,3,2,3,4,medium-moderate
52,3,0,2,54,2,2,2,52,3,1,3,4,medium-moderate
52,3,2,3,76,3,1,3,53,3,2,2,4,medium-moderate
90,2,1,2,72,3,0,2,92,2,1,2,4,medium-moderate
41,3,2,2,71,3,2,2,85,2,0,3,4,medium-moderate
48,3,0,2,88,2,0,3,48,3,1,3,4,medium-moderate
81,3,0,2,45,3,0,3,42,2,2,3,4,medium-moderate
89,2,1,2,67,3,2,2,90,3,0,3,4,medium-moderate
100,2,2,3,96,2,1,3,56,3,2,3,4,medium-moderate
66,3,2,2,94,3,1,3,88,2,2,3,4,medium-moderate
60,3,0,3,84,2,2,3,59,2,2,3,4,medium-moderate
65,2,2,3,56,2,2,3,89,2,1,3,4,medium-moderate
45,2,2,3,47,3,2,2,90,2,2,3,4,medium-moderate
42,3,1,2,61,3,1,2,88,2,1,3,4,medium-moderate
57,2,2,2,89,3,0,3,67,3,0,2,4,medium-moderate
74,2,2,3,58,2,2,2,52,2,2,3,4,medium-moderate
93,2,1,3,64,3,1,2,73,2,0,3,4,medium-moderate
68,2,2,2,83,3,2,2,74,2,1,3,4,medium-moderate
56,2,0,2,62,3,1,3,73,2,1,3,4,medium-moderate
84,3,1,2,81,3,1,2,96,2,1,2,4,medium-moderate
80,2,1,3,59,2,0,2,41,2,0,3,4,medium-moderate
95,3,0,3,49,3,0,2,65,2,2,3,4,medium-moderate
81,3,2,2,92,3,0,2,62,2,2,2,4,medium-moderate
95,2,1,3,62,2,0,2,51,2,2,3,4,medium-moderate
70,2,2,2,42,3,0,3,74,2,0,2,4,medium-moderate
41,3,0,3,87,2,0,2,67,2,2,2,4,medium-moderate
96,2,0,2,68,2,0,2,85,3,0,2,4,medium-moderate
60,2,2,3,74,3,0,2,64,3,2,3,4,medium-moderate
53,2,0,3,48,3,0,2,85,3,1,3,4,medium-moderate
88,3,1,3,93,3,0,2,93,2,2,2,4,medium-moderate
73,3,2,3,84,2,1,2,76,2,1,2,4,medium-moderate
47,3,2,2,47,3,0,2,78,3,2,3,4,medium-moderate
71,2,2,3,79,2,1,3,94,2,1,3,4,medium-moderate
97,2,2,3,81,3,0,2,67,3,1,3,4,medium-moderate
65,2,2,2,65,2,2,3,76,3,0,2,4,medium-moderate
86,2,1,3,41,3,0,3,54,2,1,2,4,medium-moderate
45,2,0,2,69,2,2,3,81,2,1,2,4,medium-moderate
69,3,1,2,54,2,1,3,62,2,2,3,4,medium-moderate
86,3,0,2,56,2,2,2,68,2,1,2,4,medium-moderate
72,2,2,3,84,3,0,2,89,2,2,3,4,medium-moderate
80,3,1,3,98,3,0,3,67,2,0,2,4,medium-moderate
84,2,0,3,54,2,0,2,97,3,1,2,4,medium-moderate
86,3,2,3,78,3,0,3,44,3,1,3,4,medium-moderate
69,3,2,2,98,2,0,2,70,3,2,3,4,medium-moderate
98,2,2,2,98,2,0,3,71,3,0,2,4,medium-moderate
47,3,0,3,73,3,1,2,75,3,2,3,4,medium-moderate
67,3,2,3,63,3,2,2,43,3,2,3,4,medium-moderate
94,2,1,2,90,3,1,2,89,3,1,3,4,medium-moderate
66,3,2,2,64,2,2,3,44,2,1,3,4,medium-moderate
74,2,0,2,100,2,0,2,44,2,0,2,4,medium-moderate
63,2,2,3,46,2,1,2,99,2,0,3,4,medium-moderate
56,2,0,3,82,3,1,2,79,3,2,3,4,medium-moderate
91,3,0,2,85,3,1,3,76,2,0,3,4,medium-moderate
78,2,0,3,52,3,1,3,55,3,1,3,4,medium-moderate
48,2,1,2,83,3,1,3,69,3,1,3,4,medium-moderate
62,3,2,3,63,2,1,3,84,3,1,2,4,medium-moderate
63,2,2,2,70,2,0,3,59,2,0,3,4,medium-moderate
95,3,1,3,98,2,1,2,67,2,2,2,4,medium-moderate
91,3,1,3,50,2,0,2,84,3,0,3,4,medium-moderate
55,2,0,3,69,3,2,3,92,3,0,3,4,medium-moderate
70,2,1,2,51,3,2,3,88,3,1,3,4,medium-moderate
97,2,1,3,52,2,1,2,51,3,1,3,4,medium-moderate
64,2,0,2,74,3,1,3,59,2,0,3,4,medium-moderate
51,3,1,2,62,3,2,3,100,2,0,3,4,medium-moderate
40,3,0,3,44,3,1,2,92,2,1,2,4,medium-moderate
81,2,2,2,48,2,2,2,81,2,0,2,4,medium-moderate
71,3,1,3,87,3,0,2,96,2,0,2,4,medium-moderate
91,2,1,2,76,2,2,3,73,3,2,2,4,medium-moderate
46,3,2,2,50,2,1,3,70,2,2,3,4,medium-moderate
88,2,2,3,91,2,0,2,67,3,0,3,4,medium-moderate
61,2,1,2,42,2,2,2,50,2,0,3,4,medium-moderate
99,2,1,3,64,2,1,3,84,2,1,2,4,medium-moderate
88,3,2,3,97,3,0,3,54,2,1,3,4,medium-moderate
62,2,0,2,68,2,0,3,84,2,2,2,4,medium-moderate
45,2,2,2,75,2,1,3,49,2,0,3,4,medium-moderate
99,3,1,3,40,2,0,2,80,3,1,2,4,medium-moderate
88,2,0,2,75,2,0,3,99,2,0,2,4,medium-moderate
97,3,2,3,63,3,0,3,97,2,0,2,4,medium-moderate
97,2,0,2,66,2,2,3,42,2,0,3,4,medium-moderate
63,2,2,3,100,3,0,3,85,2,1,2,4,medium-moderate
95,2,2,2,52,3,0,3,78,3,1,3,4,medium-moderate
56,2,1,3,96,3,0,3,96,3,2,3,4,medium-moderate
87,2,2,3,65,2,1,3,75,2,1,3,4,medium-moderate
79,3,2,2,52,2,2,3,43,3,0,2,4,medium-moderate
84,2,1,2,48,3,1,2,61,2,0,2,4,medium-moderate
92,3,0,2,58,2,0,3,43,3,2,2,4,medium-moderate
98,2,1,3,43,3,1,2,83,2,0,2,4,medium-moderate
57,3,2,3,45,3,0,2,71,2,2,2,4,medium-moderate
93,3,1,2,52,3,2,2,51,2,0,2,4,medium-moderate
55,3,1,3,55,3,1,3,76,2,0,3,4,medium-moderate
42,2,0,3,60,2,1,3,57,3,0,2,4,medium-moderate
86,2,2,2,84,2,0,2,81,2,0,3,4,medium-moderate
49,2,0,3,52,2,1,3,97,3,1,2,4,medium-moderate
62,2,0,2,52,2,0,2,53,2,0,2,4,medium-moderate
61,2,0,2,47,2,2,3,95,3,0,2,4,medium-moderate
82,2,1,2,47,3,1,3,66,2,2,2,4,medium-moderate
96,3,2,3,55,3,0,2,74,3,1,2,4,medium-moderate
74,3,2,3,44,3,1,2,44,3,0,3,4,medium-moderate
92,2,1,2,73,3,1,2,55,3,0,2,4,medium-moderate
98,2,1,2,70,3,2,3,77,3,1,3,4,medium-moderate
48,2,2,2,53,3,1,2,46,3,1,2,4,medium-moderate
82,3,2,3,62,3,0,3,74,3,2,2,4,medium-moderate
52,2,2,3,86,2,0,2,67,3,0,2,4,medium-moderate
100,2,1,3,90,2,1,3,91,3,1,3,4,medium-moderate
62,2,1,3,84,2,1,2,50,3,1,3,4,medium-moderate
79,3,2,3,84,2,1,3,64,3,1,3,4,medium-moderate
43,2,1,3,55,3,0,2,65,3,2,2,4,medium-moderate
65,3,1,2,72,3,0,2,95,3,0,3,4,medium-moderate
47,3,1,2,92,3,1,2,78,2,0,3,4,medium-moderate
68,3,0,2,63,2,1,2,47,3,2,3,4,medium-moderate
43,2,2,2,89,3,2,2,80,3,0,3,4,medium-moderate
64,3,1,2,93,2,0,2,61,2,1,3,4,medium-moderate
58,3,0,3,65,3,2,2,42,3,0,2,4,medium-moderate
100,3,1,2,80,2,2,2,86,3,2,3,4,medium-moderate
47,2,0,3,69,3,1,3,42,2,2,3,4,medium-moderate
56,3,1,3,45,2,2,3,89,3,1,2,4,medium-moderate
77,2,0,2,45,3,2,2,96,2,0,2,4,medium-moderate
45,3,2,3,54,3,1,2,72,2,2,2,4,medium-moderate
82,3,0,3,78,2,0,3,40,2,1,3,4,medium-moderate
53,3,1,3,81,2,2,3,65,3,0,2,4,medium-moderate
61,3,1,2,65,3,2,2,75,2,2,3,4,medium-moderate
50,3,0,3,50,2,2,2,79,2,2,3,4,medium-moderate
88,2,2,2,95,2,1,2,62,3,0,3,4,medium-moderate
70,3,1,3,100,2,0,2,61,3,2,3,4,medium-moderate
74,2,1,2,98,2,1,2,46,3,2,3,4,medium-moderate
67,2,0,2,66,3,2,3,94,2,2,3,4,medium-moderate
65,3,1,3,75,2,2,2,83,3,0,3,4,medium-moderate
58,2,1,2,85,2,1,2,89,2,0,2,4,medium-moderate
53,2,2,3,76,3,0,3,94,2,2,3,4,medium-moderate
75,2,2,3,98,2,1,2,86,2,1,3,4,medium-moderate
91,2,2,3,49,2,1,2,65,2,0,2,4,medium-moderate
47,3,1,2,46,3,1,2,53,2,1,3,4,medium-moderate
98,3,1,3,75,2,2,3,71,2,0,2,4,medium-moderate
65,3,2,2,67,2,0,2,97,2,0,2,4,medium-moderate
49,3,0,2,96,3,1,3,68,3,2,2,4,medium-moderate
68,2,0,3,100,2,1,3,53,3,2,2,4,medium-moderate
72,3,2,2,62,3,2,3,94,2,2,2,4,medium-moderate
77,3,2,2,69,3,0,3,98,3,0,2,4,medium-moderate
93,3,2,2,68,3,2,3,50,3,0,2,4,medium-moderate
99,2,2,3,95,3,1,2,73,3,0,3,4,medium-moderate
64,2,1,3,88,3,2,2,99,3,1,3,4,medium-moderate
48,2,0,3,66,2,0,2,85,3,1,3,4,medium-moderate
99,2,1,3,89,3,2,2,95,3,0,2,4,medium-moderate
47,3,1,2,92,3,1,2,94,3,0,3,4,medium-moderate
98,3,2,2,90,3,1,2,89,3,2,2,4,medium-moderate
76,2,1,3,95,3,0,3,67,3,0,3,4,medium-moderate
59,3,0,3,50,2,2,3,65,3,0,3,4,medium-moderate
54,2,0,2,45,2,2,2,63,2,2,2,4,medium-moderate
41,3,2,3,65,3,0,2,98,2,0,3,4,medium-moderate
58,2,2,3,49,2,0,2,48,3,2,3,4,medium-moderate
98,2,1,3,54,2,0,3,80,2,0,3,4,medium-moderate
58,3,2,2,82,3,2,3,75,3,2,3,4,medium-moderate
86,3,2,3,47,2,1,3,76,3,0,3,4,medium-moderate
73,3,0,2,49,2,0,3,40,2,0,2,4,medium-moderate
77,3,1,3,83,3,0,2,84,2,2,3,4,medium-moderate
93,2,0,3,86,3,2,3,49,3,2,2,4,medium-moderate
51,2,1,3,49,2,1,2,70,2,1,3,4,medium-moderate
61,2,2,3,74,2,0,3,50,2,2,3,4,medium-moderate
59,3,1,3,52,2,0,3,64,3,2,2,4,medium-moderate
67,2,0,2,69,2,0,3,43,3,2,3,4,medium-moderate
64,2,2,3,97,2,1,2,76,3,0,2,4,medium-moderate
49,2,0,3,69,2,1,3,62,3,0,3,4,medium-moderate
60,2,2,3,66,3,0,3,81,3,2,2,4,medium-moderate
63,2,2,2,99,2,2,3,73,3,1,3,4,medium-moderate
61,3,0,3,100,2,0,3,96,3,0,2,4,medium-moderate
47,3,0,2,91,2,1,3,59,2,0,3,4,medium-moderate
80,2,2,2,96,3,0,2,85,2,2,2,4,medium-moderate
70,3,0,3,59,2,1,3,90,3,2,3,4,medium-moderate
87,2,0,2,88,3,2,3,53,3,2,3,4,medium-moderate
94,2,2,2,71,2,1,3,45,2,2,2,4,medium-moderate
99,3,0,3,99,3,0,2,66,3,2,2,4,medium-moderate
83,2,0,3,78,3,0,2,86,3,2,2,4,medium-moderate
60,3,2,3,80,3,1,3,97,3,2,3,4,medium-moderate
55,2,2,3,68,3,0,2,59,2,0,3,4,medium-moderate
53,3,2,3,86,2,1,3,93,3,2,2,4,medium-moderate
75,2,2,2,99,3,1,2,90,3,1,3,4,medium-moderate
42,3,0,3,67,3,2,3,77,3,2,3,4,medium-moderate
73,2,2,3,94,2,1,3,48,2,0,2,4,medium-moderate
44,3,2,2,41,3,0,3,52,2,1,2,4,medium-moderate
100,3,1,3,50,2,2,3,70,2,0,2,4,medium-moderate
42,3,0,3,82,3,1,2,91,2,1,2,4,medium-moderate
90,3,1,3,100,3,2,3,89,3,0,2,4,medium-moderate
79,3,2,3,62,3,0,2,69,2,2,3,4,medium-moderate
50,2,1,2,56,3,0,3,58,2,0,2,4,medium-moderate
86,2,0,2,82,3,1,3,49,3,1,2,4,medium-moderate
88,2,1,2,60,2,0,2,78,3,0,2,4,medium-moderate
93,2,2,3,78,3,0,3,40,2,0,2,4,medium-moderate
48,3,0,2,51,2,1,3,65,3,2,3,4,medium-moderate
92,2,2,3,66,3,2,2,98,3,2,2,4,medium-moderate
95,3,2,2,60,3,1,2,73,3,2,3,4,medium-moderate
47,2,1,3,86,3,1,3,69,2,2,3,4,medium-moderate
49,2,1,3,44,3,1,2,68,3,1,2,4,medium-moderate
92,3,2,3,45,2,2,3,41,3,2,3,4,medium-moderate
42,2,0,3,81,3,2,3,89,3,0,2,4,medium-moderate
68,3,2,2,79,3,2,2,50,2,0,3,4,medium-moderate
74,3,2,2,82,2,0,3,79,2,1,2,4,medium-moderate
60,2,0,2,71,3,2,3,44,3,1,2,4,medium-moderate
85,3,0,2,83,2,0,3,70,3,1,3,4,medium-moderate
42,2,2,2,62,2,2,2,68,2,1,3,4,medium-moderate
87,2,1,3,76,2,2,2,90,3,0,3,4,medium-moderate
100,2,0,2,77,3,2,3,94,2,2,2,4,medium-moderate
49,3,1,3,76,2,2,3,97,2,1,2,4,medium-moderate
76,2,2,2,75,3,0,3,84,2,0,3,4,medium-moderate
94,3,2,3,47,3,2,3,85,3,1,2,4,medium-moderate
89,2,0,2,86,3,0,3,48,2,0,2,4,medium-moderate
89,2,0,2,82,3,0,3,49,3,2,3,4,medium-moderate
55,3,1,3,43,3,0,2,94,2,2,3,4,medium-moderate
72,3,2,2,64,3,2,3,41,2,1,3,4,medium-moderate
61,2,2,2,58,3,1,2,95,2,1,2,4,medium-moderate
78,3,2,2,41,2,2,2,94,2,0,3,4,medium-moderate
62,2,1,3,50,2,0,2,49,2,2,2,4,medium-moderate
100,3,0,2,55,3,1,3,66,3,1,2,4,medium-moderate
70,3,0,3,92,3,2,2,87,3,1,2,4,medium-moderate
50,2,1,2,43,3,2,3,44,3,2,3,4,medium-moderate
67,2,1,2,49,2,2,3,68,3,1,2,4,medium-moderate
98,3,1,2,58,3,2,3,78,3,0,3,4,medium-moderate
88,3,0,3,56,3,0,3,78,2,2,3,4,medium-moderate
95,3,0,3,40,2,0,3,42,2,2,2,4,medium-moderate
79,3,1,2,100,3,0,3,44,3,0,3,4,medium-moderate
89,3,0,3,56,2,0,3,76,3,1,2,4,medium-moderate
50,3,2,3,95,3,0,3,41,2,2,3,4,medium-moderate
57,3,2,3,93,3,1,3,47,3,2,3,4,medium-moderate
51,2,0,2,57,2,2,3,61,3,0,3,4,medium-moderate
71,2,1,3,100,3,0,3,51,3,2,3,4,medium-moderate
70,3,1,2,76,2,2,3,94,2,2,3,4,medium-moderate
54,2,2,2,66,2,0,3,61,2,0,3,4,medium-moderate
77,2,2,3,67,3,1,2,43,3,1,2,4,medium-moderate
41,2,2,3,81,3,0,2,91,3,2,2,4,medium-moderate
78,3,1,2,70,3,2,3,92,3,0,3,4,medium-moderate
52,2,2,2,87,2,2,2,65,2,2,2,4,medium-moderate
85,3,2,3,52,3,1,3,88,2,1,2,4,medium-moderate
67,3,1,2,63,3,2,3,60,2,1,2,4,medium-moderate
60,2,0,3,71,3,2,2,49,3,0,3,4,medium-moderate
41,3,1,2,87,2,0,2,59,3,2,3,4,medium-moderate
86,2,2,3,66,2,1,3,71,3,0,2,4,medium-moderate
62,3,0,3,63,3,1,2,41,3,2,3,4,medium-moderate
90,2,1,2,80,2,1,2,99,2,1,2,4,medium-moderate
93,3,1,3,85,2,0,2,41,3,1,2,4,medium-moderate
76,3,0,3,94,2,1,2,55,2,1,3,4,medium-moderate
53,2,0,3,42,3,1,2,55,3,2,3,4,medium-moderate
49,2,1,3,91,2,0,2,60,2,1,3,4,medium-moderate
70,2,2,3,53,3,2,2,69,3,0,3,4,medium-moderate
51,3,0,3,49,3,0,3,57,2,1,2,4,medium-moderate
62,2,0,3,49,3,1,2,54,2,2,3,4,medium-moderate
68,2,0,3,56,2,2,3,44,2,0,2,4,medium-moderate
94,2,1,2,71,3,1,2,66,3,2,2,4,medium-moderate
64,2,0,2,69,3,0,2,100,2,2,2,4,medium-moderate
62,3,2,2,91,3,1,2,54,2,0,2,4,medium-moderate
48,2,0,3,100,3,1,2,40,3,1,3,4,medium-moderate
78,2,2,2,67,2,1,2,40,2,2,3,4,medium-moderate
87,3,0,3,50,3,0,2,99,2,1,2,4,medium-moderate
83,3,0,2,86,3,1,3,43,2,1,2,4,medium-moderate
57,3,1,2,44,2,2,2,80,2,2,2,4,medium-moderate
94,2,1,2,62,2,0,3,81,2,1,3,4,medium-moderate
50,2,2,2,75,3,1,3,66,2,2,2,4,medium-moderate
73,3,1,2,45,2,0,3,73,3,2,3,4,medium-moderate
58,3,0,3,91,2,0,2,75,2,2,3,4,medium-moderate
41,2,0,3,88,3,1,2,89,2,2,2,4,medium-moderate
87,2,0,2,44,2,0,3,48,2,1,3,4,medium-moderate
88,2,0,3,81,2,2,3,69,2,1,2,4,medium-moderate
75,3,1,2,83,3,0,2,47,3,2,3,4,medium-moderate
41,2,0,3,83,2,0,2,93,2,0,2,4,medium-moderate
88,3,1,3,90,2,2,3,67,2,0,2,4,medium-moderate
76,3,1,3,62,3,0,2,41,2,1,2,4,medium-moderate
83,3,0,2,94,2,0,3,55,3,0,2,4,medium-moderate
47,2,1,3,45,3,1,3,49,2,0,2,4,medium-moderate
97,3,2,2,49,2,0,3,63,3,2,2,4,medium-moderate
86,3,1,2,51,3,2,2,81,2,1,2,4,medium-moderate
85,3,0,3,69,3,2,3,70,2,0,3,4,medium-moderate
87,3,0,3,85,3,0,2,87,2,1,3,4,medium-moderate
83,3,2,3,40,2,2,3,50,2,1,3,4,medium-moderate
90,2,2,3,69,3,0,3,82,2,0,2,4,medium-moderate
53,3,0,3,91,2,1,3,67,3,1,2,4,medium-moderate
69,2,1,3,43,3,2,3,75,2,0,3,4,medium-moderate
85,3,2,3,99,2,0,2,95,2,2,2,4,medium-moderate
66,3,2,2,75,2,1,3,55,2,1,2,4,medium-moderate
73,2,1,3,57,3,2,2,92,3,1,3,4,medium-moderate
61,3,0,2,49,3,2,2,41,3,0,3,4,medium-moderate
50,2,1,3,50,2,2,3,44,3,2,2,4,medium-moderate
47,3,1,3,79,2,2,2,82,3,2,2,4,medium-moderate
84,3,2,3,43,3,1,2,60,3,0,2,4,medium-moderate
88,2,2,2,75,3,0,3,90,2,0,2,4,medium-moderate
69,2,1,3,79,3,0,3,68,2,1,3,4,medium-moderate
84,2,0,3,55,3,1,3,50,2,0,2,4,medium-moderate
68,3,0,2,97,3,1,3,75,2,2,2,4,medium-moderate
55,2,2,2,98,2,2,3,58,2,1,3,4,medium-moderate
53,2,0,2,62,3,0,2,59,3,2,3,4,medium-moderate
74,2,2,3,56,2,1,3,60,3,2,2,4,medium-moderate
40,2,2,2,74,3,2,2,99,3,1,3,4,medium-moderate
41,3,0,2,47,3,1,2,89,2,2,3,4,medium-moderate
40,3,2,2,40,3,1,3,61,3,0,2,4,medium-moderate
70,2,2,2,47,2,1,2,86,3,2,3,4,medium-moderate
53,2,0,3,59,3,1,3,50,2,1,2,4,medium-moderate
86,2,1,2,61,3,0,3,57,3,1,2,4,medium-moderate
53,3,1,2,89,3,1,2,86,3,0,3,4,medium-moderate
84,2,2,3,90,3,1,3,85,2,0,3,4,medium-moderate
80,2,2,3,94,2,1,3,100,3,1,3,4,medium-moderate
62,2,0,3,94,3,2,2,74,3,1,2,4,medium-moderate
60,3,1,3,73,2,0,2,71,3,1,2,4,medium-moderate
54,2,2,2,58,3,0,3,96,2,0,2,4,medium-moderate
73,3,1,2,66,2,2,3,99,2,2,2,4,medium-moderate
97,3,0,3,76,2,0,2,81,3,1,2,4,medium-moderate
96,3,2,2,64,3,2,2,57,3,2,2,4,medium-moderate
53,3,0,3,87,3,1,2,92,2,0,3,4,medium-moderate
53,3,2,3,71,2,0,3,68,2,1,2,4,medium-moderate
58,2,1,3,86,3,0,2,89,2,2,2,4,medium-moderate
59,3,0,3,69,2,1,2,66,2,0,3,4,medium-moderate
80,3,0,2,58,2,2,2,52,3,2,3,4,medium-moderate
60,3,1,2,73,3,0,3,53,2,2,2,4,medium-moderate
50,2,2,3,96,3,1,3,53,3,0,3,4,medium-moderate
48,2,0,2,63,3,1,3,60,3,1,3,4,medium-moderate
53,2,0,3,64,3,1,2,76,2,0,2,4,medium-moderate
69,2,2,2,99,2,0,2,77,3,1,2,4,medium-moderate
54,2,2,3,88,3,0,3,99,2,0,3,4,medium-moderate
65,2,0,3,90,2,2,2,54,2,0,3,4,medium-moderate
83,2,2,3,48,2,0,3,60,3,0,2,4,medium-moderate
83,2,2,2,100,3,0,3,64,2,2,3,4,medium-moderate
61,2,0,3,58,3,2,2,53,2,1,3,4,medium-moderate
94,2,0,3,84,3,0,3,91,3,1,3,4,medium-moderate
48,3,0,2,89,2,2,3,68,3,2,2,4,medium-moderate
44,3,0,3,65,2,2,3,79,2,0,3,4,medium-moderate
68,3,2,3,78,2,0,3,77,2,0,3,4,medium-moderate
86,3,2,3,91,2,0,3,80,3,0,2,4,medium-moderate
69,3,1,3,89,2,2,3,75,3,2,3,4,medium-moderate
61,3,2,3,49,3,0,3,60,2,0,2,4,medium-moderate
63,2,0,2,95,2,1,2,49,2,0,3,4,medium-moderate
90,2,2,2,64,3,1,2,83,3,0,2,4,medium-moderate
76,3,0,2,52,3,0,2,78,2,0,2,4,medium-moderate
62,3,0,3,55,2,1,2,97,2,0,2,4,medium-moderate
99,3,0,3,43,3,0,3,69,2,2,3,4,medium-moderate
96,3,0,2,64,3,0,3,49,2,0,3,4,medium-moderate
99,2,1,2,85,3,2,3,57,2,1,3,4,medium-moderate
91,3,0,2,90,2,0,3,100,2,1,3,4,medium-moderate
94,3,2,2,47,2,0,3,89,3,1,2,4,medium-moderate
59,3,1,2,52,2,1,2,70,2,2,3,4,medium-moderate
85,3,2,2,70,3,1,2,44,3,1,3,4,medium-moderate
97,3,2,2,99,3,0,3,71,2,1,2,4,medium-moderate
77,2,0,2,87,2,1,3,52,3,2,3,4,medium-moderate
51,2,1,2,86,2,2,2,60,3,1,2,4,medium-moderate
76,3,0,3,56,2,2,2,97,3,2,2,4,medium-moderate
86,3,0,3,92,3,2,3,65,2,0,2,4,medium-moderate
53,3,0,3,41,3,1,3,67,2,1,2,4,medium-moderate
59,3,2,2,94,3,0,3,100,2,0,3,4,medium-moderate
49,2,0,3,89,3,2,2,98,3,1,2,4,medium-moderate
62,2,2,2,66,3,0,3,85,2,1,3,4,medium-moderate
47,2,1,2,80,2,1,3,94,3,2,2,4,medium-moderate
53,3,0,2,96,2,2,3,54,2,1,2,4,medium-moderate
86,2,2,2,72,2,2,2,60,2,1,2,4,medium-moderate
70,2,0,2,95,2,0,3,68,2,1,3,4,medium-moderate
47,3,2,3,79,2,1,2,98,3,0,3,4,medium-moderate
91,2,2,3,85,2,0,2,78,2,0,3,4,medium-moderate
100,2,0,2,70,2,1,2,69,3,1,2,4,medium-moderate
44,3,1,3,45,3,1,2,94,3,2,2,4,medium-moderate
65,2,1,2,95,2,2,2,42,2,1,3,4,medium-moderate
68,2,1,3,70,2,0,3,57,3,0,3,4,medium-moderate
50,3,1,2,51,3,2,2,88,2,2,2,4,medium-moderate
60,3,0,2,98,3,0,3,76,3,1,2,4,medium-moderate
59,2,0,2,73,2,2,2,91,3,0,3,4,medium-moderate
60,2,2,2,58,3,0,3,96,2,2,2,4,medium-moderate
54,2,1,3,90,3,1,3,58,3,2,3,4,medium-moderate
61,3,0,2,93,2,0,3,60,3,1,2,4,medium-moderate
77,3,1,3,77,3,2,3,94,2,2,2,4,medium-moderate
54,3,2,2,68,3,1,3,59,3,1,3,4,medium-moderate
54,2,2,2,45,3,1,3,61,3,0,3,4,medium-moderate
53,3,0,2,96,3,0,2,78,2,1,3,4,medium-moderate
93,3,1,2,72,2,2,2,87,3,0,2,4,medium-moderate
42,3,2,3,51,2,0,2,56,2,1,3,4,medium-moderate
70,3,1,2,44,3,0,3,66,3,0,2,4,medium-moderate
100,3,2,2,98,2,1,2,58,3,0,3,4,medium-moderate
57,3,0,2,47,3,1,3,41,3,1,3,4,medium-moderate
43,3,0,3,95,3,1,3,57,2,1,2,4,medium-moderate
51,3,2,3,79,3,1,3,49,2,1,3,4,medium-moderate
64,2,0,2,60,3,0,2,95,2,0,3,4,medium-moderate
62,2,1,2,71,2,2,2,69,3,0,3,4,medium-moderate
92,2,0,2,67,3,1,3,83,3,2,3,4,medium-moderate
80,3,0,2,56,2,0,2,94,3,1,3,4,medium-moderate
93,2,2,3,63,3,2,3,82,2,0,3,4,medium-moderate
64,3,2,2,50,3,2,2,47,2,2,3,4,medium-moderate
81,3,0,2,72,3,2,3,96,2,1,2,4,medium-moderate
89,3,2,3,58,3,0,2,78,3,0,3,4,medium-moderate
66,3,1,2,83,3,1,2,72,2,0,2,4,medium-moderate
86,2,0,3,82,3,1,3,79,2,2,2,4,medium-moderate
95,2,0,2,49,3,0,3,51,3,1,3,4,medium-moderate
97,2,1,3,71,3,2,2,58,2,0,2,4,medium-moderate
50,2,1,3,87,2,0,2,52,3,1,2,4,medium-moderate
98,2,1,3,62,3,2,2,60,2,0,2,4,medium-moderate
59,3,1,2,67,3,2,2,94,2,0,2,4,medium-moderate
48,3,2,3,84,2,0,2,41,2,0,3,4,medium-moderate
48,2,0,2,55,2,1,2,75,3,2,3,4,medium-moderate
64,3,1,3,71,2,0,3,80,2,0,3,4,medium-moderate
50,3,1,2,74,2,0,3,52,2,2,2,4,medium-moderate
79,3,0,2,67,3,2,3,47,3,2,3,4,medium-moderate
41,2,0,2,57,3,2,3,53,2,2,2,4,medium-moderate
48,2,0,3,43,2,2,2,47,3,2,2,4,medium-moderate
40,2,2,2,84,3,2,2,89,3,2,2,4,medium-moderate
51,2,2,2,76,2,2,2,66,2,0,3,4,medium-moderate
91,3,1,2,80,2,2,2,77,3,2,2,4,medium-moderate
56,2,1,3,74,3,0,3,72,2,1,2,4,medium-moderate
97,3,2,3,62,3,0,2,91,3,2,3,4,medium-moderate
87,3,1,2,60,3,2,2,80,3,1,3,4,medium-moderate
47,3,0,2,56,2,1,2,98,2,0,3,4,medium-moderate
89,3,2,3,44,3,2,3,69,3,0,3,4,medium-moderate
58,3,0,2,48,3,2,2,61,3,1,2,4,medium-moderate
44,2,0,3,49,2,2,2,85,2,0,3,4,medium-moderate
77,2,0,2,44,3,2,2,99,2,1,2,4,medium-moderate
66,3,0,2,49,3,0,2,46,2,1,3,4,medium-moderate
71,3,2,3,57,3,2,2,89,3,1,3,4,medium-moderate
53,3,1,2,91,3,2,3,72,3,1,3,4,medium-moderate
55,3,0,3,43,2,1,2,74,2,0,2,4,medium-moderate
80,2,1,3,51,2,2,2,77,3,0,3,4,medium-moderate
68,3,2,2,94,3,0,3,48,3,2,2,4,medium-moderate
68,3,0,2,77,3,1,3,75,2,0,2,4,medium-moderate
40,3,1,3,66,2,2,2,50,2,2,2,4,medium-moderate
80,3,1,3,65,3,1,2,91,3,1,3,4,medium-moderate
60,2,1,3,42,2,1,2,93,3,2,2,4,medium-moderate
69,3,1,2,42,2,2,3,49,2,0,3,4,medium-moderate
52,2,1,2,75,2,1,3,97,2,2,3,4,medium-moderate
80,2,0,3,66,2,2,3,65,2,2,3,4,medium-moderate
80,3,2,2,47,3,2,3,92,2,2,3,4,medium-moderate
70,3,2,3,58,3,2,2,86,2,0,3,4,medium-moderate
77,2,1,3,57,2,2,3,80,3,0,3,4,medium-moderate
53,2,0,2,53,2,0,3,72,2,1,3,4,medium-moderate
60,3,2,3,78,2,1,3,86,2,0,3,4,medium-moderate
89,2,2,3,74,3,0,3,57,2,0,2,4,medium-moderate
51,3,0,2,91,2,1,2,47,3,2,3,4,medium-moderate
99,2,0,3,100,2,0,3,84,3,2,2,4,medium-moderate
59,2,1,3,87,3,0,3,54,3,2,3,4,medium-moderate
48,3,1,3,59,3,2,2,93,3,2,3,4,medium-moderate
90,3,2,2,68,3,2,3,96,2,0,3,4,medium-moderate
65,3,2,2,68,3,0,3,58,2,2,3,4,medium-moderate
70,2,0,2,66,2,1,2,45,2,0,3,4,medium-moderate
75,2,2,2,83,2,1,2,49,3,2,2,4,medium-moderate
45,2,2,3,80,3,2,3,40,2,2,3,4,medium-moderate
67,2,1,2,86,3,0,3,48,2,1,3,4,medium-moderate
82,2,0,3,55,2,1,2,92,3,2,2,4,medium-moderate
60,2,1,3,95,2,0,2,95,2,2,3,4,medium-moderate
58,2,0,2,53,2,0,2,47,2,1,3,4,medium-moderate
66,2,2,2,51,2,0,3,62,3,2,2,4,medium-moderate
93,2,1,3,80,2,0,3,83,2,1,3,4,medium-moderate
100,3,2,3,76,3,2,2,92,2,1,3,4,medium-moderate
72,2,2,2,51,2,2,3,94,3,1,3,4,medium-moderate
73,2,2,2,72,2,2,3,40,3,1,2,4,medium-moderate
51,2,0,3,87,3,0,3,96,3,1,2,4,medium-moderate
69,3,1,2,70,3,2,2,84,2,2,3,4,medium-moderate
78,2,1,2,73,2,2,3,52,3,2,3,4,medium-moderate
64,2,2,2,80,3,2,3,96,2,0,3,4,medium-moderate
59,3,2,3,92,3,0,3,73,3,1,2,4,medium-moderate
59,3,0,2,60,2,2,3,73,2,0,3,4,medium-moderate
74,3,1,3,90,2,1,2,81,3,1,2,4,medium-moderate
41,3,0,3,78,3,0,3,91,2,2,3,4,medium-moderate
59,2,1,3,60,3,2,3,45,3,1,2,4,medium-moderate
50,2,2,3,41,2,1,3,81,2,2,2,4,medium-moderate
93,3,1,2,55,3,2,2,91,2,2,3,4,medium-moderate
77,2,0,2,85,3,2,2,95,2,1,3,4,medium-moderate
78,3,0,2,42,2,0,3,55,2,0,3,4,medium-moderate
98,3,2,2,55,2,2,3,51,3,0,2,4,medium-moderate
51,3,0,3,61,3,0,2,81,2,0,3,4,medium-moderate
76,2,1,2,41,3,1,2,49,3,2,2,4,medium-moderate
73,3,1,3,60,3,2,2,56,2,0,3,4,medium-moderate
68,2,0,2,72,2,1,2,58,2,1,2,4,medium-moderate
74,3,1,2,56,3,1,2,44,2,0,2,4,medium-moderate
86,2,1,2,94,3,0,2,77,2,0,2,4,medium-moderate
100,3,0,3,77,2,1,2,56,2,1,3,4,medium-moderate
70,2,2,3,49,3,2,2,69,2,0,3,4,medium-moderate
41,2,0,3,73,3,2,2,71,3,0,3,4,medium-moderate
65,3,2,3,99,2,1,3,93,2,1,2,4,medium-moderate
100,2,2,3,81,3,1,2,58,2,0,2,4,medium-moderate
66,2,1,2,67,3,0,2,79,2,0,3,4,medium-moderate
67,2,1,2,42,2,0,3,57,2,2,2,4,medium-moderate
98,2,1,3,51,3,1,2,86,2,1,2,4,medium-moderate
83,3,0,2,63,2,1,2,56,3,1,2,4,medium-moderate
53,3,1,2,69,3,2,3,100,2,2,3,4,medium-moderate
70,3,0,3,87,2,0,2,81,3,2,2,4,medium-moderate
81,3,1,2,86,2,1,2,76,3,2,3,4,medium-moderate
58,3,1,2,54,3,0,3,97,2,0,3,4,medium-moderate
92,2,1,2,52,2,2,3,100,3,0,2,4,medium-moderate
86,3,1,2,50,3,0,3,94,3,1,2,4,medium-moderate
99,2,0,3,78,3,2,2,68,2,0,2,4,medium-moderate
67,2,2,2,97,2,1,3,69,2,1,3,4,medium-moderate
67,2,1,2,69,3,1,2,53,3,0,2,4,medium-moderate
58,3,2,3,70,2,0,2,93,3,2,2,4,medium-moderate
56,3,2,3,64,3,1,3,68,3,2,3,4,medium-moderate
61,2,0,3,68,3,2,3,89,3,0,2,4,medium-moderate
79,2,2,2,90,3,2,3,58,3,2,3,4,medium-moderate
49,3,0,2,82,3,2,3,75,2,0,3,4,medium-moderate
66,3,0,2,82,2,0,2,59,2,1,2,4,medium-moderate
46,2,2,3,40,2,1,3,45,3,2,3,4,medium-moderate
70,3,2,2,64,2,1,2,93,3,2,3,4,medium-moderate
60,3,1,3,62,3,2,2,56,2,1,2,4,medium-moderate
69,3,1,2,95,2,0,3,88,2,1,3,4,medium-moderate
78,3,0,3,56,3,0,2,66,3,2,2,4,medium-moderate
51,2,1,2,89,3,0,3,66,2,0,3,4,medium-moderate
76,3,0,3,93,2,2,2,83,2,2,3,4,medium-moderate
55,2,2,3,55,2,0,2,73,3,1,2,4,medium-moderate
45,3,2,3,60,3,1,2,79,2,2,2,4,medium-moderate
52,2,1,2,83,3,0,2,97,3,0,2,4,medium-moderate
81,2,0,2,72,2,2,2,87,3,2,2,4,medium-moderate
56,2,1,3,49,2,2,2,56,3,1,3,4,medium-moderate
63,2,1,3,66,3,2,2,56,3,0,2,4,medium-moderate
86,3,2,2,61,2,2,2,86,2,1,3,4,medium-moderate
70,3,1,3,89,2,0,3,93,2,0,3,4,medium-moderate
99,2,0,2,78,2,0,3,69,2,2,3,4,medium-moderate
43,2,0,2,81,3,0,2,88,2,1,3,4,medium-moderate
76,2,1,2,69,2,2,3,69,2,1,3,4,medium-moderate
71,2,2,3,80,3,0,3,59,3,1,3,4,medium-moderate
99,3,2,2,100,2,1,3,83,3,0,3,4,medium-moderate
44,3,2,3,74,3,0,3,71,2,1,3,4,medium-moderate
59,2,1,3,47,2,0,2,46,3,1,3,4,medium-moderate
69,3,0,3,87,3,1,3,45,3,1,3,4,medium-moderate
76,3,0,3,59,3,2,2,70,2,0,3,4,medium-moderate
83,2,2,2,86,2,2,2,56,3,0,3,4,medium-moderate
42,3,2,2,69,2,2,2,67,3,2,3,4,medium-moderate
57,3,2,2,53,3,1,2,42,3,1,2,4,medium-moderate
48,2,1,2,90,2,0,2,86,2,0,3,4,medium-moderate
48,3,1,3,75,3,1,3,73,3,1,2,4,medium-moderate
40,3,0,3,67,2,0,2,57,3,2,3,4,medium-moderate
57,3,2,3,80,3,0,3,85,3,2,3,4,medium-moderate
43,2,1,3,85,3,0,2,43,2,1,3,4,medium-moderate
97,2,2,2,75,2,1,3,64,3,2,3,4,medium-moderate
77,3,0,2,53,2,1,2,92,3,1,3,4,medium-moderate
71,3,1,3,83,2,0,3,95,2,0,3,4,medium-moderate
82,2,2,2,65,2,1,3,82,3,2,2,4,medium-moderate
64,2,2,2,91,2,0,2,52,3,1,3,4,medium-moderate
68,2,1,3,53,2,2,2,77,3,2,2,4,medium-moderate
93,2,1,3,57,2,0,3,47,2,0,3,4,medium-moderate
77,3,1,3,89,2,0,2,48,3,1,2,4,medium-moderate
41,2,1,2,90,3,1,3,100,2,1,3,4,medium-moderate
40,3,0,2,94,3,0,3,80,3,0,2,4,medium-moderate
78,2,1,3,98,2,1,3,87,2,2,3,4,medium-moderate
85,2,1,2,50,2,1,2,77,2,2,3,4,medium-moderate
60,2,0,3,82,2,0,3,87,2,0,2,4,medium-moderate
99,2,1,2,65,3,0,3,88,2,1,3,4,medium-moderate
96,2,1,2,55,2,1,3,43,3,2,3,4,medium-moderate
57,2,0,3,59,2,1,3,40,2,2,3,4,medium-moderate
61,2,0,2,61,2,0,2,52,3,1,3,4,medium-moderate
81,3,0,2,43,3,1,2,99,3,1,3,4,medium-moderate
48,2,1,2,83,2,1,2,92,2,0,2,4,medium-moderate
40,2,2,2,60,3,1,2,59,2,0,3,4,medium-moderate
57,2,0,3,83,3,1,2,75,3,1,2,4,medium-moderate
65,2,0,3,100,2,2,3,58,3,2,3,4,medium-moderate
67,3,1,3,70,3,1,2,77,2,2,2,4,medium-moderate
100,2,0,2,77,2,1,2,63,3,1,3,4,medium-moderate
52,2,0,2,78,2,2,2,90,2,1,2,4,medium-moderate
96,2,2,3,64,2,0,2,91,2,1,3,4,medium-moderate
67,2,2,2,80,2,2,3,64,2,1,3,4,medium-moderate
61,3,2,3,65,2,2,3,45,2,2,2,4,medium-moderate
89,3,0,3,63,3,2,2,67,3,1,2,4,medium-moderate
71,2,2,3,99,3,1,3,51,2,2,2,4,medium-moderate
86,3,1,3,84,2,0,2,63,2,2,3,4,medium-moderate
93,3,0,2,44,2,2,3,54,2,1,2,4,medium-moderate
49,3,0,2,85,3,2,3,68,2,2,3,4,medium-moderate
72,3,0,3,66,3,0,2,84,2,1,3,4,medium-moderate
85,2,2,3,80,3,2,3,76,2,0,3,4,medium-moderate
90,3,2,2,61,3,2,3,67,2,1,3,4,medium-moderate
94,2,2,3,83,2,2,3,85,2,2,3,4,medium-moderate
57,3,0,3,52,3,2,2,48,2,1,2,4,medium-moderate
91,3,2,3,84,2,2,2,92,3,2,2,4,medium-moderate
44,2,1,3,94,3,2,3,83,3,2,3,4,medium-moderate
70,3,2,3,91,3,1,3,93,3,2,3,4,medium-moderate
67,2,0,3,56,3,0,3,100,3,2,2,4,medium-moderate
62,3,2,3,94,3,0,2,79,2,2,2,4,medium-moderate
75,2,2,2,64,3,2,3,85,3,0,2,4,medium-moderate
41,3,1,2,46,2,1,3,56,2,2,2,4,medium-moderate
97,3,2,3,45,2,0,3,97,3,0,2,4,medium-moderate
54,2,2,2,58,3,1,3,77,2,2,2,4,medium-moderate
58,2,1,3,70,2,2,2,46,3,0,2,4,medium-moderate
67,3,0,3,44,2,1,2,67,2,2,3,4,medium-moderate
97,2,2,2,89,2,2,2,47,3,2,2,4,medium-moderate
70,2,1,3,49,2,1,2,63,3,2,2,4,medium-moderate
80,2,0,2,53,3,2,2,68,2,2,3,4,medium-moderate
73,2,2,2,98,3,2,2,62,2,1,2,4,medium-moderate
68,3,2,3,86,2,0,2,73,2,1,3,4,medium-moderate
52,3,0,3,56,2,1,3,40,3,1,2,4,medium-moderate
86,3,1,2,62,2,1,3,78,3,0,3,4,medium-moderate
44,2,0,3,60,2,2,2,84,2,0,2,4,medium-moderate
59,3,2,3,96,2,2,3,57,3,2,3,4,medium-moderate
92,3,2,3,56,2,2,3,96,2,0,3,4,medium-moderate
48,3,0,2,93,3,2,2,79,3,0,2,4,medium-moderate
55,3,0,2,100,2,2,3,45,2,0,2,4,medium-moderate
96,3,1,3,40,2,0,3,95,2,0,3,4,medium-moderate
96,3,2,2,47,3,0,2,59,2,2,3,4,medium-moderate
59,3,1,3,53,3,0,2,93,3,1,3,4,medium-moderate
88,3,0,2,68,3,0,2,48,3,1,2,4,medium-moderate
80,3,0,2,55,2,2,3,66,2,0,3,4,medium-moderate
92,2,0,3,97,2,1,2,64,3,1,2,4,medium-moderate
77,2,1,2,100,3,1,3,52,3,1,3,4,medium-moderate
58,2,1,2,62,1,0,3,35,1,0,3,5,medium-high
62,3,2,2,81,1,1,2,65,1,0,2,5,medium-high
59,3,2,3,63,2,0,3,53,1,1,3,5,medium-high
48,3,1,2,78,2,2,2,81,3,0,2,5,medium-high
56,2,0,3,45,2,2,3,58,2,0,2,5,medium-high
86,1,2,2,53,1,1,2,83,1,2,2,5,medium-high
75,2,1,2,58,1,2,2,73,2,2,2,5,medium-high
35,3,2,2,84,1,0,3,86,2,2,2,5,medium-high
46,2,2,3,88,3,2,3,47,1,0,3,5,medium-high
76,2,2,2,36,1,2,2,77,2,1,3,5,medium-high
61,1,1,2,48,2,0,3,45,2,0,3,5,medium-high
87,1,0,2,85,3,2,3,79,1,0,2,5,medium-high
56,2,0,2,43,3,2,2,64,2,1,3,5,medium-high
57,2,1,2,71,2,1,2,82,1,2,3,5,medium-high
90,2,2,3,43,1,2,2,63,2,1,2,5,medium-high
43,1,1,2,82,2,2,2,48,2,1,3,5,medium-high
43,3,2,2,48,2,0,3,75,1,0,3,5,medium-high
51,1,2,2,62,3,2,2,65,1,2,2,5,medium-high
54,3,0,2,43,1,0,3,74,1,2,2,5,medium-high
52,1,0,3,42,2,0,2,75,3,2,2,5,medium-high
60,1,2,2,50,3,0,3,37,2,0,2,5,medium-high
57,3,0,3,42,1,2,2,51,2,2,2,5,medium-high
86,1,0,3,63,1,0,3,35,1,1,2,5,medium-high
83,2,1,3,46,3,2,3,86,1,0,3,5,medium-high
85,1,2,3,35,2,2,2,80,2,2,3,5,medium-high
64,2,0,2,43,1,0,2,69,1,0,3,5,medium-high
73,2,2,2,50,2,0,2,56,2,0,2,5,medium-high
80,3,2,2,86,3,0,3,45,1,1,2,5,medium-high
78,3,0,2,77,3,1,2,36,2,2,3,5,medium-high
89,2,1,2,45,2,1,2,43,2,1,2,5,medium-high
86,1,2,3,60,2,0,2,40,3,1,2,5,medium-high
47,3,1,3,62,3,0,3,43,2,2,3,5,medium-high
68,1,1,3,83,3,2,2,52,3,2,2,5,medium-high
50,2,0,2,67,3,2,2,52,2,2,3,5,medium-high
55,3,1,2,45,2,0,2,53,3,1,3,5,medium-high
83,3,0,2,41,2,1,2,76,1,2,2,5,medium-high
77,2,1,2,83,3,0,2,81,3,0,2,5,medium-high
73,2,1,3,62,1,2,2,82,3,0,2,5,medium-high
39,1,2,3,53,3,2,3,77,2,1,2,5,medium-high
66,2,0,2,74,1,0,3,80,2,0,3,5,medium-high
46,2,2,2,53,1,0,2,46,1,0,2,5,medium-high
41,3,1,2,39,2,2,3,73,2,1,3,5,medium-high
36,2,1,3,55,3,0,3,38,1,0,2,5,medium-high
39,3,1,2,67,1,2,3,89,2,1,3,5,medium-high
41,2,1,2,35,2,1,2,36,3,2,2,5,medium-high
43,2,2,3,68,3,2,3,41,2,2,3,5,medium-high
70,1,1,2,42,3,2,2,61,1,1,3,5,medium-high
53,1,1,3,77,2,0,2,42,2,1,2,5,medium-high
84,2,2,2,63,1,1,3,42,1,0,3,5,medium-high
87,1,2,3,35,1,2,2,70,2,1,2,5,medium-high
49,3,2,3,72,3,1,3,69,1,1,3,5,medium-high
38,1,1,3,46,2,2,3,49,2,0,2,5,medium-high
72,1,1,2,86,1,1,2,80,3,0,2,5,medium-high
65,1,1,3,59,3,0,2,50,1,0,3,5,medium-high
73,1,2,2,80,1,1,2,57,2,0,2,5,medium-high
69,1,0,2,69,1,1,2,70,2,1,3,5,medium-high
45,3,1,2,75,3,1,3,43,2,0,3,5,medium-high
52,2,1,3,75,1,0,3,56,1,1,3,5,medium-high
70,1,0,2,35,1,1,2,73,2,0,3,5,medium-high
49,3,2,3,60,1,0,2,83,1,1,3,5,medium-high
69,2,2,3,60,2,2,2,48,3,0,2,5,medium-high
37,3,0,3,81,3,1,3,82,3,0,2,5,medium-high
36,2,2,2,76,1,2,3,57,2,0,3,5,medium-high
61,3,1,3,39,1,0,3,57,2,2,3,5,medium-high
62,3,2,2,55,3,2,2,57,1,2,3,5,medium-high
66,2,2,2,78,2,0,2,48,1,0,2,5,medium-high
90,1,2,3,90,1,2,2,80,3,2,2,5,medium-high
76,2,2,2,36,1,1,3,69,2,1,2,5,medium-high
61,2,0,3,60,1,1,3,66,1,0,2,5,medium-high
68,1,1,2,37,1,2,3,64,1,0,2,5,medium-high
40,2,0,2,90,3,1,2,90,2,1,3,5,medium-high
35,3,2,3,35,2,1,3,40,2,0,3,5,medium-high
63,2,1,2,50,3,1,3,65,1,1,3,5,medium-high
59,3,2,3,39,2,2,2,71,2,2,3,5,medium-high
55,2,1,3,40,1,2,2,68,2,0,2,5,medium-high
67,2,0,2,69,3,0,2,57,2,0,3,5,medium-high
66,3,2,2,60,3,2,2,53,1,0,3,5,medium-high
63,2,0,3,66,1,1,3,69,2,2,3,5,medium-high
81,1,0,2,68,2,1,2,89,1,0,3,5,medium-high
83,2,0,2,67,1,2,2,58,3,2,3,5,medium-high
51,1,1,2,50,1,1,3,86,2,2,3,5,medium-high
54,1,0,3,76,3,1,2,53,3,0,3,5,medium-high
52,2,0,2,64,2,1,2,41,1,0,3,5,medium-high
52,1,2,3,38,1,0,2,90,2,2,3,5,medium-high
47,2,1,2,41,2,2,3,50,3,0,3,5,medium-high
41,3,0,2,57,3,1,3,73,2,1,2,5,medium-high
78,3,0,2,47,3,1,2,61,3,0,2,5,medium-high
89,1,1,2,74,3,1,2,56,2,0,2,5,medium-high
49,2,2,2,76,3,2,2,64,3,1,3,5,medium-high
53,3,2,3,89,3,0,2,73,2,1,2,5,medium-high
89,3,2,2,36,2,0,3,56,1,0,3,5,medium-high
81,3,0,2,81,1,2,3,51,1,1,2,5,medium-high
86,2,2,2,68,1,0,2,69,3,2,2,5,medium-high
55,3,2,3,76,2,2,2,79,2,2,3,5,medium-high
38,2,0,2,68,1,0,3,67,3,0,3,5,medium-high
66,2,2,3,68,3,2,2,45,3,0,2,5,medium-high
89,2,0,2,77,2,0,2,88,1,2,3,5,medium-high
62,2,0,2,78,3,0,3,71,3,2,3,5,medium-high
40,3,2,2,49,3,1,2,39,3,0,3,5,medium-high
66,3,0,3,54,3,2,3,46,3,1,3,5,medium-high
78,2,1,3,67,2,0,2,35,2,1,2,5,medium-high
66,3,2,2,51,3,2,3,54,2,2,3,5,medium-high
58,1,0,2,38,2,1,3,83,3,1,2,5,medium-high
54,3,1,2,48,2,0,2,87,3,2,2,5,medium-high
55,2,0,3,39,2,2,3,73,3,0,2,5,medium-high
79,3,0,2,50,1,0,3,62,3,2,3,5,medium-high
39,1,2,2,36,1,0,2,47,1,2,2,5,medium-high
88,2,1,3,63,2,1,3,67,1,1,3,5,medium-high
73,3,1,3,56,2,2,3,86,3,2,2,5,medium-high
83,1,2,3,90,3,2,2,61,3,0,2,5,medium-high
76,1,2,2,40,3,1,2,74,3,1,3,5,medium-high
55,3,0,2,61,3,0,2,80,2,0,3,5,medium-high
71,2,1,3,46,2,0,3,68,1,1,2,5,medium-high
38,3,2,2,67,1,0,2,81,3,0,2,5,medium-high
54,1,2,2,57,3,1,3,44,1,0,2,5,medium-high
79,2,1,2,81,1,2,3,48,2,1,3,5,medium-high
87,1,2,3,87,1,2,2,44,3,2,2,5,medium-high
59,3,1,3,72,2,0,3,37,3,0,3,5,medium-high
76,3,1,3,65,2,0,2,61,1,0,3,5,medium-high
69,1,0,2,54,1,2,2,67,3,1,2,5,medium-high
83,1,1,2,77,1,2,3,56,2,0,3,5,medium-high
76,3,0,3,71,1,2,3,79,2,1,2,5,medium-high
50,3,1,3,57,1,0,3,48,2,1,2,5,medium-high
55,3,2,2,62,1,1,2,87,1,1,3,5,medium-high
51,2,0,2,41,1,1,3,60,2,1,3,5,medium-high
71,1,0,2,85,2,0,3,62,3,1,2,5,medium-high
40,2,0,2,65,1,2,3,54,2,2,3,5,medium-high
52,2,1,2,52,2,0,2,39,2,2,2,5,medium-high
89,2,0,3,65,1,1,3,62,1,2,3,5,medium-high
69,2,2,2,40,3,1,2,42,2,2,3,5,medium-high
87,3,2,2,39,2,2,2,35,2,0,3,5,medium-high
62,1,0,2,81,1,2,3,69,3,1,2,5,medium-high
64,1,1,2,42,2,0,2,64,2,1,2,5,medium-high
64,2,1,3,48,3,0,2,61,3,1,3,5,medium-high
46,3,1,3,69,2,0,2,42,3,1,3,5,medium-high
90,1,2,3,40,3,0,2,55,1,1,2,5,medium-high
70,2,2,2,45,1,2,3,60,3,2,3,5,medium-high
35,2,1,2,73,3,0,2,40,3,2,2,5,medium-high
78,3,1,3,68,2,2,2,42,3,2,3,5,medium-high
59,1,2,3,50,2,0,2,80,2,1,3,5,medium-high
88,2,0,3,83,1,2,2,45,1,1,3,5,medium-high
62,2,1,2,80,2,2,3,44,1,2,2,5,medium-high
66,1,2,2,89,2,0,3,57,1,0,2,5,medium-high
50,3,0,2,65,1,2,3,64,1,0,3,5,medium-high
81,3,1,2,65,1,1,2,67,2,0,2,5,medium-high
40,1,1,3,79,3,1,3,43,1,1,2,5,medium-high
75,3,1,3,63,1,1,2,39,1,0,3,5,medium-high
68,3,1,2,68,1,2,2,56,2,1,2,5,medium-high
45,1,1,2,52,3,0,2,36,3,2,2,5,medium-high
65,2,1,3,46,3,1,3,62,2,2,3,5,medium-high
44,1,2,3,37,1,2,3,41,3,2,3,5,medium-high
58,2,2,3,52,3,1,3,36,2,1,3,5,medium-high
41,1,0,2,76,2,1,3,81,1,0,3,5,medium-high
61,1,0,2,43,2,2,3,45,2,0,2,5,medium-high
74,2,0,2,43,1,1,2,76,3,0,2,5,medium-high
81,2,2,3,37,1,2,2,36,1,0,3,5,medium-high
62,1,1,2,46,2,2,3,37,1,2,2,5,medium-high
61,3,0,3,66,3,0,3,86,2,2,2,5,medium-high
68,2,1,2,57,1,0,3,69,3,2,2,5,medium-high
72,3,2,3,72,2,2,3,90,1,1,3,5,medium-high
38,1,2,3,58,2,1,3,49,3,1,3,5,medium-high
87,1,1,2,38,1,2,3,85,3,1,2,5,medium-high
54,1,2,2,84,1,0,3,71,1,1,3,5,medium-high
62,1,2,3,63,1,2,3,64,1,1,2,5,medium-high
42,1,0,2,44,3,2,3,45,2,1,2,5,medium-high
42,2,0,2,85,2,2,3,42,2,1,3,5,medium-high
64,2,2,3,41,2,2,3,75,3,0,3,5,medium-high
88,1,0,2,71,1,2,3,64,3,0,3,5,medium-high
47,3,2,2,56,1,1,2,36,1,2,2,5,medium-high
47,2,1,3,55,1,0,3,88,2,0,2,5,medium-high
90,1,1,2,59,3,2,3,54,2,1,2,5,medium-high
78,1,0,3,35,1,1,2,87,3,2,2,5,medium-high
37,2,1,3,79,2,2,3,35,1,0,2,5,medium-high
70,3,0,2,71,2,2,2,59,1,2,2,5,medium-high
84,1,2,3,80,1,2,2,48,2,0,2,5,medium-high
62,3,1,3,83,2,1,3,81,2,1,2,5,medium-high
64,3,2,2,50,1,1,2,82,2,1,3,5,medium-high
83,3,0,2,62,2,1,3,76,1,0,2,5,medium-high
43,3,2,2,63,1,0,3,49,1,0,3,5,medium-high
50,1,1,2,80,1,2,3,75,3,1,2,5,medium-high
44,2,1,2,56,1,0,3,83,1,2,2,5,medium-high
78,2,2,2,66,3,1,2,74,1,2,2,5,medium-high
35,2,0,2,89,2,1,3,51,3,2,3,5,medium-high
50,1,0,3,65,3,0,3,80,2,1,3,5,medium-high
41,1,1,2,85,3,2,2,66,1,2,3,5,medium-high
36,2,0,3,41,1,2,2,63,1,2,2,5,medium-high
36,1,0,3,56,3,1,3,76,3,0,3,5,medium-high
59,2,2,3,69,2,1,3,68,3,1,3,5,medium-high
79,2,1,3,84,3,1,2,45,2,0,2,5,medium-high
69,1,2,2,63,2,0,3,89,1,1,2,5,medium-high
62,2,0,2,66,3,1,2,60,1,0,2,5,medium-high
65,2,1,3,41,2,0,2,52,2,2,3,5,medium-high
76,1,2,2,60,1,1,3,56,3,1,2,5,medium-high
56,3,1,2,66,1,2,3,71,2,2,2,5,medium-high
83,1,0,3,86,2,0,3,71,1,0,3,5,medium-high
62,3,2,3,90,1,0,2,35,3,2,3,5,medium-high
75,3,0,2,63,1,1,3,86,1,1,3,5,medium-high
59,3,0,3,38,3,2,2,84,1,0,2,5,medium-high
70,2,2,2,49,2,1,2,89,2,0,2,5,medium-high
83,1,2,2,50,1,0,2,69,3,1,2,5,medium-high
75,1,2,3,43,3,1,3,47,3,2,2,5,medium-high
60,1,0,2,85,1,0,2,49,1,1,2,5,medium-high
63,2,1,2,85,3,0,2,55,3,0,3,5,medium-high
35,2,1,3,77,1,2,3,70,1,0,2,5,medium-high
35,3,1,2,87,2,0,2,71,3,1,3,5,medium-high
51,3,1,3,48,1,2,2,81,2,1,3,5,medium-high
60,2,2,3,53,1,2,3,70,3,0,3,5,medium-high
67,1,0,3,90,2,1,2,42,2,0,2,5,medium-high
36,2,0,3,90,3,2,2,58,3,0,3,5,medium-high
57,1,0,2,47,2,0,2,87,3,2,3,5,medium-high
80,1,0,2,35,3,0,2,69,2,1,3,5,medium-high
54,1,0,2,43,3,2,2,66,1,0,3,5,medium-high
53,3,1,3,36,3,0,2,47,1,1,2,5,medium-high
90,2,0,3,79,2,2,2,48,3,2,2,5,medium-high
38,2,1,2,59,2,2,2,76,2,0,3,5,medium-high
86,3,0,2,42,3,0,3,86,3,1,3,5,medium-high
35,3,0,2,75,2,0,2,45,2,0,2,5,medium-high
65,1,2,2,57,1,2,2,71,2,2,2,5,medium-high
60,3,2,2,70,3,0,3,37,3,0,3,5,medium-high
64,2,1,2,42,3,0,2,69,3,0,3,5,medium-high
39,3,1,3,39,2,0,3,56,3,1,2,5,medium-high
61,2,0,2,47,2,0,2,42,1,1,3,5,medium-high
56,2,2,2,61,2,1,2,50,3,0,2,5,medium-high
37,2,0,2,45,1,1,2,76,2,0,2,5,medium-high
69,2,2,2,90,2,0,3,73,3,0,3,5,medium-high
64,3,2,3,81,2,1,2,78,3,1,3,5,medium-high
36,3,2,3,76,3,1,2,40,1,1,2,5,medium-high
48,3,0,2,47,3,0,2,68,1,1,3,5,medium-high
46,1,2,2,54,1,0,3,79,2,0,3,5,medium-high
63,1,0,2,75,2,1,2,60,1,1,3,5,medium-high
54,3,0,3,46,3,0,3,53,2,0,3,5,medium-high
72,3,0,3,86,2,2,2,86,3,2,2,5,medium-high
87,3,0,2,47,2,1,2,87,3,1,2,5,medium-high
78,2,2,2,73,3,1,2,56,2,1,3,5,medium-high
63,1,0,2,64,1,2,2,86,3,2,3,5,medium-high
58,2,1,3,88,2,2,3,40,3,1,3,5,medium-high
89,1,2,2,60,1,2,2,46,1,0,2,5,medium-high
90,1,0,2,76,2,2,3,53,1,0,2,5,medium-high
68,3,2,3,40,1,0,2,51,1,2,2,5,medium-high
68,3,0,3,81,1,0,3,61,1,0,3,5,medium-high
58,3,0,3,46,1,2,3,68,3,0,2,5,medium-high
89,1,0,2,85,1,1,3,71,2,0,2,5,medium-high
80,2,0,3,86,2,0,2,58,2,1,2,5,medium-high
42,1,1,3,85,3,1,2,76,1,2,2,5,medium-high
87,1,1,3,72,2,2,3,44,1,2,3,5,medium-high
88,1,1,3,54,2,0,2,77,1,0,2,5,medium-high
62,2,2,3,49,3,0,2,88,2,2,3,5,medium-high
86,2,0,3,36,2,0,2,43,3,0,3,5,medium-high
65,3,2,2,36,3,0,2,82,3,1,2,5,medium-high
74,2,1,2,87,3,2,3,77,2,0,2,5,medium-high
54,3,1,2,49,1,1,3,59,1,1,2,5,medium-high
45,2,1,2,45,2,0,2,44,2,1,3,5,medium-high
50,3,2,2,78,2,0,2,45,2,0,2,5,medium-high
90,1,0,3,42,1,2,3,51,2,2,3,5,medium-high
58,1,2,2,77,1,0,3,42,3,0,3,5,medium-high
84,2,2,3,59,1,2,3,61,1,1,3,5,medium-high
80,3,1,2,72,1,0,3,74,1,2,2,5,medium-high
36,1,0,3,86,2,1,3,48,3,2,2,5,medium-high
82,3,0,3,41,1,0,3,78,2,2,2,5,medium-high
70,1,2,2,63,2,0,2,81,2,0,3,5,medium-high
69,2,0,3,75,1,0,3,87,1,1,2,5,medium-high
57,2,0,3,89,1,0,2,55,2,2,2,5,medium-high
41,3,0,2,60,2,0,2,77,3,0,2,5,medium-high
80,3,1,3,74,1,1,2,48,3,1,3,5,medium-high
37,1,2,2,38,3,1,2,74,1,0,2,5,medium-high
49,1,1,3,63,1,1,3,82,1,2,2,5,medium-high
52,2,0,3,90,1,0,3,61,3,2,2,5,medium-high
63,3,1,2,56,3,1,3,59,2,1,3,5,medium-high
69,1,1,3,42,1,2,3,85,2,0,2,5,medium-high
62,1,2,2,65,3,2,3,78,2,2,2,5,medium-high
51,1,0,2,55,3,2,2,55,2,2,2,5,medium-high
89,3,0,2,43,2,1,3,77,2,1,3,5,medium-high
56,2,1,3,49,3,2,2,48,2,1,3,5,medium-high
72,3,1,2,73,1,2,2,45,3,1,3,5,medium-high
61,1,0,2,53,2,1,3,64,3,1,2,5,medium-high
90,3,1,2,70,2,1,2,56,1,2,2,5,medium-high
42,3,0,2,77,1,0,2,52,2,2,2,5,medium-high
55,3,2,2,75,3,0,3,45,2,0,3,5,medium-high
88,3,0,2,49,2,0,2,88,1,1,3,5,medium-high
63,1,1,3,83,1,2,3,50,1,1,3,5,medium-high
55,2,1,3,80,2,1,3,53,3,1,3,5,medium-high
39,2,0,3,82,2,2,3,72,3,0,3,5,medium-high
52,3,1,3,83,1,0,3,85,1,1,3,5,medium-high
71,2,0,3,69,2,0,2,47,3,0,2,5,medium-high
88,2,1,2,54,1,1,2,39,1,2,3,5,medium-high
49,3,0,3,65,1,0,2,90,3,2,3,5,medium-high
87,1,2,2,88,2,2,3,49,2,1,2,5,medium-high
78,1,2,2,44,3,2,3,55,2,2,2,5,medium-high
40,3,1,3,77,3,0,3,42,3,1,3,5,medium-high
74,2,0,2,37,1,0,2,46,1,1,2,5,medium-high
54,1,2,2,82,1,0,2,82,3,1,2,5,medium-high
56,1,1,2,86,2,2,3,77,1,1,3,5,medium-high
71,2,0,2,41,2,0,3,61,2,0,2,5,medium-high
67,1,2,3,71,3,2,2,69,2,1,3,5,medium-high
36,2,1,3,53,2,0,2,55,2,2,3,5,medium-high
39,2,0,3,69,2,1,3,89,1,1,2,5,medium-high
46,3,2,3,77,3,1,3,46,1,1,3,5,medium-high
87,1,2,3,73,3,0,3,70,3,1,3,5,medium-high
75,3,1,3,45,3,0,3,62,2,2,3,5,medium-high
48,2,0,3,50,3,0,3,61,3,1,2,5,medium-high
61,1,0,2,70,1,2,2,45,3,2,3,5,medium-high
62,3,2,3,68,2,2,2,53,1,0,3,5,medium-high
88,1,0,3,48,1,2,2,49,2,2,2,5,medium-high
42,1,1,3,54,3,0,2,66,2,2,3,5,medium-high
49,2,2,3,87,1,1,3,86,3,1,3,5,medium-high
49,2,2,2,55,2,2,3,38,3,2,2,5,medium-high
41,3,2,3,41,3,0,2,53,2,0,2,5,medium-high
60,2,1,3,81,1,2,3,38,2,2,3,5,medium-high
61,3,0,2,50,2,0,3,49,1,1,2,5,medium-high
73,3,0,3,55,1,2,2,43,2,1,3,5,medium-high
86,3,0,3,52,3,0,2,56,2,1,2,5,medium-high
48,2,2,3,81,1,2,2,73,3,1,2,5,medium-high
56,3,0,3,59,3,1,2,49,1,1,3,5,medium-high
63,1,2,2,68,2,2,3,43,3,2,3,5,medium-high
55,1,0,3,39,3,2,2,79,1,0,2,5,medium-high
68,3,2,3,42,2,2,2,43,3,1,2,5,medium-high
74,1,2,3,37,3,1,2,68,2,2,2,5,medium-high
80,1,0,3,52,3,2,3,58,1,0,2,5,medium-high
36,2,1,2,60,1,1,2,78,3,0,3,5,medium-high
78,1,2,2,88,1,1,2,69,1,2,2,5,medium-high
77,2,0,2,89,2,0,3,77,3,1,2,5,medium-high
40,3,1,3,62,1,1,2,61,3,1,2,5,medium-high
71,2,0,3,55,2,0,2,51,1,1,3,5,medium-high
75,3,0,2,83,2,1,3,36,1,2,3,5,medium-high
60,3,0,2,77,1,0,2,80,1,1,2,5,medium-high
73,3,0,2,56,3,0,3,44,3,0,3,5,medium-high
78,2,1,2,90,1,1,2,38,2,1,2,5,medium-high
58,3,2,2,60,2,0,2,63,1,1,3,5,medium-high
60,3,1,2,53,2,1,2,85,1,2,2,5,medium-high
71,2,2,3,68,1,0,2,84,2,1,3,5,medium-high
46,2,0,2,78,3,2,3,60,1,2,3,5,medium-high
61,2,2,2,63,2,0,3,59,2,2,2,5,medium-high
52,2,0,3,43,3,2,2,86,1,0,2,5,medium-high
88,1,2,2,43,2,1,3,79,3,0,2,5,medium-high
44,2,2,2,71,2,1,3,76,2,1,3,5,medium-high
37,3,0,2,50,2,0,3,49,1,1,2,5,medium-high
60,2,2,3,74,2,1,3,46,2,2,2,5,medium-high
61,3,1,2,64,3,0,3,72,2,1,3,5,medium-high
86,2,0,2,88,3,1,3,44,1,0,2,5,medium-high
69,3,2,2,90,1,0,3,59,2,2,2,5,medium-high
54,1,1,3,57,3,1,2,74,3,0,3,5,medium-high
44,2,2,2,68,1,1,2,85,3,0,3,5,medium-high
58,2,1,3,69,3,2,2,69,3,1,3,5,medium-high
72,1,2,3,80,2,0,3,38,2,1,3,5,medium-high
35,2,2,2,55,3,0,3,50,2,2,3,5,medium-high
76,1,2,2,72,3,0,3,86,2,0,3,5,medium-high
43,1,2,2,57,2,2,2,42,1,2,3,5,medium-high
77,3,1,2,61,1,2,3,38,1,0,3,5,medium-high
72,3,2,2,59,2,0,2,80,3,1,2,5,medium-high
64,1,2,3,35,3,1,3,82,2,0,2,5,medium-high
61,3,0,3,39,1,1,2,58,2,1,3,5,medium-high
83,1,1,3,56,1,1,2,68,3,1,2,5,medium-high
73,2,1,3,65,2,2,2,87,3,0,2,5,medium-high
72,1,2,3,64,1,1,2,70,1,1,3,5,medium-high
43,2,0,3,72,2,2,2,70,1,2,2,5,medium-high
80,3,1,3,78,2,1,2,89,2,1,3,5,medium-high
56,1,0,3,77,3,0,3,46,1,1,2,5,medium-high
72,3,2,2,70,2,0,3,59,2,1,3,5,medium-high
69,2,2,3,38,2,1,2,39,3,0,2,5,medium-high
87,1,0,2,39,1,0,2,44,3,0,2,5,medium-high
64,1,0,3,44,1,0,3,78,2,0,2,5,medium-high
68,3,1,3,40,3,2,2,48,3,0,3,5,medium-high
52,2,1,2,70,2,1,3,80,3,2,3,5,medium-high
73,2,2,3,77,2,2,2,51,3,0,2,5,medium-high
77,2,2,2,54,3,1,2,86,2,1,2,5,medium-high
37,3,1,2,79,2,2,3,42,2,0,3,5,medium-high
35,1,0,2,39,1,1,2,64,3,0,3,5,medium-high
64,2,1,3,60,1,1,2,61,3,1,3,5,medium-high
74,3,1,2,52,1,1,3,74,2,1,2,5,medium-high
75,3,1,2,73,3,0,3,86,3,2,3,5,medium-high
88,2,1,3,84,1,2,2,47,1,0,2,5,medium-high
65,3,0,3,46,2,1,2,76,1,2,3,5,medium-high
47,2,2,3,41,2,0,2,63,3,0,3,5,medium-high
73,3,2,2,40,1,2,3,86,3,0,2,5,medium-high
57,3,2,2,89,2,2,2,90,3,0,3,5,medium-high
70,2,1,2,40,2,1,2,69,1,2,3,5,medium-high
74,2,1,2,75,3,1,3,64,3,2,3,5,medium-high
84,1,0,3,78,1,1,3,51,2,1,2,5,medium-high
61,3,2,3,82,2,1,2,74,3,1,2,5,medium-high
52,3,1,2,53,2,2,3,45,3,0,2,5,medium-high
39,3,0,3,64,3,1,3,84,3,1,2,5,medium-high
90,2,0,3,90,2,0,2,68,2,2,2,5,medium-high
50,3,2,3,58,1,2,3,66,2,0,3,5,medium-high
64,3,1,3,79,2,2,2,71,1,2,2,5,medium-high
80,3,1,2,72,3,0,3,40,2,1,2,5,medium-high
78,3,2,3,47,3,2,3,70,2,1,3,5,medium-high
61,1,0,3,85,1,1,2,87,1,1,2,5,medium-high
42,3,1,2,89,2,0,2,60,1,0,3,5,medium-high
56,2,2,2,61,1,2,3,85,2,1,2,5,medium-high
75,2,1,2,71,2,2,2,65,1,0,2,5,medium-high
38,2,1,3,70,3,2,2,47,1,0,2,5,medium-high
71,3,2,2,59,2,1,3,82,1,2,2,5,medium-high
42,3,1,2,90,3,2,2,46,2,1,3,5,medium-high
75,3,2,3,52,3,1,3,54,3,0,2,5,medium-high
83,3,0,3,44,3,0,3,40,3,0,3,5,medium-high
81,1,0,2,62,3,2,3,61,2,0,2,5,medium-high
59,3,1,2,81,1,0,3,55,1,2,2,5,medium-high
88,2,2,3,70,2,1,3,83,3,2,3,5,medium-high
78,1,2,3,70,2,2,2,63,1,2,2,5,medium-high
39,1,0,2,35,3,1,3,41,1,1,2,5,medium-high
72,3,2,2,71,2,0,3,56,3,1,2,5,medium-high
77,3,0,2,41,1,1,2,67,1,1,2,5,medium-high
77,1,1,3,66,1,2,3,50,1,0,3,5,medium-high
63,2,1,2,83,2,1,3,66,2,2,3,5,medium-high
75,3,2,2,71,1,1,3,87,2,1,3,5,medium-high
85,3,1,3,88,3,1,3,76,3,0,2,5,medium-high
73,1,1,3,51,3,0,3,73,2,0,2,5,medium-high
73,1,0,2,36,1,1,2,55,2,1,2,5,medium-high
50,3,2,3,67,2,1,3,47,1,1,2,5,medium-high
80,1,2,2,77,2,0,3,47,2,1,3,5,medium-high
44,3,0,3,36,1,2,3,77,2,1,2,5,medium-high
61,2,2,2,41,2,0,2,82,3,2,3,5,medium-high
45,2,0,3,66,3,0,2,87,1,1,3,5,medium-high
58,3,2,3,77,1,0,2,35,2,1,2,5,medium-high
58,2,0,3,45,2,2,2,55,2,1,3,5,medium-high
76,3,0,3,44,2,2,3,61,2,2,3,5,medium-high
69,2,2,3,86,2,0,3,43,3,1,2,5,medium-high
64,3,1,3,50,3,1,3,58,3,2,2,5,medium-high
36,2,0,3,60,1,0,3,89,1,1,2,5,medium-high
49,3,2,2,50,1,2,3,44,2,2,3,5,medium-high
35,2,1,3,75,3,2,3,35,1,2,3,5,medium-high
89,2,2,3,73,1,1,2,74,2,0,2,5,medium-high
90,1,2,3,48,3,1,3,72,2,0,2,5,medium-high
45,2,2,3,71,3,1,3,78,3,2,2,5,medium-high
49,3,1,2,67,1,0,3,85,1,0,3,5,medium-high
36,3,0,2,45,3,1,3,76,3,0,2,5,medium-high
67,2,2,2,74,3,0,2,44,3,2,3,5,medium-high
40,2,2,3,42,3,0,2,39,3,0,2,5,medium-high
44,1,1,2,51,1,0,3,46,3,2,3,5,medium-high
60,2,1,2,79,2,2,2,60,3,2,3,5,medium-high
57,2,0,2,64,2,2,3,81,1,2,3,5,medium-high
72,2,0,2,79,1,1,3,70,2,1,3,5,medium-high
53,1,2,2,57,1,2,3,40,3,0,3,5,medium-high
64,2,2,3,50,3,2,3,36,1,0,3,5,medium-high
83,2,1,2,66,1,1,3,73,1,2,2,5,medium-high
45,2,0,3,65,2,0,2,66,3,1,2,5,medium-high
63,2,1,2,46,2,1,2,56,3,1,2,5,medium-high
47,3,2,3,74,1,0,3,42,2,0,2,5,medium-high
64,2,1,3,89,2,2,3,60,3,1,2,5,medium-high
53,3,2,2,59,1,1,2,39,3,0,3,5,medium-high
39,2,1,3,35,1,0,3,68,2,2,2,5,medium-high
59,2,2,3,60,1,0,2,81,3,0,3,5,medium-high
72,3,0,3,70,1,0,2,81,2,0,2,5,medium-high
86,1,2,2,78,1,2,2,48,3,2,2,5,medium-high
69,2,0,2,90,3,0,3,58,1,2,2,5,medium-high
81,2,1,2,48,3,0,3,84,2,1,2,5,medium-high
39,1,0,2,61,3,1,2,42,2,1,2,5,medium-high
68,3,0,3,85,1,2,3,45,2,2,3,5,medium-high
87,2,2,2,42,3,2,3,64,1,0,2,5,medium-high
54,3,2,2,78,1,1,3,85,2,0,2,5,medium-high
68,3,0,2,76,2,0,2,52,1,2,2,5,medium-high
54,1,2,2,75,2,2,2,82,3,2,2,5,medium-high
48,2,0,3,63,2,2,2,37,3,2,3,5,medium-high
51,2,2,3,90,2,1,2,85,1,2,3,5,medium-high
72,1,2,3,44,2,2,3,90,2,1,2,5,medium-high
39,1,0,2,77,2,1,2,70,3,0,3,5,medium-high
73,2,2,2,35,1,0,3,51,3,2,3,5,medium-high
81,3,1,2,40,2,0,3,67,1,0,2,5,medium-high
52,2,2,3,88,2,2,3,46,2,0,2,5,medium-high
86,3,0,3,60,3,0,2,87,1,0,3,5,medium-high
59,3,2,2,86,3,1,2,77,1,1,2,5,medium-high
73,3,2,3,51,3,0,3,54,2,2,3,5,medium-high
59,2,1,2,48,1,2,2,47,3,2,3,5,medium-high
50,2,0,2,57,3,1,2,78,3,2,3,5,medium-high
48,1,1,3,60,1,2,2,74,1,1,2,5,medium-high
43,3,0,3,51,1,2,3,46,2,1,3,5,medium-high
90,3,0,3,52,2,0,3,90,1,1,3,5,medium-high
58,1,0,3,40,2,1,3,48,2,0,3,5,medium-high
73,2,1,3,64,3,0,3,81,1,1,3,5,medium-high
76,2,1,2,45,2,1,2,56,1,1,3,5,medium-high
57,3,0,3,72,1,0,3,87,3,0,3,5,medium-high
56,1,2,2,48,3,0,2,85,1,1,2,5,medium-high
65,1,2,2,56,1,1,3,66,3,2,2,5,medium-high
54,2,0,3,80,1,2,3,40,2,2,3,5,medium-high
57,2,2,2,35,3,0,3,44,2,2,3,5,medium-high
77,3,1,3,84,3,1,3,65,1,0,2,5,medium-high
76,1,2,2,62,3,1,3,87,2,2,3,5,medium-high
70,3,1,2,54,2,0,2,42,2,1,2,5,medium-high
40,2,1,2,38,3,2,3,59,3,0,3,5,medium-high
71,1,0,3,75,1,2,3,90,1,1,2,5,medium-high
59,2,1,3,37,1,1,3,49,2,1,2,5,medium-high
82,2,0,2,56,3,0,2,42,3,0,2,5,medium-high
45,1,2,3,75,2,0,3,54,2,2,2,5,medium-high
37,1,1,2,76,2,0,3,52,3,0,2,5,medium-high
45,3,1,2,38,2,2,2,40,1,1,2,5,medium-high
57,1,0,3,35,3,2,2,71,1,1,2,5,medium-high
74,3,1,3,49,3,2,2,46,1,2,2,5,medium-high
48,1,1,2,54,1,0,3,57,3,1,2,5,medium-high
43,1,0,2,58,3,1,3,57,2,1,2,5,medium-high
43,1,0,3,71,3,2,2,90,1,0,2,5,medium-high
41,1,0,3,38,3,0,3,35,1,0,3,5,medium-high
80,2,1,2,64,1,1,2,86,3,0,2,5,medium-high
83,1,2,3,77,3,1,2,78,3,0,2,5,medium-high
53,3,1,2,60,1,2,3,68,1,1,3,5,medium-high
84,1,0,2,55,2,0,2,52,2,0,2,5,medium-high
75,1,2,3,45,3,1,2,40,1,1,2,5,medium-high
54,3,1,2,49,1,2,3,38,3,1,2,5,medium-high
86,2,1,2,47,2,2,2,76,3,1,3,5,medium-high
70,3,1,3,62,2,2,2,37,1,2,2,5,medium-high
63,2,0,3,73,3,2,2,82,2,1,2,5,medium-high
40,2,2,3,87,3,1,2,38,3,0,2,5,medium-high
86,3,2,2,66,1,0,2,73,2,1,2,5,medium-high
53,1,0,3,78,3,1,3,38,2,1,2,5,medium-high
61,3,0,3,36,2,2,3,84,1,2,3,5,medium-high
73,2,1,3,68,2,2,3,71,1,1,3,5,medium-high
42,2,2,2,68,2,2,2,57,1,2,3,5,medium-high
71,2,1,2,70,3,2,3,84,1,2,2,5,medium-high
48,3,2,3,87,3,2,3,39,1,0,2,5,medium-high
84,3,2,2,64,3,1,3,72,2,2,2,5,medium-high
37,1,0,2,48,2,1,2,43,3,2,2,5,medium-high
36,1,1,2,46,2,0,3,64,2,0,2,5,medium-high
40,1,0,3,80,3,2,3,87,1,2,3,5,medium-high
66,3,2,3,65,1,1,2,54,3,1,2,5,medium-high
41,1,0,3,73,2,1,2,39,3,2,2,5,medium-high
86,3,1,3,83,1,1,2,63,2,2,2,5,medium-high
77,1,0,2,63,2,1,2,80,2,0,2,5,medium-high
50,3,0,2,54,1,1,2,84,3,1,3,5,medium-high
62,2,0,2,66,1,2,2,88,3,1,3,5,medium-high
62,2,0,2,84,2,2,3,53,1,0,3,5,medium-high
78,2,0,2,41,3,2,2,70,2,2,3,5,medium-high
80,3,0,3,69,3,0,3,77,2,2,2,5,medium-high
63,1,2,2,66,2,0,3,40,3,2,3,5,medium-high
41,2,2,2,50,3,2,2,76,2,1,2,5,medium-high
37,1,1,2,36,2,2,3,47,2,0,2,5,medium-high
68,3,0,2,84,2,1,3,44,2,1,2,5,medium-high
83,2,2,3,54,2,0,3,41,1,2,2,5,medium-high
56,1,2,2,56,3,0,2,76,2,2,3,5,medium-high
57,2,2,3,44,2,0,2,79,1,2,3,5,medium-high
72,3,2,2,51,1,0,3,45,1,1,2,5,medium-high
86,1,0,2,39,1,2,2,53,2,1,2,5,medium-high
38,2,1,2,44,1,0,3,65,2,2,3,5,medium-high
36,1,0,3,76,3,1,2,81,3,1,3,5,medium-high
69,2,0,3,55,3,2,2,75,1,0,3,5,medium-high
88,1,0,2,81,3,1,2,78,2,1,3,5,medium-high
72,3,0,2,43,3,2,2,59,1,1,2,5,medium-high
36,2,0,2,50,1,2,3,84,2,2,2,5,medium-high
85,2,1,3,47,1,2,3,67,3,0,2,5,medium-high
52,1,1,2,38,3,0,3,70,1,0,3,5,medium-high
72,1,0,2,58,1,0,3,86,1,2,3,5,medium-high
54,2,2,3,86,2,1,3,67,1,1,2,5,medium-high
86,2,0,2,86,3,0,2,38,2,0,2,5,medium-high
54,3,2,3,66,1,0,3,53,3,2,3,5,medium-high
62,1,2,2,46,2,1,3,44,2,0,3,5,medium-high
57,1,1,2,61,2,0,3,54,2,2,2,5,medium-high
83,3,0,2,63,3,2,3,57,1,0,3,5,medium-high
80,1,0,3,80,2,0,2,54,2,0,2,5,medium-high
65,1,0,2,74,3,0,2,65,2,1,2,5,medium-high
90,2,1,2,71,2,1,3,49,1,1,2,5,medium-high
81,1,0,3,62,2,1,2,89,1,1,2,5,medium-high
81,1,2,3,36,1,2,2,51,2,1,3,5,medium-high
90,1,2,3,74,2,2,2,37,2,0,3,5,medium-high
52,2,2,3,59,2,2,2,86,2,0,3,5,medium-high
66,2,0,3,87,1,1,3,67,3,0,2,5,medium-high
49,3,2,3,60,2,0,3,73,2,1,2,5,medium-high
52,3,2,2,89,3,0,3,69,3,2,2,5,medium-high
52,1,1,2,56,1,0,3,38,2,1,2,5,medium-high
65,1,0,2,46,2,1,3,85,3,2,3,5,medium-high
76,3,1,2,68,1,2,2,72,3,2,2,5,medium-high
57,2,0,3,40,2,2,3,42,1,2,3,5,medium-high
66,1,1,3,84,2,0,2,90,1,0,2,5,medium-high
50,3,1,3,90,3,2,2,38,1,1,2,5,medium-high
47,3,2,3,55,3,2,3,77,1,2,2,5,medium-high
67,3,1,2,89,3,0,3,80,3,0,2,5,medium-high
74,2,2,2,71,1,1,3,74,1,0,2,5,medium-high
52,1,0,2,72,2,1,2,47,1,2,3,5,medium-high
76,2,1,3,85,1,1,3,78,2,0,2,5,medium-high
87,1,0,3,75,3,1,2,61,3,0,3,5,medium-high
62,1,0,2,60,1,1,3,63,2,2,2,5,medium-high
49,1,0,2,39,3,0,2,46,2,1,3,5,medium-high
62,3,2,2,65,1,2,2,73,3,2,3,5,medium-high
79,1,1,2,68,1,2,3,67,3,2,3,5,medium-high
50,3,2,2,79,1,2,3,44,2,2,3,5,medium-high
89,3,1,2,80,3,2,2,66,3,0,2,5,medium-high
40,2,1,3,58,2,2,3,58,2,1,2,5,medium-high
89,1,0,3,90,2,0,2,41,3,0,2,5,medium-high
72,1,1,2,56,2,1,3,81,1,0,2,5,medium-high
68,2,2,2,61,3,1,3,78,1,0,2,5,medium-high
35,2,2,2,88,2,0,2,39,1,2,3,5,medium-high
60,3,2,2,72,1,0,2,69,2,1,2,5,medium-high
73,2,2,3,81,2,2,2,44,1,1,2,5,medium-high
56,3,0,3,86,2,0,2,65,2,0,3,5,medium-high
41,3,1,3,88,2,0,2,42,1,2,2,5,medium-high
87,2,1,3,78,1,1,3,64,1,0,2,5,medium-high
72,2,1,2,79,2,2,2,49,1,2,3,5,medium-high
56,3,1,3,35,1,2,2,45,3,2,2,5,medium-high
85,1,0,3,73,3,2,2,55,1,2,2,5,medium-high
50,1,0,3,65,1,0,2,83,3,0,3,5,medium-high
87,3,1,2,36,1,1,2,72,1,0,2,5,medium-high
40,3,0,2,42,1,2,3,46,3,1,3,5,medium-high
86,2,2,2,70,3,0,3,60,3,0,3,5,medium-high
40,1,1,2,74,2,0,2,62,3,2,3,5,medium-high
39,2,1,3,36,2,0,2,57,3,2,2,5,medium-high
44,2,0,3,44,3,2,2,88,3,2,3,5,medium-high
39,1,0,2,86,3,2,3,35,2,1,2,5,medium-high
39,2,1,3,72,2,1,3,76,3,0,2,5,medium-high
62,1,1,2,47,1,2,3,90,2,0,3,5,medium-high
59,1,2,2,43,1,2,3,84,3,0,2,5,medium-high
37,2,1,2,84,2,0,3,70,3,1,3,5,medium-high
35,3,0,2,53,1,1,3,60,2,0,2,5,medium-high
61,2,2,2,49,3,1,3,75,3,0,3,5,medium-high
82,1,2,3,55,3,2,3,43,1,0,3,5,medium-high
72,3,2,3,67,1,1,2,83,3,0,2,5,medium-high
58,2,1,2,90,2,0,2,89,3,0,3,5,medium-high
54,2,1,2,70,1,0,3,47,1,1,3,5,medium-high
61,1,0,2,58,1,1,2,50,1,1,3,5,medium-high
74,1,0,3,63,2,1,2,35,2,2,3,5,medium-high
70,2,2,2,57,2,0,3,84,3,0,3,5,medium-high
40,3,2,2,43,2,2,2,88,2,1,3,5,medium-high
50,2,1,2,64,3,1,3,57,2,0,3,5,medium-high
52,2,0,3,76,3,2,2,43,1,0,3,5,medium-high
45,1,2,3,89,2,1,2,45,1,2,3,5,medium-high
60,1,2,3,50,2,2,2,66,3,1,2,5,medium-high
45,3,0,2,55,3,1,2,63,3,1,2,5,medium-high
78,2,1,3,35,2,1,2,42,3,1,3,5,medium-high
90,3,2,3,59,2,2,2,87,2,0,3,5,medium-high
85,2,0,2,90,2,0,2,76,2,2,3,5,medium-high
39,3,2,2,87,3,2,2,52,1,1,2,5,medium-high
52,1,1,3,62,3,1,2,64,2,1,3,5,medium-high
77,2,2,3,85,3,0,3,66,2,2,3,5,medium-high
50,3,2,2,36,3,1,3,70,2,0,3,5,medium-high
47,2,2,2,90,2,0,3,87,1,1,3,5,medium-high
77,3,0,2,47,3,1,2,66,3,1,3,5,medium-high
88,2,0,2,74,1,2,2,44,1,0,3,5,medium-high
65,1,2,2,72,1,1,2,55,3,2,3,5,medium-high
43,2,2,2,86,2,2,2,76,2,1,2,5,medium-high
67,1,1,2,57,1,2,3,73,3,0,2,5,medium-high
88,2,2,2,42,2,1,2,50,3,2,3,5,medium-high
80,2,2,2,82,2,0,3,63,2,2,3,5,medium-high
48,3,0,2,53,1,1,3,62,2,0,3,5,medium-high
87,2,2,2,71,2,2,2,59,2,2,3,5,medium-high
54,2,2,2,69,3,1,2,70,3,0,2,5,medium-high
40,3,1,3,52,1,0,2,90,2,2,3,5,medium-high
74,2,2,3,82,3,0,2,40,2,0,2,5,medium-high
90,2,2,2,79,3,0,3,72,2,0,2,5,medium-high
35,3,0,3,70,3,1,3,85,2,0,2,5,medium-high
45,2,0,3,56,3,0,2,62,3,0,3,5,medium-high
68,3,2,3,63,3,1,2,51,1,1,3,5,medium-high
72,2,2,2,68,3,2,3,55,3,2,2,5,medium-high
84,2,2,3,70,2,0,3,86,3,2,3,5,medium-high
87,1,0,3,39,3,0,2,43,2,1,3,5,medium-high
82,3,1,2,78,1,1,2,75,3,2,2,5,medium-high
59,3,1,2,39,2,1,3,66,1,2,2,5,medium-high
77,2,2,3,88,1,1,3,41,2,2,3,5,medium-high
46,1,0,3,45,2,1,2,87,3,1,2,5,medium-high
84,1,0,2,64,1,2,3,76,1,2,3,5,medium-high
60,1,0,3,76,2,0,3,73,3,0,3,5,medium-high
63,2,0,3,58,1,0,2,75,1,1,3,5,medium-high
69,2,1,3,65,2,1,2,67,2,2,3,5,medium-high
78,3,2,2,65,2,2,2,40,2,0,2,5,medium-high
36,1,0,3,68,3,1,3,61,1,2,3,5,medium-high
74,2,2,3,70,3,0,2,74,2,1,2,5,medium-high
36,2,1,3,36,3,2,3,81,1,0,2,5,medium-high
89,2,2,3,68,1,0,2,66,1,0,2,5,medium-high
84,1,0,3,88,1,2,3,83,1,2,3,5,medium-high
73,3,1,2,81,3,2,2,42,1,0,3,5,medium-high
77,2,0,2,66,3,1,3,42,2,2,3,5,medium-high
69,2,1,3,62,2,0,2,58,2,2,2,5,medium-high
65,1,0,2,77,3,0,3,87,3,2,2,5,medium-high
62,3,2,2,65,2,2,2,61,1,0,2,5,medium-high
84,3,1,2,73,1,2,3,75,2,1,3,5,medium-high
67,3,1,2,80,1,1,2,82,1,0,3,5,medium-high
77,1,1,3,61,3,1,2,83,2,0,2,5,medium-high
74,1,1,3,79,1,1,3,46,1,2,2,5,medium-high
42,1,0,2,82,2,0,3,84,1,0,2,5,medium-high
55,3,1,3,82,3,2,2,59,2,1,2,5,medium-high
42,2,2,3,89,3,0,2,52,1,0,3,5,medium-high
37,2,2,3,53,2,1,3,83,1,0,2,5,medium-high
47,2,2,2,75,1,2,3,36,2,2,2,5,medium-high
49,2,0,2,61,2,2,2,74,1,0,2,5,medium-high
84,1,2,3,58,2,1,2,81,3,0,2,5,medium-high
56,1,0,2,60,1,0,3,74,2,0,2,5,medium-high
53,1,0,2,53,2,2,3,63,2,1,2,5,medium-high
40,2,2,2,61,3,0,2,62,2,1,2,5,medium-high
69,1,0,2,52,2,1,3,89,3,2,3,5,medium-high
88,1,2,3,43,2,0,2,38,1,1,2,5,medium-high
89,3,1,3,49,3,1,3,46,2,1,3,5,medium-high
88,3,1,3,38,1,1,2,53,3,0,3,5,medium-high
80,3,1,2,42,3,0,3,73,3,0,2,5,medium-high
81,3,2,2,49,1,1,3,41,1,0,3,5,medium-high
49,3,1,3,81,2,0,2,53,2,1,2,5,medium-high
83,3,2,2,37,3,0,2,41,1,1,3,5,medium-high
73,2,1,3,46,3,0,3,79,2,0,3,5,medium-high
62,3,2,2,60,2,1,3,69,1,2,3,5,medium-high
52,3,0,3,84,3,1,3,57,3,0,2,5,medium-high
61,3,1,2,71,2,0,3,85,3,0,2,5,medium-high
43,2,2,2,58,2,1,3,65,3,1,2,5,medium-high
70,2,2,2,51,3,1,2,48,3,2,3,5,medium-high
89,3,0,3,81,1,0,3,47,2,0,2,5,medium-high
43,3,2,3,71,3,2,2,65,3,0,2,5,medium-high
87,1,1,3,78,1,1,3,62,1,0,2,5,medium-high
36,1,0,2,46,1,0,3,81,3,2,2,5,medium-high
65,3,2,3,69,2,0,3,47,3,1,3,5,medium-high
46,3,2,2,69,1,0,3,58,2,1,3,5,medium-high
51,2,2,2,86,3,0,3,67,1,2,2,5,medium-high
90,2,2,2,79,2,1,2,59,2,2,3,5,medium-high
70,3,1,3,90,3,2,3,63,1,1,2,5,medium-high
66,3,0,3,53,3,2,2,56,2,2,2,5,medium-high
53,2,2,2,79,1,2,3,44,3,1,2,5,medium-high
70,3,1,3,40,1,1,2,70,3,1,2,5,medium-high
62,3,2,3,40,2,2,3,51,2,1,3,5,medium-high
82,1,0,3,36,1,1,2,81,1,0,2,5,medium-high
55,3,1,3,64,1,1,3,45,3,0,3,5,medium-high
55,1,0,3,55,1,0,3,51,2,0,2,5,medium-high
60,1,2,3,64,2,2,3,70,3,0,3,5,medium-high
89,1,2,2,71,3,1,2,83,3,1,3,5,medium-high
54,2,1,2,46,3,0,3,65,1,1,2,5,medium-high
47,3,1,3,57,2,2,2,75,1,2,3,5,medium-high
69,3,1,2,54,3,0,2,45,1,0,2,5,medium-high
63,1,2,3,65,1,0,3,73,2,2,3,5,medium-high
74,2,1,2,61,1,0,2,49,2,2,3,5,medium-high
83,3,0,3,86,3,1,2,69,1,0,2,5,medium-high
83,3,1,2,63,3,0,3,37,2,2,3,5,medium-high
75,1,1,2,43,3,1,3,70,2,1,3,5,medium-high
53,3,1,2,54,3,1,2,77,3,0,3,5,medium-high
85,1,1,3,48,2,0,2,73,2,0,2,5,medium-high
48,2,1,3,71,3,0,2,48,3,2,2,5,medium-high
88,1,1,2,80,1,1,2,88,3,2,2,5,medium-high
65,1,2,3,36,2,1,2,81,2,0,3,5,medium-high
68,3,1,2,45,3,1,3,87,1,1,2,5,medium-high
86,1,2,2,82,1,1,2,55,2,2,2,5,medium-high
68,2,2,2,87,1,1,3,61,3,1,3,5,medium-high
82,2,2,2,63,2,0,3,89,3,0,3,5,medium-high
37,2,1,2,71,2,0,3,59,3,1,3,5,medium-high
78,3,2,3,80,1,1,3,56,2,0,2,5,medium-high
44,2,0,2,75,1,2,3,86,3,0,2,5,medium-high
66,3,2,2,53,3,2,2,50,3,2,2,5,medium-high
60,1,0,2,53,2,2,2,69,1,1,3,5,medium-high
78,2,1,2,46,3,0,3,64,1,0,3,5,medium-high
72,2,2,2,52,2,2,3,80,1,2,3,5,medium-high
37,3,2,3,56,2,1,3,82,2,2,2,5,medium-high
61,3,1,3,75,3,2,2,36,3,1,2,5,medium-high
59,3,0,2,36,2,1,3,83,3,0,2,5,medium-high
69,1,0,3,46,3,0,2,42,1,0,3,5,medium-high
68,3,2,3,82,1,0,2,46,3,2,2,5,medium-high
57,1,1,3,50,3,1,3,42,2,0,3,5,medium-high
40,2,1,2,80,1,1,3,63,2,2,2,5,medium-high
61,2,2,3,67,2,0,3,52,2,1,2,5,medium-high
73,3,2,3,48,2,2,2,46,1,2,2,5,medium-high
55,2,2,2,50,3,1,2,63,3,1,3,5,medium-high
83,2,2,2,77,3,2,3,84,2,2,3,5,medium-high
69,1,0,2,65,2,2,3,44,3,1,2,5,medium-high
85,3,1,2,49,2,1,3,83,3,2,2,5,medium-high
45,2,0,3,86,3,1,3,89,3,0,3,5,medium-high
49,3,0,2,59,2,1,3,49,1,1,2,5,medium-high
73,2,0,3,54,2,1,2,65,1,0,2,5,medium-high
54,2,1,3,63,2,1,3,58,2,2,3,5,medium-high
87,1,2,2,79,3,1,2,64,2,0,3,5,medium-high
65,1,2,3,73,3,1,2,44,2,1,3,5,medium-high
84,3,0,3,52,3,1,3,57,1,2,3,5,medium-high
72,1,0,2,36,1,2,3,45,1,1,2,5,medium-high
87,3,0,3,88,1,1,3,52,2,1,3,5,medium-high
79,1,0,2,38,3,2,3,80,3,2,3,5,medium-high
50,2,0,3,35,3,0,2,36,3,2,3,5,medium-high
66,2,0,2,65,1,1,3,35,2,0,3,5,medium-high
44,3,2,2,64,3,0,3,59,3,0,3,5,medium-high
56,1,2,2,89,1,0,2,57,3,0,2,5,medium-high
56,2,0,3,89,3,0,2,80,1,2,2,5,medium-high
40,1,0,2,78,3,0,2,41,3,1,2,5,medium-high
58,1,2,3,48,1,1,2,73,1,2,2,5,medium-high
72,2,2,3,73,1,1,2,48,3,2,2,5,medium-high
53,1,2,2,82,1,1,2,79,2,0,3,5,medium-high
44,2,1,3,65,1,1,3,58,2,0,2,5,medium-high
50,3,2,3,69,1,2,2,56,1,2,2,5,medium-high
44,3,2,3,45,1,1,3,68,2,0,2,5,medium-high
76,3,2,3,59,2,0,3,74,2,2,2,5,medium-high
44,1,2,3,49,1,0,2,38,3,0,2,5,medium-high
72,2,0,2,88,1,1,2,48,1,2,3,5,medium-high
83,1,2,2,47,2,0,3,77,3,0,2,5,medium-high
72,1,1,2,60,1,1,2,56,3,1,2,5,medium-high
74,1,0,2,84,3,1,3,44,3,2,3,5,medium-high
79,1,1,2,50,3,2,2,49,1,2,2,5,medium-high
49,3,1,3,90,2,1,2,84,1,1,2,5,medium-high
62,1,0,2,39,3,1,2,60,3,0,3,5,medium-high
36,3,0,3,77,3,0,3,86,2,2,2,5,medium-high
76,2,2,2,59,2,1,2,66,2,1,2,5,medium-high
35,1,0,2,90,1,1,2,57,2,2,2,5,medium-high
67,1,0,3,74,2,2,2,51,3,1,3,5,medium-high
43,3,2,2,79,1,2,2,57,2,2,2,5,medium-high
79,2,1,3,48,2,1,3,88,3,1,3,5,medium-high
81,3,0,3,76,3,2,2,49,1,0,3,5,medium-high
76,3,1,2,46,1,0,3,62,3,2,3,5,medium-high
86,1,0,2,36,3,1,3,60,1,1,3,5,medium-high
64,2,0,3,49,2,1,2,53,3,2,2,5,medium-high
49,2,0,2,62,1,2,2,38,3,0,2,5,medium-high
75,2,0,3,56,2,0,2,68,2,1,3,5,medium-high
52,3,0,3,62,2,2,2,59,2,1,3,5,medium-high
88,1,1,2,46,3,0,2,52,3,0,2,5,medium-high
75,1,1,3,46,3,2,2,71,3,2,3,5,medium-high
48,1,1,2,73,2,0,2,53,3,1,2,5,medium-high
50,1,1,2,62,2,2,2,73,1,1,2,5,medium-high
83,1,1,3,64,1,0,3,86,3,2,3,5,medium-high
76,2,2,3,52,1,0,3,57,2,0,2,5,medium-high
90,3,0,2,61,1,2,3,77,1,0,3,5,medium-high
86,2,0,3,37,3,2,2,46,2,1,3,5,medium-high
88,2,2,3,84,1,0,2,51,2,0,2,5,medium-high
85,2,2,3,60,3,1,3,41,1,0,3,5,medium-high
71,2,2,2,60,2,2,3,88,1,2,3,5,medium-high
73,1,1,3,71,2,1,2,63,2,0,3,5,medium-high
43,2,1,3,58,1,1,3,69,3,0,3,5,medium-high
43,2,0,3,80,1,1,2,65,1,0,3,5,medium-high
41,2,2,3,86,1,1,3,84,3,0,3,5,medium-high
78,1,0,2,67,2,0,2,51,3,0,3,5,medium-high
55,2,0,3,49,3,1,2,79,1,1,3,5,medium-high
61,2,0,3,45,3,2,2,54,2,2,2,5,medium-high
35,3,2,3,87,1,1,3,90,3,0,3,5,medium-high
62,3,1,3,70,3,2,3,55,1,2,2,5,medium-high
80,3,1,3,69,1,0,3,86,2,0,2,5,medium-high
65,3,0,3,68,2,2,2,85,2,2,3,5,medium-high
62,2,0,2,63,2,0,2,58,3,0,3,5,medium-high
41,1,2,3,36,2,1,2,78,2,1,2,5,medium-high
52,1,0,2,75,2,2,2,40,1,1,2,5,medium-high
40,3,2,3,44,1,0,2,66,1,0,2,5,medium-high
84,1,1,2,37,1,2,3,69,3,0,2,5,medium-high
50,1,2,3,68,1,0,3,72,1,0,2,5,medium-high
65,1,1,2,50,2,2,2,68,2,1,3,5,medium-high
63,1,0,2,52,1,2,3,76,1,1,3,5,medium-high
79,2,1,2,60,3,1,2,46,3,0,3,5,medium-high
45,3,0,2,38,1,2,3,88,1,2,3,5,medium-high
90,3,2,2,80,2,2,2,50,3,1,2,5,medium-high
55,3,0,3,48,1,0,2,74,1,1,3,5,medium-high
43,3,0,2,85,3,1,3,56,3,2,3,5,medium-high
79,3,1,2,79,3,0,2,50,1,2,2,5,medium-high
48,3,0,3,81,2,1,3,90,3,0,2,5,medium-high
70,1,2,2,72,3,0,3,51,1,2,3,5,medium-high
39,2,0,3,60,1,0,3,69,1,1,2,5,medium-high
61,3,2,2,58,3,1,2,44,3,2,2,5,medium-high
79,1,0,3,36,2,1,3,40,2,0,3,5,medium-high
64,3,1,2,51,3,1,3,82,2,2,2,5,medium-high
71,2,2,3,50,2,1,2,59,1,2,3,5,medium-high
84,1,1,3,81,1,2,2,36,3,0,3,5,medium-high
72,3,1,3,47,3,1,3,90,2,2,2,5,medium-high
58,1,2,2,76,1,2,2,35,2,2,2,5,medium-high
55,1,1,2,81,2,2,3,74,1,2,2,5,medium-high
88,3,1,3,87,1,0,2,72,1,0,2,5,medium-high
52,1,1,2,54,2,0,3,77,1,1,2,5,medium-high
43,2,2,2,49,3,2,2,55,3,2,3,5,medium-high
41,3,1,2,37,1,1,2,40,1,0,3,5,medium-high
44,1,0,3,58,2,2,3,64,2,0,2,5,medium-high
81,1,1,2,58,1,0,2,80,1,2,2,5,medium-high
46,3,1,3,81,3,0,2,43,3,1,2,5,medium-high
55,3,2,2,76,2,0,3,78,3,1,3,5,medium-high
40,1,2,3,37,2,0,3,46,3,1,2,5,medium-high
38,1,1,3,56,3,1,2,73,3,1,3,5,medium-high
37,1,1,2,40,1,0,3,79,1,1,3,5,medium-high
78,2,0,2,67,1,0,3,74,1,0,3,5,medium-high
83,3,1,3,55,3,1,3,60,1,2,3,5,medium-high
44,1,2,3,46,2,1,3,54,3,1,3,5,medium-high
49,1,0,2,80,1,0,3,58,1,0,2,5,medium-high
79,2,2,3,36,3,1,3,61,3,1,3,5,medium-high
49,1,1,2,75,1,1,2,79,2,1,3,5,medium-high
58,1,2,2,65,2,2,3,51,3,0,3,5,medium-high
76,3,2,2,38,2,0,3,71,3,2,2,5,medium-high
35,2,1,2,83,1,1,3,53,1,1,3,5,medium-high
84,2,1,3,50,1,0,3,37,2,0,2,5,medium-high
74,3,2,2,76,3,1,3,86,2,0,3,5,medium-high
51,3,2,2,68,1,1,2,55,2,2,2,5,medium-high
79,2,0,2,56,2,2,3,46,1,1,3,5,medium-high
40,1,2,2,59,1,1,2,79,3,0,2,5,medium-high
48,2,0,3,90,3,1,2,90,3,2,3,5,medium-high
86,3,1,2,37,3,0,2,42,3,0,2,5,medium-high
85,1,2,2,78,2,0,3,74,2,1,2,5,medium-high
64,1,1,2,58,2,0,3,82,3,2,2,5,medium-high
45,3,2,3,44,3,0,2,64,1,0,3,5,medium-high
35,2,0,2,72,1,2,3,48,1,1,3,5,medium-high
81,3,1,3,65,3,2,3,61,1,0,3,5,medium-high
87,2,1,2,51,1,1,3,57,1,1,3,5,medium-high
80,1,1,2,63,3,1,2,44,2,0,3,5,medium-high
66,3,1,3,45,2,1,2,60,3,0,3,5,medium-high
50,3,0,2,65,2,1,2,68,2,0,3,5,medium-high
63,2,0,2,55,1,2,3,37,3,2,2,5,medium-high
45,2,0,3,88,2,0,3,44,3,1,2,5,medium-high
71,1,2,2,35,3,1,3,85,3,0,3,5,medium-high
48,1,0,2,56,2,1,2,84,1,0,2,5,medium-high
67,2,0,2,59,3,0,2,50,3,2,3,5,medium-high
38,1,2,3,71,1,1,3,60,1,0,2,5,medium-high
81,1,0,2,66,1,0,2,77,1,0,2,5,medium-high
55,1,2,3,74,2,2,3,83,2,1,3,5,medium-high
50,3,1,2,55,2,1,2,43,1,0,2,5,medium-high
35,2,1,2,58,1,2,3,85,3,2,3,5,medium-high
80,1,2,2,65,2,2,2,59,1,2,3,5,medium-high
48,3,1,2,75,3,0,2,60,1,1,2,5,medium-high
42,3,1,3,87,3,2,2,54,2,1,3,5,medium-high
68,1,2,2,56,3,0,2,41,1,1,2,5,medium-high
65,3,0,2,42,2,2,2,87,2,1,3,5,medium-high
50,3,2,2,59,2,0,3,56,1,2,3,5,medium-high
60,1,0,2,70,2,2,2,65,2,2,2,5,medium-high
45,2,2,3,65,1,2,3,74,1,2,3,5,medium-high
58,1,0,2,47,3,1,2,90,3,0,2,5,medium-high
83,3,0,3,59,3,2,3,63,2,0,2,5,medium-high
70,2,2,3,42,3,0,3,63,1,0,2,5,medium-high
44,2,1,3,82,1,2,3,83,3,2,3,5,medium-high
59,1,2,2,51,1,2,2,66,2,2,2,5,medium-high
58,1,2,3,82,1,1,2,62,3,0,2,5,medium-high
60,1,0,3,53,3,2,3,69,2,0,2,5,medium-high
62,2,1,3,75,1,2,2,84,1,2,3,5,medium-high
46,1,0,3,61,1,0,3,76,2,0,2,5,medium-high
90,1,0,3,76,2,0,2,89,1,0,3,5,medium-high
40,2,1,3,76,3,0,3,76,3,2,2,5,medium-high
35,3,1,2,64,1,1,3,87,3,1,3,5,medium-high
67,1,0,3,69,1,0,3,39,1,0,2,5,medium-high
90,1,2,3,76,2,2,3,66,3,0,3,5,medium-high
71,1,0,2,37,2,2,3,40,1,0,3,5,medium-high
45,2,1,2,36,2,0,3,44,2,1,3,5,medium-high
40,1,2,3,58,1,1,3,68,3,1,2,5,medium-high
71,3,1,2,57,3,1,3,67,2,2,2,5,medium-high
77,2,1,2,53,1,0,3,38,3,2,2,5,medium-high
56,3,2,2,56,3,1,2,88,3,0,2,5,medium-high
87,2,1,3,44,2,1,2,80,1,1,3,5,medium-high
72,3,0,2,43,2,2,2,85,1,0,2,5,medium-high
48,3,1,3,57,3,1,2,75,1,2,2,5,medium-high
71,2,0,3,51,1,0,3,35,1,0,3,5,medium-high
70,3,1,3,43,3,1,2,45,2,0,3,5,medium-high
82,2,2,2,67,1,1,2,81,2,1,2,5,medium-high
73,1,1,2,71,1,0,3,82,1,1,3,5,medium-high
59,3,1,3,77,3,1,2,65,2,2,2,5,medium-high
88,1,1,3,90,3,0,3,86,2,2,3,5,medium-high
56,1,1,2,65,1,0,2,70,2,2,3,5,medium-high
38,1,0,3,64,1,2,2,78,2,0,2,5,medium-high
45,3,2,2,69,1,0,2,69,1,0,3,5,medium-high
48,3,1,2,42,1,1,3,40,1,1,3,5,medium-high
73,1,2,2,63,1,1,3,58,2,0,3,5,medium-high
78,2,2,3,62,3,1,3,49,3,0,3,5,medium-high
74,1,0,3,48,3,1,2,85,3,0,3,5,medium-high
59,3,1,3,68,3,1,2,45,2,1,2,5,medium-high
70,2,2,3,60,3,1,2,50,1,0,2,5,medium-high
74,1,1,3,53,1,1,2,48,3,2,2,5,medium-high
69,1,2,3,51,3,0,3,58,2,2,3,5,medium-high
55,3,2,3,48,2,2,2,45,2,0,2,5,medium-high
51,2,1,2,72,1,2,3,39,1,0,3,5,medium-high
56,3,0,2,57,1,0,2,73,3,2,3,5,medium-high
59,2,2,2,36,2,2,3,73,3,1,3,5,medium-high
88,2,2,2,70,1,1,3,36,3,1,3,5,medium-high
57,2,2,2,90,3,0,3,40,3,0,3,5,medium-high
52,3,2,3,72,1,2,3,50,1,0,3,5,medium-high
40,2,0,2,55,1,0,2,68,2,2,3,5,medium-high
35,2,2,3,37,3,2,3,70,3,1,3,5,medium-high
88,2,2,3,86,2,0,2,54,2,0,3,5,medium-high
54,2,0,2,38,1,0,2,75,1,1,2,5,medium-high
63,2,0,2,46,2,0,2,35,3,1,2,5,medium-high
39,1,2,2,36,1,0,3,53,3,2,2,5,medium-high
84,2,0,2,68,1,0,2,65,2,2,2,5,medium-high
76,3,2,2,70,2,1,2,69,1,0,3,5,medium-high
80,2,2,2,67,3,2,3,67,2,1,2,5,medium-high
65,1,1,3,86,2,0,2,90,1,2,3,5,medium-high
46,2,1,2,88,3,0,3,87,2,2,2,5,medium-high
67,3,2,3,46,1,2,2,47,2,2,2,5,medium-high
85,3,2,2,64,2,0,3,90,3,1,2,5,medium-high
46,2,0,3,83,3,1,2,45,2,2,3,5,medium-high
87,3,0,3,84,2,2,3,54,3,2,2,5,medium-high
78,2,2,2,38,2,2,3,64,3,2,2,5,medium-high
35,1,2,3,42,1,0,3,62,1,2,2,5,medium-high
80,1,2,2,61,2,0,3,52,1,0,3,5,medium-high
77,2,2,2,88,3,2,2,79,3,2,2,5,medium-high
45,1,0,2,37,2,1,3,63,3,0,3,5,medium-high
71,3,1,2,37,3,0,3,42,3,1,2,5,medium-high
59,2,2,3,67,3,1,3,41,3,0,2,5,medium-high
75,1,2,2,37,2,2,3,56,1,0,3,5,medium-high
41,3,2,2,43,2,2,2,36,1,0,2,5,medium-high
81,3,2,2,47,2,2,2,50,2,1,2,5,medium-high
64,3,1,2,67,2,0,3,66,2,2,3,5,medium-high
79,3,0,2,48,3,2,2,44,1,2,2,5,medium-high
67,1,2,2,84,2,1,3,88,3,1,3,5,medium-high
43,3,1,2,72,3,0,2,48,3,2,2,5,medium-high
53,3,2,2,85,3,1,3,49,2,1,3,5,medium-high
39,1,1,2,45,1,0,3,67,1,1,2,5,medium-high
43,1,1,2,70,2,1,2,36,3,2,3,5,medium-high
88,2,2,2,76,1,2,3,36,1,1,3,5,medium-high
70,3,2,3,37,2,1,3,58,3,0,2,5,medium-high
39,2,2,3,85,1,1,3,45,2,1,3,5,medium-high
76,3,1,3,83,2,0,2,52,1,1,3,5,medium-high
43,2,2,2,68,1,1,2,76,3,2,3,5,medium-high
80,2,0,2,68,2,0,2,74,3,1,2,5,medium-high
84,2,2,3,82,3,2,3,78,1,1,3,5,medium-high
63,2,1,2,77,3,2,2,88,1,2,2,5,medium-high
59,3,2,2,80,3,2,2,71,2,2,2,5,medium-high
46,1,0,2,76,1,1,2,77,2,1,3,5,medium-high
70,2,0,2,75,3,1,3,45,1,2,3,5,medium-high
39,1,2,2,46,2,0,2,87,2,1,2,5,medium-high
89,1,2,3,40,1,0,2,60,3,2,3,5,medium-high
63,3,2,2,59,2,1,3,89,2,1,3,5,medium-high
70,1,2,3,89,3,2,2,65,3,0,3,5,medium-high
77,2,1,2,73,2,0,3,72,2,0,3,5,medium-high
53,3,1,2,59,2,1,2,43,2,2,3,5,medium-high
78,1,2,2,54,1,1,3,35,3,0,3,5,medium-high
48,3,1,3,45,1,0,3,43,3,0,2,5,medium-high
36,2,0,2,43,1,2,2,56,3,2,3,5,medium-high
39,3,1,3,79,2,2,3,57,1,0,2,5,medium-high
82,3,0,2,58,1,0,2,65,1,1,3,5,medium-high
41,1,0,3,90,1,1,3,83,3,2,3,5,medium-high
70,3,2,2,65,3,0,3,77,3,0,2,5,medium-high
56,3,0,2,76,1,1,2,87,3,1,2,5,medium-high
47,1,1,3,82,1,1,2,88,2,1,2,5,medium-high
90,3,1,3,37,1,0,3,82,2,0,2,5,medium-high
36,1,0,2,43,2,2,2,43,1,1,2,5,medium-high
88,1,0,3,59,3,1,2,47,2,1,2,5,medium-high
89,2,2,2,64,3,2,3,67,2,1,2,5,medium-high
41,1,0,2,55,1,2,3,76,1,1,2,5,medium-high
79,1,0,2,53,1,0,3,40,1,1,2,5,medium-high
56,1,0,3,66,1,2,2,45,3,2,3,5,medium-high
86,2,0,3,39,1,1,2,51,2,1,2,5,medium-high
48,2,1,3,72,3,1,2,43,3,0,2,6,hard-basic
79,2,0,2,53,3,0,3,35,1,1,2,6,hard-basic
63,1,0,3,44,1,0,3,49,2,0,3,6,hard-basic
44,1,1,3,71,1,1,2,77,3,1,2,6,hard-basic
69,3,1,3,62,2,0,2,54,1,1,2,6,hard-basic
44,3,1,3,57,1,1,2,53,3,0,3,6,hard-basic
70,3,1,3,39,1,0,2,75,3,1,3,6,hard-basic
77,3,1,2,32,1,0,3,56,2,0,2,6,hard-basic
73,3,0,2,51,2,1,2,32,3,0,2,6,hard-basic
32,3,0,3,78,2,1,3,61,3,1,3,6,hard-basic
57,1,0,3,62,1,1,2,54,2,0,2,6,hard-basic
32,2,1,3,36,3,1,2,65,3,1,3,6,hard-basic
68,2,1,2,63,3,0,3,59,3,0,3,6,hard-basic
63,3,1,2,48,2,1,2,57,2,1,2,6,hard-basic
79,1,1,2,75,1,0,3,59,3,1,2,6,hard-basic
70,1,1,2,41,3,1,3,58,2,1,2,6,hard-basic
63,2,1,2,32,3,1,2,36,2,0,2,6,hard-basic
30,3,1,3,48,1,1,3,63,2,0,3,6,hard-basic
79,1,1,2,52,1,0,2,37,3,0,2,6,hard-basic
72,1,0,3,37,3,0,3,54,1,1,3,6,hard-basic
37,3,1,2,75,3,0,2,71,3,0,2,6,hard-basic
40,3,1,2,32,1,0,3,30,2,1,3,6,hard-basic
70,2,1,2,46,1,0,2,62,2,1,3,6,hard-basic
66,1,0,2,56,1,0,3,56,1,1,3,6,hard-basic
51,3,1,3,35,3,1,3,80,1,0,2,6,hard-basic
63,3,1,2,38,2,0,3,43,1,0,2,6,hard-basic
65,1,1,3,67,1,1,3,42,3,1,2,6,hard-basic
71,1,0,3,65,2,0,2,74,2,0,3,6,hard-basic
73,3,1,2,35,2,0,2,80,2,1,3,6,hard-basic
62,1,1,3,34,3,0,3,46,1,0,3,6,hard-basic
74,1,1,3,32,3,0,3,51,1,1,3,6,hard-basic
56,1,0,3,57,1,0,2,66,3,0,2,6,hard-basic
65,3,0,2,77,1,1,2,53,1,1,3,6,hard-basic
69,2,0,3,78,1,0,2,39,3,1,3,6,hard-basic
53,2,0,3,32,3,0,3,38,3,1,3,6,hard-basic
71,1,0,2,70,1,1,3,77,1,1,2,6,hard-basic
64,2,1,3,59,1,0,2,44,1,1,3,6,hard-basic
40,3,1,2,66,3,1,2,32,3,1,3,6,hard-basic
61,3,0,3,58,1,1,2,39,2,1,3,6,hard-basic
43,3,0,2,45,3,1,3,65,3,0,3,6,hard-basic
75,1,0,2,37,1,1,3,56,1,1,2,6,hard-basic
67,2,1,2,55,1,1,3,49,1,0,2,6,hard-basic
71,1,1,3,68,2,0,3,80,1,1,2,6,hard-basic
36,3,0,3,53,3,0,3,62,1,0,3,6,hard-basic
50,2,1,2,52,2,1,2,44,3,1,2,6,hard-basic
49,1,0,3,32,1,1,2,55,2,1,2,6,hard-basic
64,2,0,2,68,1,0,3,71,3,1,3,6,hard-basic
51,1,1,2,47,1,1,2,77,3,1,2,6,hard-basic
77,1,1,2,62,3,0,2,48,2,0,3,6,hard-basic
59,3,1,3,65,1,1,3,60,2,1,2,6,hard-basic
67,2,1,2,70,1,1,3,68,2,0,3,6,hard-basic
61,1,1,3,75,3,0,2,78,1,1,2,6,hard-basic
57,3,1,2,71,1,1,3,50,1,1,2,6,hard-basic
57,2,1,3,37,1,1,2,49,3,0,3,6,hard-basic
47,1,0,2,45,1,1,2,57,3,1,3,6,hard-basic
46,2,1,3,34,2,0,2,56,3,1,3,6,hard-basic
56,1,0,3,39,3,1,2,42,1,0,3,6,hard-basic
65,3,1,3,36,1,0,3,72,3,1,3,6,hard-basic
52,1,0,2,39,2,0,3,39,3,1,2,6,hard-basic
60,1,0,3,46,3,0,3,78,1,0,3,6,hard-basic
62,3,0,3,50,3,1,3,66,3,0,3,6,hard-basic
74,2,1,3,35,2,1,2,68,3,1,3,6,hard-basic
53,3,1,3,48,3,1,3,32,1,1,2,6,hard-basic
78,3,1,3,78,2,1,2,41,2,1,2,6,hard-basic
67,1,0,2,77,2,1,2,38,1,1,3,6,hard-basic
39,3,1,2,63,2,0,2,55,1,0,2,6,hard-basic
80,1,1,3,75,3,0,3,50,1,0,3,6,hard-basic
63,2,1,2,45,1,0,2,39,2,0,3,6,hard-basic
30,3,0,3,39,1,1,3,58,2,0,3,6,hard-basic
64,2,0,2,61,2,0,2,64,1,0,2,6,hard-basic
71,3,0,3,41,2,1,2,75,3,0,2,6,hard-basic
49,1,1,3,47,1,1,3,34,1,1,2,6,hard-basic
51,3,1,2,30,1,0,2,51,3,1,2,6,hard-basic
76,3,1,2,55,2,0,2,66,3,1,2,6,hard-basic
80,3,1,2,50,2,0,3,67,1,1,2,6,hard-basic
76,2,0,3,60,3,0,2,50,3,1,3,6,hard-basic
33,1,0,3,39,3,0,2,49,2,0,3,6,hard-basic
35,3,0,2,46,2,0,2,46,1,1,3,6,hard-basic
31,2,0,3,80,2,1,2,44,1,0,3,6,hard-basic
44,3,1,3,54,1,0,3,38,3,1,3,6,hard-basic
63,3,1,3,70,3,0,2,37,1,0,3,6,hard-basic
57,3,0,3,75,3,1,2,73,3,0,3,6,hard-basic
37,2,1,3,36,1,0,2,63,3,1,2,6,hard-basic
50,2,0,3,77,2,1,2,75,1,1,3,6,hard-basic
78,2,1,3,38,2,1,3,71,1,0,2,6,hard-basic
79,2,1,3,40,2,0,3,52,2,1,2,6,hard-basic
47,1,1,2,38,1,0,3,59,1,1,3,6,hard-basic
62,1,1,2,32,3,1,2,60,1,1,3,6,hard-basic
50,2,0,3,66,2,0,3,50,3,0,3,6,hard-basic
35,1,1,2,31,1,1,2,62,3,1,2,6,hard-basic
71,3,0,3,33,3,0,3,66,1,1,2,6,hard-basic
53,2,0,2,72,3,0,3,67,1,0,2,6,hard-basic
71,3,1,3,59,1,1,3,35,2,0,2,6,hard-basic
33,1,1,3,61,3,1,2,74,2,1,3,6,hard-basic
64,2,1,2,31,3,0,3,39,2,0,2,6,hard-basic
71,2,0,3,68,1,1,2,70,3,1,2,6,hard-basic
80,2,0,2,55,1,0,3,44,2,0,3,6,hard-basic
62,3,1,3,46,2,1,3,45,1,1,3,6,hard-basic
39,3,0,3,48,1,1,2,41,3,1,3,6,hard-basic
77,2,1,3,74,1,1,2,68,3,0,2,6,hard-basic
50,2,1,2,47,3,1,3,69,1,0,2,6,hard-basic
41,1,1,3,48,2,0,3,31,3,1,2,6,hard-basic
44,2,1,2,34,1,1,2,65,3,0,3,6,hard-basic
36,2,0,2,41,1,0,3,43,1,0,3,6,hard-basic
30,3,1,3,75,3,1,3,59,3,1,2,6,hard-basic
44,2,0,2,52,1,0,2,48,2,1,3,6,hard-basic
67,2,1,3,31,3,1,3,36,2,0,3,6,hard-basic
46,2,0,3,35,2,1,2,66,1,1,3,6,hard-basic
80,3,0,3,40,1,1,2,56,1,1,2,6,hard-basic
46,3,0,3,75,3,0,3,76,2,1,2,6,hard-basic
57,3,0,3,34,2,1,3,56,3,0,2,6,hard-basic
59,2,0,3,62,3,0,2,37,2,1,2,6,hard-basic
77,1,0,2,30,1,1,2,68,3,0,3,6,hard-basic
32,2,0,2,63,2,1,2,76,1,0,3,6,hard-basic
36,3,0,2,44,2,1,3,67,1,1,3,6,hard-basic
71,1,0,3,65,3,0,2,78,1,1,2,6,hard-basic
52,1,0,2,78,2,0,2,46,3,1,2,6,hard-basic
50,3,1,3,66,3,0,3,64,2,1,2,6,hard-basic
77,2,1,2,61,1,0,3,43,2,0,3,6,hard-basic
41,3,1,2,60,2,1,2,48,1,0,2,6,hard-basic
36,3,0,3,76,2,1,2,70,2,1,2,6,hard-basic
80,3,0,3,46,3,0,2,71,2,1,2,6,hard-basic
77,1,1,3,58,2,0,2,39,1,0,2,6,hard-basic
30,2,0,3,54,2,0,2,31,2,1,2,6,hard-basic
45,3,0,3,31,2,0,3,51,1,0,2,6,hard-basic
63,1,1,2,72,2,1,3,36,3,0,3,6,hard-basic
43,3,0,3,30,3,0,2,32,1,0,3,6,hard-basic
75,1,1,2,75,2,0,3,35,1,1,3,6,hard-basic
32,3,1,3,67,3,1,3,77,3,1,3,6,hard-basic
63,2,1,3,63,2,1,3,49,3,0,2,6,hard-basic
61,1,1,3,64,1,0,2,67,3,1,2,6,hard-basic
55,3,1,3,74,2,1,3,71,1,0,2,6,hard-basic
46,3,1,2,60,3,1,2,75,1,1,3,6,hard-basic
40,3,1,3,48,3,0,2,34,1,1,3,6,hard-basic
75,1,0,3,79,2,1,2,41,1,1,2,6,hard-basic
72,2,0,3,78,2,1,2,53,3,0,3,6,hard-basic
54,3,0,2,63,2,0,2,32,1,0,2,6,hard-basic
76,2,0,3,78,3,0,2,75,1,0,3,6,hard-basic
45,2,0,2,43,3,1,2,64,2,0,3,6,hard-basic
54,2,1,2,46,2,0,3,59,3,0,2,6,hard-basic
65,1,1,2,50,2,0,3,73,3,0,2,6,hard-basic
45,2,0,2,69,3,1,2,62,1,1,2,6,hard-basic
30,2,0,3,73,3,1,3,47,1,1,2,6,hard-basic
31,1,0,3,36,1,0,2,60,3,1,3,6,hard-basic
38,3,0,2,34,1,1,3,50,1,0,3,6,hard-basic
54,3,0,2,33,2,0,3,79,3,0,3,6,hard-basic
70,3,1,2,50,2,1,2,79,1,0,3,6,hard-basic
66,1,1,2,66,1,0,3,77,2,0,2,6,hard-basic
61,1,0,3,79,3,1,2,73,2,0,2,6,hard-basic
76,1,1,2,43,3,1,3,39,1,0,2,6,hard-basic
69,1,0,3,55,1,1,3,49,2,1,2,6,hard-basic
69,1,0,3,37,2,1,3,69,1,1,3,6,hard-basic
52,1,0,3,79,3,0,2,38,1,1,2,6,hard-basic
31,2,1,2,75,3,0,3,63,2,0,3,6,hard-basic
39,2,0,3,44,1,0,3,52,1,0,2,6,hard-basic
73,2,0,3,51,2,0,3,57,1,0,2,6,hard-basic
69,3,0,3,60,2,0,3,32,2,1,3,6,hard-basic
41,2,0,3,51,1,1,2,37,3,0,3,6,hard-basic
56,1,1,2,59,1,1,3,57,2,0,2,6,hard-basic
53,2,1,2,66,3,1,3,54,1,1,3,6,hard-basic
41,3,1,2,71,2,1,3,45,2,1,2,6,hard-basic
46,2,1,3,68,2,1,3,50,2,0,3,6,hard-basic
72,1,1,3,65,3,0,3,43,1,0,3,6,hard-basic
31,3,1,3,72,3,0,2,71,3,1,3,6,hard-basic
57,3,0,2,68,3,0,2,66,2,0,3,6,hard-basic
75,3,1,2,61,1,1,3,37,1,0,2,6,hard-basic
38,1,1,2,33,1,0,2,71,1,0,3,6,hard-basic
64,3,1,2,54,1,0,2,46,2,1,3,6,hard-basic
62,2,1,3,58,3,0,3,53,2,0,3,6,hard-basic
74,2,0,3,71,2,1,2,80,2,0,3,6,hard-basic
48,2,0,3,43,1,0,3,68,2,1,3,6,hard-basic
70,1,1,2,66,1,0,3,36,1,0,3,6,hard-basic
70,3,0,2,57,3,0,2,34,3,0,2,6,hard-basic
73,1,1,2,41,1,1,2,55,1,0,2,6,hard-basic
52,1,1,2,62,1,1,2,65,2,1,3,6,hard-basic
53,1,1,2,80,2,1,2,67,2,1,2,6,hard-basic
78,3,0,3,54,3,1,2,34,2,1,2,6,hard-basic
50,3,1,2,68,1,0,2,77,3,1,2,6,hard-basic
48,1,1,3,52,1,1,2,75,3,0,3,6,hard-basic
64,3,0,3,33,2,0,3,34,3,0,3,6,hard-basic
61,3,1,2,65,2,0,2,62,3,0,3,6,hard-basic
55,1,1,2,79,3,0,3,52,2,1,3,6,hard-basic
47,2,1,3,39,2,0,2,46,3,0,2,6,hard-basic
38,3,0,3,67,3,1,2,74,2,0,2,6,hard-basic
54,3,1,3,30,3,1,2,32,2,1,2,6,hard-basic
69,2,0,2,78,3,0,2,73,1,0,3,6,hard-basic
40,3,1,2,73,2,0,2,75,3,0,3,6,hard-basic
63,1,0,2,74,1,1,2,77,2,1,2,6,hard-basic
38,3,0,3,64,1,1,3,51,1,0,3,6,hard-basic
80,1,0,3,42,2,0,3,60,3,1,2,6,hard-basic
73,2,1,3,54,3,1,2,33,1,1,3,6,hard-basic
53,1,1,3,58,1,1,2,38,1,1,2,6,hard-basic
80,3,0,3,37,1,1,2,63,3,0,2,6,hard-basic
55,1,1,3,46,1,1,3,79,2,0,2,6,hard-basic
61,2,1,2,38,2,0,2,58,2,0,3,6,hard-basic
34,3,1,2,41,2,1,3,42,1,0,3,6,hard-basic
80,2,0,2,72,2,0,2,40,1,0,3,6,hard-basic
75,3,1,2,69,1,0,2,61,1,0,2,6,hard-basic
63,2,1,3,50,3,1,2,38,3,1,3,6,hard-basic
79,2,1,3,35,1,0,3,56,3,1,2,6,hard-basic
49,3,0,2,37,1,0,3,52,3,0,2,6,hard-basic
76,2,1,2,31,3,1,3,64,1,0,3,6,hard-basic
36,2,1,2,63,2,0,3,35,2,0,2,6,hard-basic
65,2,0,3,46,3,1,2,73,3,1,2,6,hard-basic
66,1,0,3,70,2,0,3,79,2,1,3,6,hard-basic
71,2,0,3,34,3,0,2,46,2,1,2,6,hard-basic
46,3,1,2,31,1,1,3,59,2,1,2,6,hard-basic
55,1,1,2,76,2,1,3,45,1,1,2,6,hard-basic
71,1,1,3,51,3,0,2,66,1,0,3,6,hard-basic
61,3,1,3,42,1,0,2,50,1,0,3,6,hard-basic
68,1,0,2,73,1,0,3,74,2,0,2,6,hard-basic
34,2,1,3,35,1,1,3,39,3,1,2,6,hard-basic
55,3,1,3,30,1,0,3,49,1,1,3,6,hard-basic
69,1,0,2,78,1,0,2,46,3,0,2,6,hard-basic
56,3,1,3,37,2,0,2,72,1,0,2,6,hard-basic
32,2,1,3,51,2,0,3,33,2,1,2,6,hard-basic
57,3,1,2,65,3,0,2,52,2,0,2,6,hard-basic
58,1,1,3,51,1,1,2,72,3,0,2,6,hard-basic
70,2,0,3,42,3,0,2,65,2,0,3,6,hard-basic
41,1,1,3,46,2,0,3,56,3,0,3,6,hard-basic
61,3,1,3,51,3,1,2,47,1,1,3,6,hard-basic
72,3,0,2,50,3,1,3,61,3,0,2,6,hard-basic
62,2,1,2,34,3,0,3,43,3,1,2,6,hard-basic
66,2,0,3,69,3,0,2,53,1,1,2,6,hard-basic
48,2,0,3,36,3,1,2,41,2,1,2,6,hard-basic
48,3,1,3,37,1,1,3,57,3,0,3,6,hard-basic
40,1,1,3,51,2,0,2,72,3,1,3,6,hard-basic
40,3,0,3,49,3,0,2,79,3,0,3,6,hard-basic
60,1,1,3,40,1,0,3,70,3,1,2,6,hard-basic
67,3,0,3,34,1,1,2,76,1,0,3,6,hard-basic
56,2,1,2,38,3,1,3,59,2,0,3,6,hard-basic
70,1,1,2,63,2,0,2,61,1,1,3,6,hard-basic
39,2,1,2,31,1,1,3,57,2,0,3,6,hard-basic
76,1,1,2,37,3,1,3,34,3,1,2,6,hard-basic
68,1,1,2,35,2,1,2,79,1,1,3,6,hard-basic
54,1,0,2,54,3,0,2,75,3,1,2,6,hard-basic
32,3,1,2,35,1,1,3,65,1,0,3,6,hard-basic
72,2,1,2,79,3,1,3,52,2,0,2,6,hard-basic
40,1,1,2,73,3,0,3,49,1,1,3,6,hard-basic
62,1,0,2,53,1,0,3,54,2,0,3,6,hard-basic
71,2,0,3,49,3,1,3,32,3,1,3,6,hard-basic
64,1,1,3,34,2,0,3,78,1,0,3,6,hard-basic
33,3,0,2,41,2,1,2,32,3,0,2,6,hard-basic
52,2,1,3,37,1,0,3,39,3,0,3,6,hard-basic
34,2,1,3,31,1,1,2,38,3,1,2,6,hard-basic
32,1,0,3,38,1,1,2,47,1,1,3,6,hard-basic
59,1,0,3,70,1,0,3,49,3,1,3,6,hard-basic
59,1,0,2,64,3,1,3,38,1,1,3,6,hard-basic
45,2,0,3,75,1,1,2,76,3,1,2,6,hard-basic
40,1,0,3,72,2,0,3,31,1,1,3,6,hard-basic
71,1,1,3,49,2,0,2,50,3,0,3,6,hard-basic
61,3,1,3,80,3,1,3,31,2,0,2,6,hard-basic
80,1,0,2,58,2,1,3,69,3,1,3,6,hard-basic
61,1,1,3,71,3,0,2,62,1,1,3,6,hard-basic
55,1,1,2,55,3,0,2,67,3,0,2,6,hard-basic
35,2,1,3,68,2,0,2,44,2,1,2,6,hard-basic
51,1,0,3,30,1,0,2,65,3,0,3,6,hard-basic
59,2,1,3,54,2,1,2,38,2,1,2,6,hard-basic
38,2,0,3,51,3,1,2,48,3,0,2,6,hard-basic
61,2,0,3,49,2,1,2,63,2,1,2,6,hard-basic
76,2,0,2,67,2,0,3,69,1,1,2,6,hard-basic
54,1,0,2,75,2,0,3,47,2,0,3,6,hard-basic
51,2,1,2,47,1,0,2,76,1,0,2,6,hard-basic
76,1,0,2,70,1,0,2,62,1,1,3,6,hard-basic
72,1,1,3,57,3,0,3,54,3,0,2,6,hard-basic
54,2,1,3,50,1,0,2,33,3,0,3,6,hard-basic
53,3,0,3,76,1,0,3,48,1,0,3,6,hard-basic
51,2,1,2,31,3,0,2,48,3,0,3,6,hard-basic
80,3,0,2,65,2,0,2,66,1,1,3,6,hard-basic
60,1,0,3,48,2,0,3,38,1,1,3,6,hard-basic
67,2,0,2,77,2,1,3,44,1,0,3,6,hard-basic
60,3,0,2,73,3,1,3,78,2,0,2,6,hard-basic
49,1,1,3,46,3,1,3,50,3,1,2,6,hard-basic
40,3,1,2,30,1,0,3,79,1,1,2,6,hard-basic
39,1,0,3,67,3,1,2,55,3,0,3,6,hard-basic
79,2,0,3,64,3,0,3,60,1,0,2,6,hard-basic
79,3,1,2,36,3,0,2,55,1,0,3,6,hard-basic
57,1,1,3,48,3,1,3,79,3,0,2,6,hard-basic
45,3,1,2,44,1,1,2,34,1,0,2,6,hard-basic
37,2,1,2,65,1,1,2,67,3,1,3,6,hard-basic
70,2,0,3,76,2,0,3,65,2,1,2,6,hard-basic
75,3,1,2,52,3,1,3,65,3,0,2,6,hard-basic
55,2,0,2,72,1,0,3,39,2,0,2,6,hard-basic
71,2,1,2,53,2,0,2,42,3,0,2,6,hard-basic
45,2,0,3,61,2,1,2,56,2,0,3,6,hard-basic
71,1,1,3,72,3,1,3,49,2,0,2,6,hard-basic
57,1,0,2,62,3,0,2,68,1,0,3,6,hard-basic
72,1,1,2,78,1,0,2,32,1,0,3,6,hard-basic
50,2,0,3,34,3,1,2,54,3,0,3,6,hard-basic
33,2,0,3,47,2,0,3,48,2,0,2,6,hard-basic
30,1,0,3,35,1,1,3,55,2,1,2,6,hard-basic
33,1,1,2,66,2,0,3,35,2,1,2,6,hard-basic
80,1,1,2,54,3,1,2,54,1,1,3,6,hard-basic
63,2,1,3,59,1,0,2,75,3,1,3,6,hard-basic
45,1,1,3,30,3,0,2,37,3,1,2,6,hard-basic
41,1,0,3,77,3,0,3,80,1,0,3,6,hard-basic
43,2,0,3,56,1,1,2,77,1,0,2,6,hard-basic
64,2,0,2,50,1,0,2,33,2,1,3,6,hard-basic
79,1,0,2,48,1,0,2,70,1,1,2,6,hard-basic
79,1,1,3,78,1,1,2,44,3,1,3,6,hard-basic
45,1,0,3,53,2,0,3,38,1,0,3,6,hard-basic
74,2,0,2,39,3,1,3,76,1,0,2,6,hard-basic
72,2,1,3,30,1,0,2,73,3,0,3,6,hard-basic
57,3,1,3,51,1,1,3,64,2,0,2,6,hard-basic
50,2,0,3,33,2,0,3,30,2,0,3,6,hard-basic
55,1,0,3,47,1,0,2,64,2,0,2,6,hard-basic
66,1,0,3,53,2,0,2,40,3,1,2,6,hard-basic
43,3,1,2,30,3,1,3,55,3,0,2,6,hard-basic
76,3,1,2,43,2,1,3,51,2,0,2,6,hard-basic
37,3,1,2,66,2,0,3,52,3,1,2,6,hard-basic
30,1,0,3,70,2,1,3,78,1,1,2,6,hard-basic
65,2,1,3,42,2,0,2,49,1,0,2,6,hard-basic
79,2,0,2,47,1,0,3,51,1,1,3,6,hard-basic
48,1,1,3,35,1,0,2,74,2,0,3,6,hard-basic
68,2,1,2,80,1,0,2,55,3,0,3,6,hard-basic
75,3,1,2,35,1,1,3,40,1,1,2,6,hard-basic
45,1,1,3,55,1,0,2,78,2,0,2,6,hard-basic
77,2,1,2,64,2,1,2,58,1,0,2,6,hard-basic
67,3,0,3,38,1,1,3,39,2,1,3,6,hard-basic
78,3,0,3,79,2,0,3,54,1,0,3,6,hard-basic
32,1,0,2,70,2,0,3,37,3,0,3,6,hard-basic
67,3,1,3,50,3,1,3,75,3,0,2,6,hard-basic
65,2,1,2,30,3,1,2,73,3,0,2,6,hard-basic
42,3,1,3,42,3,0,3,44,2,0,3,6,hard-basic
50,1,0,3,49,3,1,3,59,2,0,2,6,hard-basic
79,1,1,2,47,3,0,3,67,3,0,3,6,hard-basic
69,3,1,3,77,3,1,3,71,2,1,2,6,hard-basic
70,2,1,2,54,2,0,3,41,1,0,3,6,hard-basic
47,1,0,3,30,2,0,3,70,3,1,2,6,hard-basic
36,3,0,3,45,3,1,2,80,1,1,2,6,hard-basic
47,2,1,3,64,3,1,2,30,3,0,2,6,hard-basic
38,3,1,2,64,2,1,2,63,2,1,2,6,hard-basic
72,1,0,2,54,3,1,2,35,3,1,2,6,hard-basic
54,2,1,3,65,1,1,2,49,2,0,2,6,hard-basic
41,2,1,3,57,2,0,3,34,1,0,3,6,hard-basic
42,2,0,2,36,3,1,3,60,2,0,2,6,hard-basic
39,3,1,3,48,3,0,2,69,1,0,2,6,hard-basic
58,1,0,3,50,3,0,2,35,1,0,3,6,hard-basic
38,3,0,2,54,3,0,3,54,1,1,3,6,hard-basic
54,2,1,2,39,3,0,2,69,3,1,2,6,hard-basic
35,3,1,3,62,2,0,2,30,3,0,2,6,hard-basic
34,3,0,3,58,1,1,2,40,2,1,2,6,hard-basic
66,3,1,3,40,2,1,3,34,2,0,3,6,hard-basic
77,2,0,3,44,1,1,3,76,2,1,2,6,hard-basic
34,2,0,2,62,2,1,3,35,3,1,3,6,hard-basic
62,2,1,2,67,3,0,3,72,3,1,2,6,hard-basic
55,2,1,2,54,1,1,2,76,1,1,2,6,hard-basic
47,1,0,3,50,2,0,3,49,2,1,3,6,hard-basic
69,3,1,3,36,1,1,3,40,2,0,2,6,hard-basic
74,2,1,2,66,2,0,3,37,3,1,3,6,hard-basic
41,2,1,3,45,1,1,2,77,1,1,3,6,hard-basic
42,2,0,3,32,1,0,2,38,2,0,3,6,hard-basic
46,2,1,2,80,3,1,3,50,2,0,2,6,hard-basic
60,3,1,2,42,3,1,3,56,1,0,2,6,hard-basic
37,1,0,3,60,3,0,2,64,2,0,3,6,hard-basic
74,1,0,3,78,3,1,3,35,3,0,2,6,hard-basic
64,3,0,3,73,1,0,2,53,1,1,3,6,hard-basic
39,2,0,2,34,2,0,3,47,2,1,3,6,hard-basic
63,3,1,3,40,3,1,3,77,3,0,2,6,hard-basic
57,2,1,2,43,3,1,3,74,1,1,2,6,hard-basic
76,1,1,3,69,2,1,3,79,2,1,2,6,hard-basic
66,2,0,3,48,1,1,2,31,3,1,2,6,hard-basic
76,3,1,2,80,3,0,3,71,1,0,2,6,hard-basic
47,3,0,3,54,1,0,2,60,1,0,3,6,hard-basic
53,2,0,3,70,2,1,3,34,3,1,3,6,hard-basic
43,2,1,2,72,3,0,3,31,1,1,2,6,hard-basic
43,3,0,2,56,1,0,3,49,3,0,2,6,hard-basic
41,1,1,3,32,3,0,2,46,2,0,2,6,hard-basic
76,1,0,3,55,3,1,3,55,3,0,2,6,hard-basic
59,3,1,2,73,1,0,3,42,3,0,3,6,hard-basic
65,1,0,2,46,1,0,3,47,2,0,3,6,hard-basic
44,3,0,2,76,2,1,2,58,3,0,2,6,hard-basic
32,3,0,3,51,1,1,3,65,1,0,2,6,hard-basic
68,2,1,3,61,2,0,3,72,2,1,3,6,hard-basic
69,3,1,3,60,3,0,3,46,1,1,3,6,hard-basic
71,3,0,3,41,2,0,3,63,1,0,3,6,hard-basic
66,3,1,2,52,2,0,3,44,1,1,3,6,hard-basic
80,2,0,2,60,3,1,3,66,2,0,3,6,hard-basic
52,3,0,3,61,2,0,2,37,1,0,3,6,hard-basic
74,3,0,2,33,3,0,3,48,2,0,2,6,hard-basic
43,1,0,3,60,2,1,3,74,2,0,3,6,hard-basic
72,3,1,2,47,1,1,3,61,2,1,3,6,hard-basic
72,2,1,3,69,3,0,2,43,1,1,2,6,hard-basic
47,2,0,2,33,1,1,2,64,1,1,3,6,hard-basic
56,2,0,2,39,2,1,3,60,3,0,3,6,hard-basic
75,2,1,3,68,2,1,3,43,1,1,3,6,hard-basic
62,2,0,3,53,1,1,2,35,2,0,2,6,hard-basic
49,1,1,2,41,2,0,3,35,2,1,3,6,hard-basic
46,1,1,3,52,1,0,3,80,3,0,2,6,hard-basic
56,3,0,2,30,2,1,2,67,2,0,2,6,hard-basic
66,1,1,3,34,2,1,3,44,2,1,3,6,hard-basic
36,3,0,3,77,2,0,3,30,1,0,3,6,hard-basic
36,2,1,3,56,3,1,2,34,2,0,2,6,hard-basic
67,2,0,2,51,2,1,3,33,2,1,2,6,hard-basic
30,1,1,2,70,1,0,3,54,3,0,3,6,hard-basic
49,2,1,3,47,3,0,3,55,2,1,3,6,hard-basic
67,3,1,2,48,3,1,3,46,3,0,2,6,hard-basic
66,2,0,2,68,1,0,3,73,1,1,3,6,hard-basic
69,3,0,2,52,1,0,3,46,3,1,2,6,hard-basic
64,2,1,3,71,1,0,2,63,1,0,2,6,hard-basic
44,2,1,3,61,2,0,2,42,1,0,3,6,hard-basic
44,2,1,2,42,2,1,2,68,2,1,3,6,hard-basic
68,3,0,2,57,3,0,2,77,3,1,2,6,hard-basic
64,1,1,2,50,3,1,3,62,2,1,2,6,hard-basic
66,1,0,3,63,3,0,3,57,3,0,2,6,hard-basic
54,1,1,3,43,2,1,3,66,2,1,2,6,hard-basic
78,1,1,2,59,1,1,3,70,1,1,3,6,hard-basic
38,1,1,2,72,2,1,2,54,1,1,3,6,hard-basic
58,3,1,3,78,3,0,3,77,2,0,3,6,hard-basic
60,1,0,3,63,3,1,3,57,3,0,3,6,hard-basic
48,3,0,3,34,3,1,2,44,1,1,3,6,hard-basic
62,3,1,3,60,2,1,3,61,2,1,2,6,hard-basic
76,1,1,3,64,2,0,2,76,3,0,3,6,hard-basic
38,3,0,2,47,2,1,2,69,1,0,3,6,hard-basic
62,2,1,3,40,3,1,3,71,1,1,3,6,hard-basic
80,1,1,2,52,1,1,3,60,2,1,2,6,hard-basic
73,1,0,2,33,1,1,3,46,2,1,3,6,hard-basic
38,1,0,3,34,1,0,2,77,3,0,2,6,hard-basic
54,2,0,2,55,2,0,2,39,3,0,2,6,hard-basic
70,3,0,3,39,2,0,3,36,3,0,2,6,hard-basic
76,2,0,2,37,1,1,2,68,3,1,2,6,hard-basic
80,3,1,3,50,2,0,2,63,3,0,3,6,hard-basic
62,1,1,3,58,1,0,2,76,3,1,3,6,hard-basic
80,3,0,3,40,3,1,2,79,2,0,3,6,hard-basic
61,3,0,3,70,3,1,2,71,1,1,2,6,hard-basic
34,1,0,2,55,1,1,2,58,2,1,3,6,hard-basic
32,2,1,3,61,1,1,2,57,1,1,3,6,hard-basic
65,2,0,3,68,2,0,2,45,2,0,3,6,hard-basic
54,3,0,2,64,1,1,3,33,3,0,2,6,hard-basic
67,3,0,2,38,1,0,2,35,3,0,2,6,hard-basic
80,1,1,2,74,2,1,2,39,3,0,3,6,hard-basic
73,3,0,2,42,1,1,2,60,3,0,2,6,hard-basic
69,3,0,2,41,3,1,3,59,1,1,2,6,hard-basic
54,3,1,2,44,1,1,3,36,2,1,2,6,hard-basic
40,1,1,3,58,2,1,2,76,3,0,3,6,hard-basic
47,2,0,3,33,3,0,2,79,3,1,3,6,hard-basic
63,1,1,3,67,3,1,3,40,2,1,3,6,hard-basic
70,3,0,3,68,3,0,3,56,2,1,3,6,hard-basic
37,2,0,2,74,3,0,2,57,2,0,3,6,hard-basic
78,3,0,3,61,2,1,2,80,1,1,2,6,hard-basic
75,2,0,2,72,2,0,2,71,3,0,3,6,hard-basic
42,2,0,3,48,2,1,3,39,3,1,3,6,hard-basic
60,2,0,3,61,2,1,3,39,2,1,2,6,hard-basic
63,2,1,3,36,1,1,2,47,2,0,2,6,hard-basic
50,2,0,3,51,1,1,3,49,1,0,3,6,hard-basic
54,3,1,2,73,3,1,3,61,1,1,2,6,hard-basic
65,2,1,3,52,3,0,2,38,1,1,2,6,hard-basic
69,1,0,3,47,2,1,2,73,2,1,2,6,hard-basic
33,1,0,2,72,1,1,3,50,1,1,2,6,hard-basic
32,1,1,2,69,2,0,2,66,3,0,2,6,hard-basic
69,3,0,2,71,2,0,3,57,3,0,3,6,hard-basic
58,3,0,3,44,3,1,3,68,1,1,3,6,hard-basic
53,1,1,2,79,3,1,3,67,1,0,3,6,hard-basic
52,2,0,2,40,2,0,3,40,1,0,3,6,hard-basic
46,1,1,2,65,1,0,2,36,3,0,3,6,hard-basic
78,1,0,3,63,2,0,3,33,1,0,2,6,hard-basic
71,3,1,2,52,1,0,3,40,2,1,3,6,hard-basic
58,1,0,2,56,2,0,2,33,1,0,2,6,hard-basic
57,2,1,2,39,2,0,2,52,1,1,2,6,hard-basic
58,2,1,2,66,2,0,2,37,1,0,2,6,hard-basic
78,3,1,3,51,1,0,3,38,1,0,2,6,hard-basic
41,3,0,2,78,3,1,2,74,2,0,3,6,hard-basic
53,1,1,3,65,3,0,2,31,1,1,2,6,hard-basic
63,2,1,2,34,1,0,3,59,3,1,3,6,hard-basic
55,2,0,2,34,3,1,2,32,2,1,3,6,hard-basic
68,1,0,2,59,1,0,2,64,3,0,3,6,hard-basic
46,2,0,3,50,2,1,3,30,2,0,2,6,hard-basic
70,3,0,2,77,3,1,2,72,2,1,3,6,hard-basic
69,1,0,3,74,1,1,2,30,1,0,2,6,hard-basic
43,3,0,3,52,3,1,3,66,1,1,2,6,hard-basic
46,1,0,2,59,2,0,2,31,2,0,2,6,hard-basic
56,1,1,2,50,3,1,2,80,2,0,3,6,hard-basic
62,3,1,2,55,2,0,2,46,2,1,2,6,hard-basic
54,2,1,2,48,2,0,2,30,1,1,2,6,hard-basic
42,2,0,2,80,3,1,3,35,1,1,2,6,hard-basic
33,2,1,2,57,1,0,3,59,1,1,3,6,hard-basic
54,1,1,2,54,2,0,2,51,1,1,2,6,hard-basic
73,2,1,3,62,1,0,2,73,2,1,3,6,hard-basic
36,3,0,2,43,1,0,3,73,1,1,2,6,hard-basic
43,2,1,3,79,2,0,2,56,3,0,2,6,hard-basic
44,1,0,3,68,2,0,3,36,2,1,2,6,hard-basic
41,1,0,2,55,3,1,2,71,1,1,3,6,hard-basic
47,1,1,3,76,3,0,2,68,2,0,2,6,hard-basic
79,2,0,3,56,2,1,3,31,2,0,3,6,hard-basic
47,3,0,2,67,2,0,3,31,3,1,2,6,hard-basic
53,2,1,2,30,2,1,3,64,3,0,2,6,hard-basic
34,1,0,2,57,2,0,2,80,1,1,2,6,hard-basic
65,2,0,2,68,2,1,3,71,3,1,2,6,hard-basic
50,2,0,2,80,2,1,2,72,1,0,2,6,hard-basic
42,3,0,3,66,3,0,2,56,2,1,3,6,hard-basic
49,3,1,3,76,1,0,3,36,3,0,2,6,hard-basic
67,1,0,3,59,1,1,3,30,3,0,2,6,hard-basic
69,3,1,2,40,3,1,2,65,3,0,3,6,hard-basic
50,1,0,2,63,1,1,2,70,3,1,3,6,hard-basic
57,1,1,2,75,2,1,3,63,1,0,3,6,hard-basic
54,1,1,2,42,3,1,2,75,3,1,3,6,hard-basic
34,2,1,2,34,3,0,2,77,3,1,2,6,hard-basic
79,2,0,3,38,1,1,3,39,2,1,3,6,hard-basic
58,1,1,3,70,1,0,2,42,1,0,3,6,hard-basic
54,2,1,3,36,1,0,3,34,2,0,3,6,hard-basic
57,3,1,3,46,1,0,3,72,3,1,2,6,hard-basic
50,1,0,3,72,2,1,3,34,2,0,2,6,hard-basic
71,2,0,3,65,2,0,3,58,2,0,3,6,hard-basic
80,2,1,3,39,1,1,3,70,2,1,3,6,hard-basic
68,1,0,3,56,1,0,2,59,1,1,3,6,hard-basic
48,3,0,2,32,3,1,2,54,1,1,3,6,hard-basic
54,3,0,2,62,2,0,3,78,3,0,2,6,hard-basic
55,3,1,2,51,2,1,2,62,1,0,3,6,hard-basic
80,1,1,2,79,3,0,2,75,2,0,3,6,hard-basic
66,3,1,2,42,1,0,2,33,2,1,3,6,hard-basic
57,2,1,2,50,2,0,3,61,3,0,2,6,hard-basic
61,2,0,3,80,1,0,2,62,2,0,2,6,hard-basic
50,2,0,2,75,3,1,2,46,1,0,2,6,hard-basic
37,3,1,2,56,3,0,3,67,3,0,3,6,hard-basic
67,2,1,2,54,1,0,2,36,2,0,2,6,hard-basic
52,1,0,3,72,3,1,2,33,3,0,2,6,hard-basic
59,1,1,3,39,3,0,3,31,2,0,3,6,hard-basic
72,1,0,3,66,3,1,3,79,1,1,3,6,hard-basic
39,2,1,3,43,2,0,3,30,2,0,2,6,hard-basic
39,1,1,3,46,2,0,3,51,2,1,2,6,hard-basic
42,2,1,3,77,3,0,2,62,3,0,2,6,hard-basic
77,2,1,2,76,3,0,3,59,3,0,3,6,hard-basic
58,2,0,2,60,3,1,3,56,3,0,3,6,hard-basic
39,2,0,3,76,3,1,3,72,2,1,2,6,hard-basic
38,2,1,2,41,3,0,2,78,3,0,3,6,hard-basic
45,3,1,3,51,3,1,3,75,2,0,2,6,hard-basic
50,2,1,3,72,1,1,3,34,1,0,2,6,hard-basic
34,3,1,2,77,3,0,2,45,1,0,2,6,hard-basic
31,3,1,3,64,2,1,2,49,2,0,2,6,hard-basic
70,1,0,3,76,3,1,2,65,1,1,2,6,hard-basic
37,1,1,2,52,1,0,3,30,1,1,3,6,hard-basic
45,1,0,3,42,2,0,3,47,2,0,2,6,hard-basic
55,2,1,2,80,1,0,3,80,1,0,2,6,hard-basic
63,1,1,2,74,3,0,2,79,3,1,3,6,hard-basic
58,3,0,3,38,2,1,2,43,2,0,3,6,hard-basic
52,1,0,3,75,3,1,2,42,1,0,2,6,hard-basic
35,2,0,3,64,2,1,2,76,3,1,3,6,hard-basic
50,1,1,3,59,3,0,3,30,3,0,2,6,hard-basic
65,2,0,2,73,3,0,3,45,2,0,2,6,hard-basic
74,1,1,3,33,2,0,2,56,1,1,2,6,hard-basic
57,2,1,2,64,2,1,3,42,2,0,3,6,hard-basic
47,1,0,2,39,3,1,2,37,3,0,3,6,hard-basic
71,3,1,3,79,3,1,2,44,3,0,3,6,hard-basic
35,3,0,3,57,2,0,3,65,1,1,2,6,hard-basic
61,1,1,3,68,3,0,3,71,1,0,2,6,hard-basic
55,2,0,3,51,3,1,3,35,2,0,3,6,hard-basic
66,1,0,3,64,2,1,2,57,1,1,2,6,hard-basic
41,2,0,2,33,1,1,2,31,1,1,2,6,hard-basic
76,1,0,2,70,2,1,3,41,2,1,3,6,hard-basic
46,1,0,2,50,3,0,2,77,2,1,3,6,hard-basic
50,3,0,3,43,2,1,3,64,2,0,3,6,hard-basic
70,3,0,3,40,2,0,2,38,3,1,3,6,hard-basic
68,3,0,2,62,3,0,3,34,1,0,3,6,hard-basic
65,2,0,3,75,3,1,3,33,1,0,3,6,hard-basic
52,3,0,2,75,2,0,3,73,1,0,2,6,hard-basic
56,3,0,3,60,1,0,2,60,2,1,2,6,hard-basic
54,3,0,3,70,1,1,3,37,1,0,2,6,hard-basic
76,1,0,2,47,3,0,2,79,1,1,3,6,hard-basic
69,3,0,3,41,1,1,2,67,1,0,2,6,hard-basic
34,3,1,2,51,2,0,3,38,2,0,2,6,hard-basic
70,1,1,3,47,1,0,3,70,3,0,2,6,hard-basic
67,3,0,3,66,1,0,2,71,2,0,3,6,hard-basic
43,1,1,3,56,1,1,3,59,3,0,3,6,hard-basic
42,2,0,3,36,3,0,2,35,1,1,3,6,hard-basic
76,2,1,3,67,1,0,2,44,3,0,3,6,hard-basic
61,1,0,2,61,2,0,2,72,3,1,3,6,hard-basic
64,2,0,3,37,3,1,2,37,3,1,2,6,hard-basic
36,2,0,3,51,1,0,3,42,2,1,2,6,hard-basic
45,2,0,2,36,1,1,2,30,3,0,3,6,hard-basic
59,1,1,3,50,2,0,2,77,3,1,3,6,hard-basic
49,2,1,2,54,2,1,3,72,3,1,3,6,hard-basic
59,3,0,2,68,1,0,2,38,1,0,2,6,hard-basic
63,1,1,3,75,1,0,3,40,2,1,3,6,hard-basic
50,3,0,2,36,1,0,2,61,3,1,2,6,hard-basic
76,1,0,3,56,1,0,3,55,1,1,2,6,hard-basic
64,2,1,3,50,2,0,2,47,1,0,3,6,hard-basic
61,2,1,2,61,1,1,3,49,2,1,2,6,hard-basic
48,1,1,3,45,3,1,3,30,2,0,3,6,hard-basic
56,3,1,3,54,2,1,3,63,2,1,3,6,hard-basic
74,2,0,3,71,3,1,3,70,2,0,3,6,hard-basic
77,3,0,2,45,1,0,2,42,1,0,3,6,hard-basic
52,1,1,2,49,2,0,2,35,3,1,2,6,hard-basic
59,2,1,3,77,1,1,3,47,2,0,2,6,hard-basic
34,3,0,3,52,1,0,2,76,3,1,2,6,hard-basic
30,2,0,3,57,2,1,2,78,2,1,2,6,hard-basic
49,2,1,3,44,3,0,3,74,1,0,3,6,hard-basic
36,3,1,2,65,2,0,2,75,1,1,3,6,hard-basic
67,2,0,2,44,1,0,2,34,1,1,3,6,hard-basic
63,1,0,2,60,3,0,2,37,2,0,2,6,hard-basic
64,1,0,2,55,1,1,3,55,1,1,2,6,hard-basic
56,2,1,2,59,2,0,3,37,3,0,3,6,hard-basic
63,2,0,2,64,1,1,3,61,3,0,3,6,hard-basic
60,1,0,2,69,3,1,2,58,3,1,3,6,hard-basic
53,1,0,2,34,2,0,2,70,3,0,2,6,hard-basic
66,2,1,3,48,2,1,2,71,1,1,2,6,hard-basic
37,1,0,2,34,3,0,3,60,2,0,3,6,hard-basic
57,1,0,2,63,3,0,2,51,1,0,3,6,hard-basic
38,2,1,2,51,3,1,3,60,1,0,3,6,hard-basic
80,1,0,2,54,2,0,2,48,3,1,2,6,hard-basic
70,1,1,2,42,2,0,2,61,1,0,2,6,hard-basic
41,3,1,2,30,3,0,2,40,2,1,3,6,hard-basic
59,3,0,3,73,2,0,2,44,1,1,2,6,hard-basic
35,2,0,3,46,1,1,3,47,3,0,2,6,hard-basic
56,2,1,3,48,3,1,2,71,2,1,2,6,hard-basic
40,1,0,2,41,3,1,3,37,1,1,3,6,hard-basic
39,2,1,3,46,2,0,2,58,3,1,2,6,hard-basic
42,3,0,3,64,3,1,3,37,1,1,3,6,hard-basic
40,2,1,2,35,3,1,2,53,3,1,2,6,hard-basic
46,2,0,3,66,3,1,3,55,3,0,3,6,hard-basic
54,1,1,3,30,1,1,2,42,2,0,3,6,hard-basic
33,2,0,2,74,1,0,2,70,1,1,2,6,hard-basic
71,3,1,3,37,1,1,3,59,2,0,2,6,hard-basic
43,3,0,3,67,2,1,2,77,1,1,3,6,hard-basic
53,1,1,2,75,3,1,2,37,3,1,2,6,hard-basic
72,3,0,2,38,3,0,3,59,3,0,3,6,hard-basic
41,2,1,3,31,2,1,3,74,2,0,3,6,hard-basic
59,1,1,3,74,1,0,2,55,1,0,2,6,hard-basic
47,2,1,2,76,3,1,2,71,2,1,2,6,hard-basic
52,3,1,2,77,2,1,3,56,1,0,2,6,hard-basic
76,2,1,3,70,1,1,2,34,2,1,3,6,hard-basic
64,2,0,3,59,3,0,3,43,1,0,2,6,hard-basic
34,1,0,2,77,1,0,2,75,1,0,3,6,hard-basic
52,1,0,2,38,3,1,2,68,3,0,3,6,hard-basic
34,3,1,3,65,3,0,2,45,1,1,3,6,hard-basic
63,1,1,2,74,1,0,2,51,2,0,3,6,hard-basic
43,3,1,2,33,1,1,2,34,1,1,2,6,hard-basic
56,3,0,2,64,1,1,3,39,3,0,3,6,hard-basic
58,3,1,3,31,2,1,3,75,2,1,2,6,hard-basic
47,3,0,3,54,2,1,3,36,1,1,2,6,hard-basic
37,2,1,2,67,2,0,3,39,2,0,3,6,hard-basic
63,2,0,3,41,2,1,2,63,3,0,2,6,hard-basic
49,1,0,2,71,1,0,2,64,2,0,3,6,hard-basic
61,2,1,3,72,2,0,3,68,3,0,3,6,hard-basic
48,1,0,2,78,3,0,3,30,3,0,2,6,hard-basic
51,1,0,2,36,2,1,3,68,1,1,2,6,hard-basic
37,1,0,2,65,1,1,2,77,2,0,2,6,hard-basic
64,2,1,2,49,2,1,3,80,1,1,2,6,hard-basic
64,3,1,2,41,2,1,3,68,1,1,3,6,hard-basic
68,3,1,3,30,2,1,3,46,1,0,2,6,hard-basic
70,1,0,2,40,2,1,2,77,1,0,2,6,hard-basic
58,3,1,3,58,1,1,3,54,2,1,3,6,hard-basic
68,3,0,3,42,3,0,3,30,1,0,3,6,hard-basic
46,2,1,2,75,3,0,3,75,2,0,2,6,hard-basic
57,3,1,2,63,2,1,2,70,2,0,3,6,hard-basic
43,3,1,3,67,2,0,2,52,2,1,2,6,hard-basic
71,2,1,2,44,1,1,2,48,3,0,3,6,hard-basic
66,1,1,2,30,1,0,3,66,2,0,3,6,hard-basic
41,2,1,3,63,2,1,2,69,3,1,2,6,hard-basic
39,2,0,3,53,3,1,2,56,2,1,3,6,hard-basic
61,2,0,3,35,2,1,2,66,1,0,2,6,hard-basic
37,1,0,3,77,2,0,2,30,2,0,2,6,hard-basic
72,3,0,3,60,2,1,3,59,3,1,3,6,hard-basic
36,3,0,3,54,2,0,2,36,3,0,2,6,hard-basic
56,1,1,3,38,3,1,3,73,1,1,2,6,hard-basic
76,1,1,2,33,3,0,3,42,1,1,2,6,hard-basic
68,2,0,3,38,2,1,3,40,1,0,3,6,hard-basic
58,1,0,3,30,2,0,3,36,1,1,2,6,hard-basic
72,3,0,3,55,2,1,3,58,1,1,2,6,hard-basic
44,2,1,2,40,2,1,3,55,2,1,3,6,hard-basic
68,1,0,3,45,3,1,3,59,3,1,2,6,hard-basic
74,3,0,3,37,3,1,3,37,2,1,3,6,hard-basic
55,3,0,2,31,2,1,2,77,2,0,2,6,hard-basic
44,1,0,3,67,1,0,3,56,2,0,3,6,hard-basic
47,3,1,3,34,2,1,3,80,1,0,3,6,hard-basic
70,2,1,2,48,3,0,3,34,3,1,2,6,hard-basic
42,1,1,3,41,2,0,2,44,2,1,3,6,hard-basic
42,3,1,3,74,2,0,3,51,3,1,3,6,hard-basic
32,1,0,3,44,3,0,2,66,3,0,3,6,hard-basic
63,2,0,3,60,3,1,2,32,3,0,2,6,hard-basic
42,1,0,3,78,2,1,2,71,3,0,3,6,hard-basic
71,1,1,2,44,1,0,2,45,1,0,2,6,hard-basic
35,1,1,2,45,2,1,2,66,2,0,2,6,hard-basic
38,2,0,3,70,3,1,3,30,3,1,2,6,hard-basic
33,2,0,2,50,1,0,3,42,3,0,3,6,hard-basic
48,2,1,3,76,2,0,3,35,3,1,2,6,hard-basic
51,2,1,2,32,1,0,2,80,3,1,2,6,hard-basic
36,1,1,2,70,3,0,3,66,1,0,2,6,hard-basic
40,1,1,3,75,3,1,3,54,2,1,2,6,hard-basic
31,3,0,2,45,3,1,3,72,3,1,3,6,hard-basic
53,3,0,2,70,2,0,2,49,3,0,2,6,hard-basic
76,1,1,3,64,1,1,2,73,3,0,3,6,hard-basic
61,2,1,2,73,3,0,3,37,1,1,2,6,hard-basic
57,3,0,2,53,2,1,2,52,1,1,3,6,hard-basic
49,2,1,2,58,1,0,3,54,1,0,2,6,hard-basic
56,1,0,2,75,1,1,3,76,2,0,3,6,hard-basic
66,3,1,3,78,3,0,3,43,3,1,2,6,hard-basic
60,2,0,2,42,1,0,2,50,1,0,2,6,hard-basic
32,1,1,2,71,2,1,3,30,2,1,3,6,hard-basic
32,1,1,2,59,3,0,3,74,2,0,2,6,hard-basic
43,1,0,3,79,1,1,2,65,3,0,2,6,hard-basic
58,2,0,3,40,2,0,2,34,1,0,2,6,hard-basic
70,1,1,3,64,3,1,2,76,2,1,2,6,hard-basic
34,2,0,3,65,2,0,2,46,3,0,2,6,hard-basic
55,2,0,2,52,1,1,2,31,1,0,2,6,hard-basic
32,3,0,3,62,3,0,3,71,3,1,2,6,hard-basic
66,3,0,3,34,2,0,3,71,2,1,2,6,hard-basic
44,3,0,2,80,1,1,2,46,1,0,3,6,hard-basic
48,1,1,3,47,2,0,3,38,3,1,2,6,hard-basic
80,2,1,3,59,1,1,3,72,2,0,2,6,hard-basic
43,2,0,2,42,3,0,2,67,2,0,3,6,hard-basic
56,1,0,2,53,3,1,2,75,3,1,3,6,hard-basic
47,1,0,2,62,3,1,3,40,1,1,3,6,hard-basic
35,1,1,2,54,1,0,2,57,2,1,2,6,hard-basic
38,3,0,2,59,1,1,3,78,3,0,2,6,hard-basic
56,2,0,2,56,1,0,2,76,3,1,2,6,hard-basic
52,3,1,2,46,3,1,2,39,1,0,3,6,hard-basic
59,2,1,3,75,2,0,3,71,1,1,3,6,hard-basic
54,1,0,3,54,1,0,3,63,3,0,3,6,hard-basic
64,1,0,2,40,2,0,2,48,1,1,3,6,hard-basic
41,1,0,3,47,3,1,2,73,1,1,3,6,hard-basic
70,3,0,3,37,2,0,3,59,1,0,2,6,hard-basic
47,1,1,2,79,3,1,3,59,3,1,3,6,hard-basic
59,1,1,3,40,3,0,2,61,2,1,2,6,hard-basic
33,2,0,3,49,2,0,3,47,3,0,3,6,hard-basic
30,1,0,3,42,2,1,2,39,3,0,2,6,hard-basic
48,2,1,3,38,2,1,2,70,3,1,3,6,hard-basic
67,1,1,2,71,3,1,2,78,3,1,2,6,hard-basic
46,1,0,3,74,1,0,2,55,1,1,3,6,hard-basic
40,2,1,3,75,1,1,2,45,3,0,2,6,hard-basic
62,3,0,2,67,1,0,2,77,2,0,3,6,hard-basic
35,2,1,2,58,3,0,2,80,3,1,2,6,hard-basic
37,1,1,2,72,3,1,3,54,1,0,3,6,hard-basic
49,2,1,2,77,1,1,3,59,2,1,2,6,hard-basic
47,2,1,3,57,3,1,2,44,2,0,2,6,hard-basic
33,2,0,2,56,2,1,3,36,3,0,2,6,hard-basic
57,2,1,3,57,2,1,3,67,1,0,2,6,hard-basic
57,3,1,3,41,1,0,2,51,1,0,3,6,hard-basic
45,3,0,3,36,2,1,3,31,3,0,3,6,hard-basic
53,2,1,3,54,1,1,3,61,2,1,3,6,hard-basic
73,1,1,3,32,2,0,3,61,2,1,2,6,hard-basic
73,1,1,3,72,2,0,3,75,2,0,2,6,hard-basic
54,2,0,2,32,2,0,2,70,3,0,2,6,hard-basic
78,1,0,3,66,1,0,2,32,2,1,2,6,hard-basic
59,2,0,3,47,2,0,3,80,2,1,2,6,hard-basic
61,3,1,2,40,1,1,2,51,1,0,3,6,hard-basic
80,1,0,3,45,1,1,3,80,1,0,3,6,hard-basic
32,3,0,3,59,1,1,2,49,3,1,2,6,hard-basic
61,1,1,2,80,1,1,2,62,1,1,3,6,hard-basic
31,3,0,3,49,1,1,2,57,1,0,2,6,hard-basic
37,3,0,2,49,3,0,2,68,3,1,3,6,hard-basic
52,1,1,2,52,3,1,3,43,2,0,3,6,hard-basic
50,1,0,2,77,2,0,3,74,3,0,3,6,hard-basic
80,3,1,3,75,3,1,3,51,2,0,3,6,hard-basic
71,2,0,2,41,3,0,2,76,3,0,2,6,hard-basic
75,3,1,2,75,3,1,3,62,3,1,2,6,hard-basic
67,3,0,3,41,3,1,2,54,1,0,3,6,hard-basic
76,2,0,2,74,1,1,2,63,1,0,3,6,hard-basic
59,2,1,3,33,2,0,2,42,1,1,2,6,hard-basic
69,3,0,3,31,2,1,3,64,1,0,2,6,hard-basic
54,1,1,2,72,2,0,3,73,1,0,3,6,hard-basic
48,3,0,2,37,2,0,3,61,1,1,3,6,hard-basic
60,2,0,3,42,3,1,3,79,2,0,2,6,hard-basic
32,2,0,3,33,3,1,2,57,3,0,2,6,hard-basic
61,1,1,2,38,3,0,2,62,3,1,3,6,hard-basic
55,2,1,3,49,3,1,3,56,2,0,3,6,hard-basic
72,3,1,3,54,2,0,2,51,2,0,2,6,hard-basic
33,3,1,2,59,1,0,2,55,3,0,2,6,hard-basic
55,1,1,2,40,1,0,3,47,3,1,2,6,hard-basic
63,1,1,2,57,2,1,3,72,3,1,3,6,hard-basic
40,3,0,3,32,1,1,3,62,3,0,3,6,hard-basic
53,3,0,3,37,3,0,2,45,1,1,3,6,hard-basic
36,3,0,3,32,2,0,3,80,2,1,3,6,hard-basic
50,1,0,3,30,2,0,3,63,1,1,2,6,hard-basic
37,2,1,2,62,3,1,3,63,2,1,3,6,hard-basic
47,2,0,3,58,1,1,3,60,3,0,3,6,hard-basic
56,1,0,3,40,1,1,2,52,1,0,3,6,hard-basic
66,3,1,3,60,2,1,2,44,3,0,3,6,hard-basic
70,3,1,2,74,3,1,3,52,2,0,2,6,hard-basic
79,2,0,2,42,3,1,2,63,1,1,3,6,hard-basic
55,2,1,3,30,1,1,3,44,1,0,2,6,hard-basic
51,3,1,2,45,1,0,3,41,3,0,2,6,hard-basic
62,1,1,3,55,2,0,3,67,2,0,3,6,hard-basic
69,1,1,3,49,3,0,2,31,2,1,2,6,hard-basic
40,1,1,2,51,3,1,3,60,3,0,2,6,hard-basic
70,2,1,2,35,1,0,3,39,2,1,2,6,hard-basic
60,3,1,2,71,2,1,3,53,2,1,2,6,hard-basic
63,1,1,3,41,3,0,3,65,2,1,3,6,hard-basic
52,2,1,2,66,3,1,2,63,1,1,3,6,hard-basic
68,3,0,2,37,2,1,2,38,3,1,2,6,hard-basic
38,2,0,3,60,1,1,3,51,1,1,3,6,hard-basic
75,2,0,3,67,2,0,2,61,3,1,3,6,hard-basic
71,2,1,2,49,1,0,3,61,3,1,2,6,hard-basic
71,2,0,2,51,2,0,3,64,3,1,3,6,hard-basic
33,3,0,3,57,2,1,3,44,2,0,2,6,hard-basic
46,3,0,3,77,1,1,2,40,2,1,3,6,hard-basic
64,1,1,3,46,2,0,2,62,3,0,2,6,hard-basic
37,3,0,2,79,1,1,3,57,3,0,3,6,hard-basic
50,2,1,3,73,3,1,2,75,1,1,2,6,hard-basic
70,2,1,2,55,1,0,3,38,1,0,3,6,hard-basic
51,1,1,3,45,3,1,3,40,3,0,3,6,hard-basic
44,2,1,3,47,1,0,2,46,3,0,3,6,hard-basic
69,2,1,3,54,1,0,3,73,2,1,2,6,hard-basic
37,1,0,2,60,2,0,2,35,3,0,3,6,hard-basic
61,3,1,3,37,3,1,2,78,2,1,3,6,hard-basic
42,1,0,2,40,3,1,2,30,2,0,2,6,hard-basic
72,1,1,2,34,2,1,2,75,1,0,3,6,hard-basic
36,3,0,3,65,2,1,3,59,3,1,3,6,hard-basic
60,1,0,3,77,3,0,2,32,1,1,3,6,hard-basic
34,2,1,2,68,2,0,3,79,1,0,2,6,hard-basic
70,3,0,2,38,1,1,3,51,1,0,2,6,hard-basic
77,3,0,3,41,2,1,3,69,3,0,3,6,hard-basic
63,3,1,2,69,3,1,2,43,1,0,2,6,hard-basic
41,2,0,2,70,3,1,3,74,2,1,3,6,hard-basic
51,1,0,3,80,2,1,2,40,2,0,3,6,hard-basic
39,1,1,2,64,2,1,3,36,3,0,3,6,hard-basic
41,1,1,3,60,2,0,3,54,3,0,2,6,hard-basic
43,2,0,3,40,2,0,3,47,3,1,3,6,hard-basic
67,3,0,3,58,3,1,3,51,3,0,3,6,hard-basic
60,2,0,2,68,2,1,3,39,2,0,3,6,hard-basic
67,1,0,3,62,1,0,2,62,3,1,3,6,hard-basic
35,1,0,2,34,2,1,3,46,3,1,3,6,hard-basic
61,1,1,3,54,3,1,3,70,1,0,3,6,hard-basic
67,2,0,2,33,2,1,2,64,2,1,3,6,hard-basic
50,1,1,3,39,3,1,2,46,1,0,3,6,hard-basic
76,2,0,2,42,1,1,2,30,3,1,3,6,hard-basic
46,3,1,2,64,2,0,3,67,2,1,2,6,hard-basic
59,3,1,2,43,1,1,3,64,3,0,3,6,hard-basic
35,1,1,2,37,2,0,2,75,1,0,3,6,hard-basic
34,1,1,2,68,2,0,3,53,3,1,3,6,hard-basic
34,2,1,3,52,1,1,3,78,2,1,3,6,hard-basic
62,1,0,3,47,1,1,2,58,3,0,3,6,hard-basic
74,3,0,3,48,1,0,3,53,2,0,2,6,hard-basic
38,2,1,3,70,1,0,2,43,2,0,3,6,hard-basic
38,2,0,2,39,2,1,2,41,1,0,3,6,hard-basic
80,1,0,2,48,3,0,2,46,3,0,3,6,hard-basic
39,2,0,3,59,2,0,3,33,3,1,3,6,hard-basic
35,3,1,3,77,2,0,2,44,1,0,2,6,hard-basic
74,1,0,2,47,1,0,3,66,1,0,2,6,hard-basic
70,2,0,2,44,2,1,2,65,2,1,3,6,hard-basic
73,2,0,3,74,1,0,2,80,1,1,2,6,hard-basic
57,1,0,2,70,3,0,3,54,3,1,3,6,hard-basic
43,3,1,2,60,1,1,3,65,2,0,3,6,hard-basic
80,3,1,2,74,1,0,2,40,2,0,3,6,hard-basic
49,2,0,2,63,1,0,2,41,1,0,3,6,hard-basic
38,3,1,3,53,1,0,3,73,2,1,3,6,hard-basic
41,1,1,2,63,2,1,3,54,2,0,3,6,hard-basic
75,3,0,2,44,2,1,2,61,2,0,3,6,hard-basic
74,2,0,3,69,2,0,3,74,1,1,3,6,hard-basic
47,3,1,2,44,2,1,3,61,3,1,3,6,hard-basic
63,3,1,3,67,2,0,2,55,2,1,2,6,hard-basic
64,2,1,3,38,1,1,2,33,3,0,3,6,hard-basic
80,2,0,2,51,3,1,2,50,2,1,2,6,hard-basic
34,1,1,3,61,2,0,2,60,3,0,2,6,hard-basic
34,2,0,2,39,2,0,3,68,2,1,2,6,hard-basic
62,3,0,2,30,1,1,2,50,3,1,3,6,hard-basic
71,3,0,3,67,2,0,2,36,1,1,3,6,hard-basic
32,2,1,2,52,1,0,2,72,2,1,2,6,hard-basic
66,1,1,3,72,3,1,2,35,1,1,2,6,hard-basic
56,2,1,2,76,3,1,2,46,1,0,2,6,hard-basic
43,1,0,2,36,3,0,2,40,3,0,2,6,hard-basic
74,3,1,2,74,3,1,2,50,3,0,2,6,hard-basic
71,2,1,3,78,2,0,2,61,2,1,2,6,hard-basic
45,1,0,2,60,3,1,2,42,3,1,2,6,hard-basic
50,3,0,2,61,2,0,3,69,3,1,2,6,hard-basic
55,1,0,2,65,1,0,3,56,3,0,3,6,hard-basic
72,2,1,2,37,2,0,2,61,2,1,2,6,hard-basic
79,3,0,3,47,2,1,3,75,3,1,2,6,hard-basic
47,2,1,2,54,1,0,3,69,3,0,2,6,hard-basic
55,1,1,2,52,2,0,3,53,1,0,3,6,hard-basic
66,3,1,3,56,3,0,2,39,2,1,3,6,hard-basic
53,3,0,2,68,2,0,2,55,1,0,2,6,hard-basic
63,1,0,3,51,2,0,3,37,3,1,3,6,hard-basic
32,1,1,3,46,2,1,2,46,2,0,3,6,hard-basic
39,3,0,3,58,3,1,3,54,3,0,3,6,hard-basic
75,2,1,3,68,1,1,3,66,2,1,3,6,hard-basic
56,3,0,3,46,2,0,2,61,1,0,3,6,hard-basic
67,1,1,2,65,1,1,2,42,3,0,2,6,hard-basic
40,2,0,3,32,1,1,3,62,1,1,3,6,hard-basic
49,1,1,3,78,2,0,2,54,2,0,2,6,hard-basic
50,2,0,3,66,1,0,3,50,3,1,3,6,hard-basic
45,2,0,3,34,1,1,3,58,1,1,3,6,hard-basic
53,3,0,3,42,1,0,3,69,2,1,2,6,hard-basic
57,1,1,2,60,1,0,3,48,1,1,3,6,hard-basic
71,2,0,2,55,3,0,3,68,2,0,2,6,hard-basic
57,3,1,3,36,2,1,2,30,1,1,3,6,hard-basic
57,1,1,2,53,3,1,2,32,2,1,3,6,hard-basic
54,3,1,2,58,1,1,2,36,3,1,2,6,hard-basic
50,2,1,2,37,2,1,2,75,3,0,2,6,hard-basic
44,2,0,3,63,2,0,2,38,1,1,3,6,hard-basic
77,1,0,2,38,2,0,3,58,2,0,2,6,hard-basic
68,1,1,2,33,2,0,2,75,2,0,3,6,hard-basic
63,3,1,3,55,3,0,2,43,3,1,2,6,hard-basic
79,1,0,2,70,1,1,2,39,3,1,2,6,hard-basic
69,2,0,3,44,1,0,2,77,1,1,2,6,hard-basic
66,2,1,2,78,1,0,3,59,3,0,3,6,hard-basic
51,2,1,3,56,2,1,3,76,1,1,3,6,hard-basic
33,3,0,3,60,2,1,2,40,2,1,3,6,hard-basic
63,3,1,2,43,2,0,2,49,2,0,3,6,hard-basic
45,1,1,2,43,2,1,3,59,1,1,3,6,hard-basic
38,2,0,3,53,2,1,2,76,2,1,3,6,hard-basic
64,3,1,3,76,3,1,3,38,2,1,3,6,hard-basic
79,2,1,3,32,3,0,2,56,3,1,2,6,hard-basic
68,2,1,3,69,2,0,2,59,2,1,2,6,hard-basic
74,1,1,2,79,3,1,3,40,1,0,3,6,hard-basic
68,2,0,2,69,2,1,3,42,3,0,2,6,hard-basic
51,1,0,3,41,3,0,3,51,1,1,3,6,hard-basic
38,2,0,3,73,2,1,2,45,2,1,2,6,hard-basic
66,2,0,2,54,1,1,3,39,3,0,3,6,hard-basic
60,1,0,2,40,2,1,3,76,3,1,2,6,hard-basic
69,2,0,2,73,3,0,3,57,3,1,2,6,hard-basic
35,3,1,3,67,3,0,2,42,3,0,2,6,hard-basic
38,2,0,2,73,2,0,3,64,1,0,2,6,hard-basic
61,3,1,3,44,2,0,3,80,3,1,2,6,hard-basic
59,1,0,2,68,2,0,3,48,1,1,3,6,hard-basic
68,1,1,2,62,2,0,3,74,2,0,2,6,hard-basic
44,1,0,3,49,1,1,2,76,1,1,2,6,hard-basic
63,1,0,2,47,3,1,3,65,2,0,3,6,hard-basic
57,1,0,3,75,1,0,2,53,2,0,2,6,hard-basic
58,3,0,3,32,3,0,3,60,2,1,2,6,hard-basic
53,2,1,3,53,1,0,2,48,3,0,3,6,hard-basic
63,3,1,3,42,1,1,2,73,2,1,3,6,hard-basic
50,1,0,2,33,3,0,2,36,2,1,3,6,hard-basic
49,1,0,2,70,1,0,2,39,3,1,3,6,hard-basic
76,2,1,2,67,3,0,3,65,3,0,3,6,hard-basic
56,2,1,3,50,3,1,3,77,2,1,3,6,hard-basic
43,1,1,2,80,1,1,3,65,3,1,2,6,hard-basic
79,1,1,2,78,2,0,3,44,1,0,3,6,hard-basic
43,1,0,2,40,3,1,2,38,3,1,3,6,hard-basic
43,3,0,3,69,1,1,3,45,2,1,3,6,hard-basic
53,1,1,3,80,2,1,3,69,2,1,2,6,hard-basic
78,1,1,3,64,2,0,2,67,1,0,2,6,hard-basic
77,3,1,3,46,2,0,3,45,2,0,2,6,hard-basic
43,1,0,2,70,2,0,2,80,3,1,3,6,hard-basic
42,2,1,2,72,2,0,2,56,1,0,3,6,hard-basic
45,3,1,2,37,3,1,3,32,1,0,3,6,hard-basic
50,3,1,2,65,1,1,2,63,1,1,3,6,hard-basic
40,3,0,3,35,2,0,2,51,2,1,3,6,hard-basic
43,2,0,3,52,3,0,2,54,1,0,2,6,hard-basic
35,1,1,2,55,2,0,2,54,1,1,3,6,hard-basic
52,3,1,2,47,2,1,2,75,3,1,2,6,hard-basic
61,3,0,3,60,3,0,2,38,2,1,2,6,hard-basic
53,1,0,2,70,1,0,2,68,2,1,2,6,hard-basic
35,3,1,3,45,2,1,3,46,1,1,3,6,hard-basic
62,1,1,2,74,2,1,3,36,2,0,2,6,hard-basic
42,1,1,3,49,3,0,2,54,1,0,2,6,hard-basic
38,2,0,3,76,2,1,3,68,1,0,2,6,hard-basic
78,3,0,2,58,3,1,3,57,2,0,3,6,hard-basic
66,1,0,2,69,1,0,2,70,2,1,3,6,hard-basic
33,1,1,2,44,3,0,3,70,3,0,2,6,hard-basic
64,2,1,2,57,2,0,2,64,3,0,2,6,hard-basic
65,3,1,2,53,1,0,3,40,3,0,2,6,hard-basic
58,2,1,3,79,2,0,3,71,2,0,3,6,hard-basic
33,3,0,2,31,3,0,2,66,2,1,2,6,hard-basic
40,3,1,2,54,1,0,3,33,3,0,2,6,hard-basic
60,3,0,3,34,1,0,2,42,1,0,2,6,hard-basic
64,1,0,3,65,2,0,2,38,2,0,3,6,hard-basic
48,2,1,2,75,2,0,3,57,1,1,3,6,hard-basic
72,1,1,3,77,2,1,3,47,1,1,2,6,hard-basic
34,3,1,3,63,3,0,2,44,3,0,3,6,hard-basic
31,1,1,3,32,2,1,2,60,1,1,2,6,hard-basic
42,2,0,2,48,2,1,2,66,2,1,2,6,hard-basic
80,2,0,3,66,2,0,3,41,1,1,3,6,hard-basic
38,1,0,2,40,1,1,2,77,2,1,3,6,hard-basic
34,1,1,3,63,3,0,2,41,1,1,2,6,hard-basic
38,1,0,3,49,3,1,3,39,1,1,3,6,hard-basic
62,2,1,2,80,3,1,3,53,2,1,2,6,hard-basic
35,2,1,2,42,1,1,2,70,3,0,2,6,hard-basic
43,3,1,3,47,1,0,3,67,2,1,2,6,hard-basic
77,3,1,3,55,2,1,3,64,1,0,3,6,hard-basic
38,1,0,3,37,1,1,3,52,1,1,2,6,hard-basic
58,1,0,2,47,1,1,2,77,1,0,3,6,hard-basic
72,1,0,2,67,2,1,2,32,2,1,3,6,hard-basic
68,1,0,2,34,3,0,3,56,2,0,2,6,hard-basic
67,2,1,2,31,3,1,2,33,2,1,3,6,hard-basic
60,3,1,3,51,3,0,3,72,3,0,2,6,hard-basic
33,1,1,2,61,2,1,3,64,2,0,2,6,hard-basic
45,2,0,2,62,1,0,2,77,3,0,2,6,hard-basic
30,2,0,3,42,1,1,2,66,2,0,3,6,hard-basic
53,2,1,3,33,2,1,3,70,1,0,2,6,hard-basic
40,3,1,2,76,3,1,2,73,1,0,3,6,hard-basic
68,1,1,3,68,1,0,2,53,3,1,3,6,hard-basic
56,3,1,3,36,3,1,2,36,2,0,3,6,hard-basic
37,1,1,3,74,2,0,3,34,3,1,2,6,hard-basic
61,3,1,3,62,2,1,2,65,3,0,3,6,hard-basic
34,1,0,2,38,2,1,3,50,3,0,3,6,hard-basic
78,3,1,3,32,3,1,3,37,3,1,3,6,hard-basic
68,1,1,3,53,1,0,2,71,3,1,3,6,hard-basic
35,2,1,2,45,3,0,2,51,3,0,2,6,hard-basic
65,3,1,3,53,2,0,3,63,2,0,3,6,hard-basic
43,3,1,3,53,1,0,3,76,3,1,3,6,hard-basic
47,3,1,3,31,3,1,3,61,1,0,2,6,hard-basic
72,3,0,2,69,1,1,2,43,3,1,2,6,hard-basic
46,2,0,2,77,1,0,3,47,3,1,2,6,hard-basic
63,1,1,3,74,2,0,3,36,2,1,3,6,hard-basic
59,2,1,2,70,3,0,2,65,1,1,3,6,hard-basic
71,3,1,2,55,2,1,2,41,1,0,2,6,hard-basic
42,1,1,2,33,3,1,3,43,1,1,3,6,hard-basic
61,1,0,2,58,3,1,2,45,2,1,2,6,hard-basic
42,2,1,2,38,1,1,2,42,2,1,2,6,hard-basic
59,1,1,2,30,2,0,3,42,3,1,3,6,hard-basic
38,2,0,2,37,3,1,2,66,1,1,2,6,hard-basic
60,1,1,3,45,3,1,2,74,3,0,3,6,hard-basic
43,1,1,2,64,1,0,2,32,2,1,2,6,hard-basic
65,3,1,2,35,2,1,3,59,3,1,2,6,hard-basic
62,2,1,3,72,3,1,2,66,2,1,2,6,hard-basic
77,1,0,3,79,1,1,3,50,2,1,2,6,hard-basic
47,2,1,2,79,3,0,3,72,3,0,2,6,hard-basic
30,2,1,2,41,1,1,2,31,1,1,2,6,hard-basic
62,1,1,3,41,3,0,2,59,1,0,3,6,hard-basic
30,2,1,3,78,2,0,2,43,3,0,3,6,hard-basic
51,2,1,3,52,2,0,3,70,1,1,3,7,hard-moderate
53,2,1,3,62,1,1,3,65,1,0,3,7,hard-moderate
67,2,1,3,62,2,0,3,30,1,1,3,7,hard-moderate
43,2,1,3,56,2,1,3,33,2,0,3,7,hard-moderate
46,1,0,3,29,1,1,3,65,1,1,3,7,hard-moderate
64,1,0,3,61,1,1,3,54,1,1,3,7,hard-moderate
26,1,1,3,67,2,0,3,39,1,0,3,7,hard-moderate
45,2,1,3,47,2,0,3,46,2,1,3,7,hard-moderate
34,1,0,3,61,2,0,3,30,2,0,3,7,hard-moderate
52,1,1,3,59,2,0,3,60,2,0,3,7,hard-moderate
26,2,0,3,50,1,0,3,39,1,0,3,7,hard-moderate
35,1,1,3,28,1,1,3,45,2,1,3,7,hard-moderate
32,2,0,3,43,2,1,3,47,2,0,3,7,hard-moderate
39,1,1,3,25,1,0,3,43,1,1,3,7,hard-moderate
62,2,1,3,57,1,1,3,36,2,1,3,7,hard-moderate
55,2,1,3,31,1,0,3,67,2,1,3,7,hard-moderate
51,2,0,3,26,2,0,3,65,1,0,3,7,hard-moderate
46,2,1,3,60,1,0,3,64,2,1,3,7,hard-moderate
65,2,1,3,55,1,1,3,68,2,1,3,7,hard-moderate
26,2,0,3,49,1,1,3,50,2,0,3,7,hard-moderate
41,2,0,3,41,2,1,3,42,2,0,3,7,hard-moderate
35,1,0,3,26,2,0,3,61,1,1,3,7,hard-moderate
48,1,0,3,25,2,0,3,66,2,0,3,7,hard-moderate
31,1,1,3,52,2,1,3,44,1,0,3,7,hard-moderate
30,2,0,3,42,2,1,3,39,1,0,3,7,hard-moderate
53,2,0,3,67,2,1,3,65,2,1,3,7,hard-moderate
33,1,0,3,27,1,0,3,43,1,1,3,7,hard-moderate
57,1,0,3,38,2,1,3,30,2,0,3,7,hard-moderate
31,2,0,3,39,2,0,3,49,1,0,3,7,hard-moderate
37,1,0,3,34,2,1,3,32,2,0,3,7,hard-moderate
33,2,1,3,43,2,1,3,55,1,0,3,7,hard-moderate
67,2,0,3,29,1,1,3,40,1,1,3,7,hard-moderate
47,1,0,3,29,2,0,3,49,1,1,3,7,hard-moderate
69,2,1,3,62,2,1,3,69,2,1,3,7,hard-moderate
68,1,1,3,52,2,0,3,45,1,0,3,7,hard-moderate
36,1,0,3,57,2,1,3,58,2,0,3,7,hard-moderate
55,2,1,3,54,2,0,3,33,2,0,3,7,hard-moderate
59,2,0,3,63,1,1,3,49,1,0,3,7,hard-moderate
27,1,1,3,36,1,1,3,33,2,1,3,7,hard-moderate
62,2,0,3,40,2,1,3,66,1,1,3,7,hard-moderate
57,2,1,3,50,2,1,3,51,1,0,3,7,hard-moderate
33,1,1,3,39,1,1,3,37,2,1,3,7,hard-moderate
56,1,0,3,38,1,1,3,58,1,0,3,7,hard-moderate
67,1,0,3,65,2,1,3,32,1,0,3,7,hard-moderate
54,1,1,3,28,1,0,3,45,2,1,3,7,hard-moderate
67,1,1,3,59,1,0,3,40,2,0,3,7,hard-moderate
50,2,1,3,48,2,0,3,61,1,1,3,7,hard-moderate
70,1,1,3,59,2,1,3,70,1,1,3,7,hard-moderate
44,1,0,3,62,2,0,3,31,2,0,3,7,hard-moderate
29,1,0,3,55,2,0,3,48,2,1,3,7,hard-moderate
66,1,0,3,47,1,1,3,60,2,0,3,7,hard-moderate
34,1,0,3,67,1,0,3,29,2,0,3,7,hard-moderate
47,2,1,3,66,2,0,3,70,2,0,3,7,hard-moderate
46,1,0,3,53,2,1,3,49,1,1,3,7,hard-moderate
28,1,0,3,60,2,1,3,35,2,1,3,7,hard-moderate
34,1,1,3,52,1,1,3,36,1,0,3,7,hard-moderate
38,2,1,3,56,2,1,3,43,1,0,3,7,hard-moderate
61,2,0,3,44,2,1,3,61,1,0,3,7,hard-moderate
66,1,0,3,47,1,1,3,51,2,0,3,7,hard-moderate
66,1,1,3,43,2,0,3,54,1,1,3,7,hard-moderate
29,2,1,3,45,2,1,3,62,1,0,3,7,hard-moderate
35,2,0,3,36,2,0,3,36,2,0,3,7,hard-moderate
64,2,0,3,61,1,1,3,32,2,0,3,7,hard-moderate
44,1,0,3,51,1,0,3,70,1,0,3,7,hard-moderate
46,2,0,3,29,1,0,3,43,1,0,3,7,hard-moderate
63,2,0,3,49,2,1,3,42,2,0,3,7,hard-moderate
37,1,0,3,34,2,1,3,50,2,1,3,7,hard-moderate
32,1,1,3,60,2,1,3,29,2,1,3,7,hard-moderate
63,1,0,3,49,1,0,3,34,1,1,3,7,hard-moderate
64,2,0,3,37,2,0,3,69,1,1,3,7,hard-moderate
39,2,1,3,70,1,1,3,57,1,0,3,7,hard-moderate
70,2,1,3,66,2,0,3,25,2,1,3,7,hard-moderate
26,2,1,3,48,1,0,3,60,2,0,3,7,hard-moderate
55,1,1,3,48,1,0,3,31,2,1,3,7,hard-moderate
33,1,1,3,61,1,1,3,58,1,1,3,7,hard-moderate
66,1,0,3,46,1,0,3,69,2,1,3,7,hard-moderate
31,2,0,3,61,1,0,3,47,2,1,3,7,hard-moderate
53,1,1,3,26,2,0,3,35,2,1,3,7,hard-moderate
28,1,1,3,31,2,1,3,32,1,0,3,7,hard-moderate
41,1,1,3,36,1,1,3,28,2,1,3,7,hard-moderate
38,2,0,3,34,2,0,3,40,1,0,3,7,hard-moderate
70,1,1,3,58,2,0,3,42,2,0,3,7,hard-moderate
69,1,0,3,50,2,1,3,44,1,0,3,7,hard-moderate
44,1,1,3,35,2,1,3,26,1,0,3,7,hard-moderate
36,1,1,3,55,2,0,3,35,1,1,3,7,hard-moderate
40,1,0,3,36,1,0,3,33,1,0,3,7,hard-moderate
70,1,1,3,31,1,0,3,34,1,0,3,7,hard-moderate
44,2,0,3,41,2,1,3,65,2,0,3,7,hard-moderate
40,2,1,3,41,1,0,3,46,2,1,3,7,hard-moderate
63,2,0,3,42,1,1,3,51,2,1,3,7,hard-moderate
47,2,0,3,53,1,1,3,51,2,1,3,7,hard-moderate
39,1,0,3,43,1,1,3,42,2,0,3,7,hard-moderate
28,1,0,3,46,2,1,3,29,2,0,3,7,hard-moderate
62,1,0,3,57,2,0,3,50,2,0,3,7,hard-moderate
60,1,1,3,64,1,0,3,32,2,1,3,7,hard-moderate
65,1,0,3,62,2,0,3,31,2,1,3,7,hard-moderate
58,1,0,3,57,2,1,3,32,2,0,3,7,hard-moderate
33,1,1,3,57,2,0,3,64,2,1,3,7,hard-moderate
49,2,1,3,43,1,0,3,37,2,1,3,7,hard-moderate
68,1,1,3,43,2,1,3,70,1,0,3,7,hard-moderate
42,1,0,3,61,1,1,3,59,2,1,3,7,hard-moderate
43,1,1,3,34,2,0,3,38,2,0,3,7,hard-moderate
55,1,1,3,25,1,0,3,41,1,0,3,7,hard-moderate
50,1,0,3,59,2,1,3,44,2,1,3,7,hard-moderate
63,2,1,3,63,2,0,3,70,2,0,3,7,hard-moderate
70,1,0,3,29,2,1,3,67,1,1,3,7,hard-moderate
59,1,0,3,26,1,0,3,52,2,0,3,7,hard-moderate
70,2,0,3,40,1,1,3,58,1,0,3,7,hard-moderate
55,2,0,3,29,2,0,3,57,2,1,3,7,hard-moderate
38,1,0,3,56,2,0,3,56,2,0,3,7,hard-moderate
52,2,0,3,44,2,0,3,47,1,1,3,7,hard-moderate
43,2,0,3,53,1,1,3,56,1,0,3,7,hard-moderate
44,1,0,3,46,1,1,3,43,2,1,3,7,hard-moderate
51,2,0,3,26,2,1,3,45,1,0,3,7,hard-moderate
27,1,0,3,63,1,0,3,59,1,1,3,7,hard-moderate
48,2,0,3,53,2,1,3,52,1,1,3,7,hard-moderate
69,1,1,3,66,1,0,3,37,2,1,3,7,hard-moderate
56,2,0,3,57,2,0,3,53,2,1,3,7,hard-moderate
56,1,1,3,55,1,1,3,45,1,1,3,7,hard-moderate
69,2,0,3,48,1,0,3,52,1,0,3,7,hard-moderate
31,2,0,3,70,2,0,3,37,1,0,3,7,hard-moderate
38,2,0,3,66,1,0,3,55,2,1,3,7,hard-moderate
36,1,0,3,29,1,1,3,46,2,0,3,7,hard-moderate
68,2,1,3,60,2,1,3,51,2,1,3,7,hard-moderate
31,1,0,3,49,1,0,3,47,1,1,3,7,hard-moderate
65,2,1,3,35,1,0,3,55,1,0,3,7,hard-moderate
31,1,1,3,31,1,1,3,43,1,0,3,7,hard-moderate
45,1,1,3,67,1,0,3,37,1,1,3,7,hard-moderate
59,2,0,3,29,2,0,3,60,2,0,3,7,hard-moderate
63,1,1,3,62,2,0,3,25,1,0,3,7,hard-moderate
51,2,0,3,40,2,0,3,44,1,1,3,7,hard-moderate
70,2,1,3,41,1,0,3,63,1,1,3,7,hard-moderate
46,1,1,3,27,1,0,3,50,2,1,3,7,hard-moderate
52,2,0,3,62,1,1,3,51,2,1,3,7,hard-moderate
69,1,0,3,58,2,0,3,48,2,0,3,7,hard-moderate
53,1,0,3,52,2,1,3,33,2,1,3,7,hard-moderate
70,2,0,3,34,2,0,3,53,2,0,3,7,hard-moderate
57,2,0,3,39,1,1,3,67,2,0,3,7,hard-moderate
47,1,1,3,67,1,1,3,67,1,1,3,7,hard-moderate
67,2,0,3,35,2,1,3,37,2,1,3,7,hard-moderate
50,1,0,3,31,1,0,3,70,1,1,3,7,hard-moderate
59,2,0,3,38,1,1,3,48,1,1,3,7,hard-moderate
69,1,0,3,32,2,1,3,52,1,0,3,7,hard-moderate
40,2,0,3,55,2,0,3,59,1,1,3,7,hard-moderate
33,1,1,3,48,1,1,3,32,2,1,3,7,hard-moderate
68,1,1,3,47,2,1,3,47,2,1,3,7,hard-moderate
35,2,0,3,63,2,1,3,32,1,0,3,7,hard-moderate
61,2,1,3,55,2,1,3,33,1,0,3,7,hard-moderate
43,2,1,3,28,2,0,3,28,1,0,3,7,hard-moderate
42,1,0,3,47,1,1,3,40,1,0,3,7,hard-moderate
66,1,1,3,52,2,0,3,63,2,1,3,7,hard-moderate
27,2,1,3,25,2,0,3,42,1,0,3,7,hard-moderate
59,2,0,3,67,2,0,3,51,2,1,3,7,hard-moderate
64,2,1,3,31,2,1,3,43,1,0,3,7,hard-moderate
35,1,1,3,56,2,1,3,67,1,0,3,7,hard-moderate
45,1,0,3,30,2,0,3,40,2,1,3,7,hard-moderate
55,2,0,3,67,1,1,3,38,2,1,3,7,hard-moderate
35,1,0,3,43,2,0,3,57,2,1,3,7,hard-moderate
38,1,1,3,69,2,0,3,40,1,0,3,7,hard-moderate
30,2,0,3,44,2,1,3,27,2,1,3,7,hard-moderate
50,2,1,3,58,2,1,3,52,1,1,3,7,hard-moderate
53,2,0,3,43,1,1,3,62,1,1,3,7,hard-moderate
54,2,0,3,64,2,0,3,70,1,1,3,7,hard-moderate
67,2,0,3,53,2,1,3,35,1,0,3,7,hard-moderate
64,2,0,3,45,2,1,3,37,1,1,3,7,hard-moderate
68,1,0,3,65,1,1,3,34,1,1,3,7,hard-moderate
61,1,1,3,41,2,0,3,63,2,0,3,7,hard-moderate
27,1,0,3,68,1,1,3,36,1,1,3,7,hard-moderate
43,2,0,3,66,1,0,3,61,2,1,3,7,hard-moderate
59,2,0,3,55,1,0,3,39,2,0,3,7,hard-moderate
33,1,1,3,36,2,1,3,68,2,1,3,7,hard-moderate
57,1,0,3,70,1,0,3,58,1,0,3,7,hard-moderate
67,2,1,3,60,1,1,3,49,2,0,3,7,hard-moderate
27,1,1,3,60,1,1,3,52,2,1,3,7,hard-moderate
68,1,0,3,52,2,1,3,29,1,0,3,7,hard-moderate
27,1,1,3,32,2,0,3,53,1,1,3,7,hard-moderate
38,1,1,3,25,1,1,3,36,2,1,3,7,hard-moderate
64,2,1,3,50,1,0,3,50,1,1,3,7,hard-moderate
57,1,1,3,67,2,0,3,65,2,0,3,7,hard-moderate
36,1,0,3,62,2,1,3,29,2,0,3,7,hard-moderate
27,2,1,3,46,2,1,3,55,1,1,3,7,hard-moderate
51,2,1,3,26,2,0,3,48,2,1,3,7,hard-moderate
25,1,1,3,25,1,0,3,28,2,1,3,7,hard-moderate
70,2,0,3,52,2,1,3,27,2,1,3,7,hard-moderate
29,1,1,3,36,2,0,3,32,1,1,3,7,hard-moderate
32,1,1,3,27,1,0,3,56,2,0,3,7,hard-moderate
67,1,0,3,51,1,1,3,39,1,1,3,7,hard-moderate
37,1,0,3,65,2,0,3,35,1,1,3,7,hard-moderate
41,2,1,3,38,2,1,3,48,1,0,3,7,hard-moderate
33,1,1,3,52,2,0,3,49,2,0,3,7,hard-moderate
62,1,1,3,47,1,0,3,50,1,1,3,7,hard-moderate
30,1,0,3,62,2,0,3,70,2,1,3,7,hard-moderate
40,1,1,3,34,2,1,3,55,1,0,3,7,hard-moderate
61,2,0,3,26,1,0,3,63,2,1,3,7,hard-moderate
41,1,1,3,52,2,0,3,63,2,1,3,7,hard-moderate
60,2,0,3,61,2,1,3,65,1,0,3,7,hard-moderate
49,1,0,3,45,2,0,3,33,1,0,3,7,hard-moderate
25,2,1,3,59,1,1,3,46,1,0,3,7,hard-moderate
36,2,1,3,67,2,1,3,42,2,1,3,7,hard-moderate
48,2,0,3,57,1,1,3,57,1,0,3,7,hard-moderate
52,2,0,3,32,2,0,3,42,2,1,3,7,hard-moderate
64,2,1,3,42,1,1,3,59,1,1,3,7,hard-moderate
42,2,0,3,38,2,0,3,64,2,0,3,7,hard-moderate
56,2,1,3,55,1,1,3,37,1,1,3,7,hard-moderate
36,1,1,3,65,2,1,3,44,1,0,3,7,hard-moderate
69,1,0,3,26,2,0,3,60,1,0,3,7,hard-moderate
58,1,0,3,55,1,0,3,58,2,0,3,7,hard-moderate
53,1,0,3,70,2,1,3,44,1,1,3,7,hard-moderate
43,2,1,3,38,2,1,3,55,1,1,3,7,hard-moderate
67,2,1,3,53,2,0,3,34,1,1,3,7,hard-moderate
33,2,1,3,67,2,1,3,31,2,1,3,7,hard-moderate
64,2,0,3,44,1,0,3,53,1,0,3,7,hard-moderate
28,2,0,3,43,1,1,3,62,1,1,3,7,hard-moderate
64,1,1,3,28,1,0,3,59,2,0,3,7,hard-moderate
53,1,1,3,67,1,1,3,54,1,1,3,7,hard-moderate
32,2,0,3,43,1,0,3,59,2,0,3,7,hard-moderate
48,1,0,3,46,2,0,3,42,2,0,3,7,hard-moderate
70,2,1,3,48,2,1,3,65,2,0,3,7,hard-moderate
67,2,1,3,32,1,1,3,47,2,1,3,7,hard-moderate
54,2,1,3,64,1,0,3,36,2,1,3,7,hard-moderate
52,1,0,3,42,2,1,3,70,1,1,3,7,hard-moderate
52,1,1,3,48,1,0,3,43,1,0,3,7,hard-moderate
48,2,0,3,37,1,1,3,47,1,1,3,7,hard-moderate
29,1,1,3,41,2,1,3,48,2,0,3,7,hard-moderate
65,2,0,3,52,1,1,3,35,1,0,3,7,hard-moderate
30,2,1,3,70,2,1,3,30,2,1,3,7,hard-moderate
62,2,1,3,33,1,0,3,59,1,0,3,7,hard-moderate
53,1,1,3,38,2,1,3,36,1,0,3,7,hard-moderate
47,1,1,3,53,1,0,3,53,1,1,3,7,hard-moderate
31,1,0,3,37,1,0,3,37,1,1,3,7,hard-moderate
55,2,0,3,38,2,1,3,58,2,1,3,7,hard-moderate
52,2,1,3,60,1,1,3,48,1,1,3,7,hard-moderate
29,1,0,3,68,1,1,3,42,1,1,3,7,hard-moderate
51,2,0,3,41,2,1,3,39,2,1,3,7,hard-moderate
47,2,1,3,60,1,1,3,51,2,1,3,7,hard-moderate
33,2,1,3,49,1,0,3,29,1,1,3,7,hard-moderate
62,1,1,3,65,1,0,3,32,1,1,3,7,hard-moderate
32,1,0,3,64,1,0,3,30,1,0,3,7,hard-moderate
29,2,1,3,66,2,1,3,66,2,0,3,7,hard-moderate
27,2,0,3,54,1,0,3,70,1,1,3,7,hard-moderate
39,1,0,3,44,1,1,3,43,1,0,3,7,hard-moderate
27,2,0,3,56,1,1,3,53,2,0,3,7,hard-moderate
30,1,0,3,38,1,0,3,53,2,1,3,7,hard-moderate
44,1,0,3,64,2,0,3,35,1,1,3,7,hard-moderate
40,2,0,3,31,1,1,3,40,1,1,3,7,hard-moderate
70,1,0,3,69,2,1,3,48,2,0,3,7,hard-moderate
64,1,1,3,53,2,0,3,34,2,0,3,7,hard-moderate
31,2,1,3,64,1,1,3,52,2,0,3,7,hard-moderate
27,2,0,3,67,2,0,3,70,1,0,3,7,hard-moderate
68,2,1,3,44,1,1,3,31,2,1,3,7,hard-moderate
58,1,0,3,54,1,1,3,53,1,0,3,7,hard-moderate
30,1,0,3,52,2,1,3,32,1,0,3,7,hard-moderate
60,2,1,3,68,1,1,3,44,1,0,3,7,hard-moderate
28,2,0,3,61,1,0,3,67,1,0,3,7,hard-moderate
51,2,0,3,41,1,0,3,48,2,0,3,7,hard-moderate
30,1,1,3,65,1,1,3,31,1,1,3,7,hard-moderate
59,1,0,3,37,1,1,3,26,1,0,3,7,hard-moderate
49,1,1,3,36,2,1,3,48,1,1,3,7,hard-moderate
69,1,0,3,68,2,0,3,28,1,0,3,7,hard-moderate
30,1,0,3,69,1,1,3,67,2,1,3,7,hard-moderate
31,2,0,3,28,2,1,3,59,2,0,3,7,hard-moderate
70,2,0,3,65,2,0,3,41,2,1,3,7,hard-moderate
38,1,1,3,28,1,0,3,56,1,1,3,7,hard-moderate
60,2,1,3,38,1,1,3,29,1,1,3,7,hard-moderate
27,2,1,3,47,1,0,3,44,1,0,3,7,hard-moderate
33,2,0,3,51,1,1,3,26,2,1,3,7,hard-moderate
61,1,1,3,66,2,1,3,40,1,0,3,7,hard-moderate
49,1,0,3,45,1,0,3,64,1,1,3,7,hard-moderate
39,1,1,3,69,1,0,3,52,2,1,3,7,hard-moderate
29,2,1,3,50,1,0,3,69,1,0,3,7,hard-moderate
45,2,1,3,69,1,1,3,48,2,1,3,7,hard-moderate
70,2,0,3,44,2,1,3,63,1,0,3,7,hard-moderate
49,2,1,3,39,2,1,3,68,2,1,3,7,hard-moderate
65,2,0,3,42,2,1,3,32,2,0,3,7,hard-moderate
56,1,1,3,49,2,0,3,48,2,0,3,7,hard-moderate
48,2,0,3,57,2,1,3,50,2,0,3,7,hard-moderate
41,1,0,3,25,1,1,3,34,2,1,3,7,hard-moderate
27,2,1,3,67,1,1,3,33,1,0,3,7,hard-moderate
69,1,1,3,67,1,1,3,58,1,0,3,7,hard-moderate
46,2,0,3,36,2,0,3,67,1,1,3,7,hard-moderate
60,1,1,3,67,2,0,3,29,1,0,3,7,hard-moderate
52,1,0,3,69,2,0,3,36,2,0,3,7,hard-moderate
66,1,1,3,63,1,1,3,67,2,1,3,7,hard-moderate
57,1,1,3,32,1,0,3,66,2,0,3,7,hard-moderate
33,1,0,3,69,1,0,3,59,1,1,3,7,hard-moderate
40,2,0,3,42,2,1,3,29,2,1,3,7,hard-moderate
59,2,0,3,44,2,0,3,59,1,1,3,7,hard-moderate
37,2,0,3,27,1,0,3,28,2,0,3,7,hard-moderate
57,2,1,3,55,1,1,3,46,1,0,3,7,hard-moderate
51,2,1,3,27,1,1,3,52,2,0,3,7,hard-moderate
60,1,0,3,44,2,0,3,60,2,1,3,7,hard-moderate
61,2,0,3,31,2,0,3,36,2,0,3,7,hard-moderate
29,2,1,3,47,2,0,3,50,1,0,3,7,hard-moderate
54,2,0,3,53,2,1,3,70,2,0,3,7,hard-moderate
64,2,0,3,61,2,1,3,64,1,1,3,7,hard-moderate
27,1,0,3,44,2,0,3,39,1,0,3,7,hard-moderate
33,1,0,3,40,1,1,3,44,2,1,3,7,hard-moderate
51,2,0,3,43,2,1,3,43,1,1,3,7,hard-moderate
42,1,1,3,31,1,0,3,61,2,0,3,7,hard-moderate
53,1,1,3,38,2,1,3,53,2,1,3,7,hard-moderate
34,1,1,3,51,2,0,3,43,1,1,3,7,hard-moderate
51,1,1,3,27,2,0,3,31,2,0,3,7,hard-moderate
33,2,1,3,31,1,1,3,69,1,0,3,7,hard-moderate
30,1,0,3,62,2,1,3,63,1,0,3,7,hard-moderate
52,2,1,3,29,1,0,3,70,1,0,3,7,hard-moderate
31,1,1,3,53,2,0,3,59,1,1,3,7,hard-moderate
38,1,0,3,55,2,0,3,36,1,0,3,7,hard-moderate
58,1,1,3,25,1,0,3,55,1,0,3,7,hard-moderate
66,2,1,3,45,2,1,3,46,2,1,3,7,hard-moderate
50,1,0,3,40,2,0,3,51,1,1,3,7,hard-moderate
34,1,1,3,42,1,0,3,53,2,0,3,7,hard-moderate
39,2,1,3,35,1,0,3,63,2,1,3,7,hard-moderate
55,1,1,3,48,2,0,3,44,1,0,3,7,hard-moderate
41,1,1,3,56,2,0,3,43,1,0,3,7,hard-moderate
48,1,0,3,67,1,0,3,44,1,0,3,7,hard-moderate
50,1,1,3,53,2,0,3,59,1,0,3,7,hard-moderate
46,1,0,3,27,1,1,3,25,1,1,3,7,hard-moderate
68,1,1,3,28,1,1,3,68,2,0,3,7,hard-moderate
55,1,1,3,64,1,1,3,51,1,1,3,7,hard-moderate
53,2,1,3,63,2,0,3,51,1,1,3,7,hard-moderate
38,2,1,3,69,2,0,3,62,2,1,3,7,hard-moderate
61,2,1,3,68,2,0,3,67,1,0,3,7,hard-moderate
50,1,1,3,38,1,0,3,46,1,0,3,7,hard-moderate
36,2,0,3,57,2,1,3,33,1,1,3,7,hard-moderate
70,1,1,3,25,1,0,3,66,1,1,3,7,hard-moderate
57,2,0,3,33,2,1,3,31,1,0,3,7,hard-moderate
27,2,1,3,30,1,1,3,30,2,1,3,7,hard-moderate
36,1,0,3,33,1,1,3,65,2,0,3,7,hard-moderate
36,1,1,3,42,2,1,3,62,1,1,3,7,hard-moderate
66,2,1,3,62,2,0,3,33,2,1,3,7,hard-moderate
51,1,0,3,50,2,0,3,48,1,1,3,7,hard-moderate
46,2,0,3,31,1,0,3,62,1,0,3,7,hard-moderate
44,1,1,3,63,1,1,3,32,2,1,3,7,hard-moderate
25,1,1,3,62,1,0,3,70,1,1,3,7,hard-moderate
25,1,0,3,53,2,1,3,52,2,1,3,7,hard-moderate
56,2,1,3,31,1,0,3,65,2,1,3,7,hard-moderate
61,2,1,3,63,1,0,3,34,1,0,3,7,hard-moderate
70,1,1,3,57,1,0,3,27,2,0,3,7,hard-moderate
69,2,1,3,61,1,0,3,44,2,0,3,7,hard-moderate
57,2,0,3,54,2,1,3,64,1,0,3,7,hard-moderate
25,1,1,3,63,2,1,3,62,2,1,3,7,hard-moderate
58,1,1,3,50,1,0,3,31,1,0,3,7,hard-moderate
44,1,0,3,56,1,1,3,36,2,1,3,7,hard-moderate
54,1,0,3,48,1,0,3,28,1,0,3,7,hard-moderate
67,1,0,3,29,1,0,3,56,1,1,3,7,hard-moderate
65,1,0,3,25,2,0,3,31,1,1,3,7,hard-moderate
62,1,1,3,67,2,0,3,43,2,0,3,7,hard-moderate
68,1,1,3,39,1,1,3,61,1,0,3,7,hard-moderate
48,1,0,3,61,1,0,3,56,2,0,3,7,hard-moderate
59,1,0,3,39,1,0,3,49,1,0,3,7,hard-moderate
62,2,1,3,31,2,1,3,60,1,0,3,7,hard-moderate
41,1,0,3,57,1,1,3,39,1,0,3,7,hard-moderate
69,2,0,3,43,2,1,3,38,1,1,3,7,hard-moderate
61,2,0,3,61,1,1,3,34,2,0,3,7,hard-moderate
26,1,0,3,49,1,1,3,32,2,1,3,7,hard-moderate
26,1,0,3,44,2,0,3,61,1,1,3,7,hard-moderate
36,1,0,3,29,1,0,3,41,2,1,3,7,hard-moderate
44,2,0,3,39,1,1,3,60,1,1,3,7,hard-moderate
58,2,1,3,28,2,1,3,36,1,0,3,7,hard-moderate
47,1,1,3,37,2,0,3,54,1,0,3,7,hard-moderate
70,2,0,3,32,1,0,3,30,1,1,3,7,hard-moderate
59,2,0,3,37,2,0,3,60,2,1,3,7,hard-moderate
34,1,0,3,68,1,1,3,64,2,1,3,7,hard-moderate
61,1,1,3,27,2,1,3,31,2,1,3,7,hard-moderate
33,1,0,3,58,2,1,3,49,1,1,3,7,hard-moderate
30,2,0,3,69,2,1,3,64,2,1,3,7,hard-moderate
68,1,0,3,70,1,1,3,28,1,1,3,7,hard-moderate
60,2,0,3,47,2,1,3,55,2,0,3,7,hard-moderate
28,2,0,3,62,1,1,3,47,1,0,3,7,hard-moderate
55,2,1,3,36,1,1,3,34,2,0,3,7,hard-moderate
50,1,1,3,46,1,1,3,34,2,1,3,7,hard-moderate
54,1,1,3,60,2,1,3,41,1,0,3,7,hard-moderate
49,1,1,3,40,1,1,3,64,1,0,3,7,hard-moderate
59,1,0,3,64,2,0,3,52,1,0,3,7,hard-moderate
42,1,0,3,29,1,0,3,62,2,0,3,7,hard-moderate
43,1,0,3,36,2,0,3,38,2,1,3,7,hard-moderate
31,1,1,3,38,1,0,3,68,2,0,3,7,hard-moderate
26,2,0,3,59,2,1,3,52,2,0,3,7,hard-moderate
50,1,1,3,40,1,0,3,36,1,0,3,7,hard-moderate
54,2,0,3,67,1,0,3,56,2,0,3,7,hard-moderate
44,2,1,3,69,1,0,3,47,2,0,3,7,hard-moderate
25,1,0,3,46,2,1,3,52,1,0,3,7,hard-moderate
69,2,0,3,56,2,0,3,47,1,1,3,7,hard-moderate
49,2,1,3,53,1,0,3,35,1,0,3,7,hard-moderate
64,1,0,3,46,2,0,3,48,1,1,3,7,hard-moderate
60,1,1,3,63,1,1,3,70,1,1,3,7,hard-moderate
40,2,0,3,34,2,1,3,41,2,1,3,7,hard-moderate
46,1,1,3,47,1,0,3,65,2,1,3,7,hard-moderate
34,1,0,3,44,1,1,3,41,1,1,3,7,hard-moderate
67,1,0,3,39,1,0,3,53,1,0,3,7,hard-moderate
35,2,0,3,46,2,1,3,36,2,1,3,7,hard-moderate
65,2,1,3,41,1,1,3,32,1,0,3,7,hard-moderate
25,1,1,3,51,1,0,3,40,2,1,3,7,hard-moderate
39,2,0,3,69,2,1,3,61,1,0,3,7,hard-moderate
57,1,1,3,49,1,0,3,25,2,1,3,7,hard-moderate
25,1,1,3,37,1,1,3,43,2,1,3,7,hard-moderate
66,1,0,3,46,2,1,3,30,2,1,3,7,hard-moderate
68,2,0,3,42,1,0,3,41,1,0,3,7,hard-moderate
40,2,0,3,42,1,1,3,55,2,1,3,7,hard-moderate
57,1,0,3,38,1,0,3,52,1,0,3,7,hard-moderate
45,1,0,3,30,2,0,3,67,2,1,3,7,hard-moderate
60,1,0,3,63,2,1,3,70,2,1,3,7,hard-moderate
30,2,1,3,50,2,0,3,45,1,1,3,7,hard-moderate
29,2,1,3,25,2,1,3,68,2,0,3,7,hard-moderate
42,2,0,3,42,2,1,3,64,1,0,3,7,hard-moderate
31,2,0,3,41,2,1,3,38,1,0,3,7,hard-moderate
57,2,1,3,32,2,1,3,41,1,0,3,7,hard-moderate
53,2,0,3,31,1,0,3,44,2,0,3,7,hard-moderate
58,2,0,3,51,2,0,3,54,1,0,3,7,hard-moderate
67,1,1,3,57,1,1,3,65,2,0,3,7,hard-moderate
60,2,1,3,53,2,0,3,26,1,1,3,7,hard-moderate
27,2,0,3,50,1,0,3,56,2,0,3,7,hard-moderate
64,1,0,3,62,2,0,3,49,2,1,3,7,hard-moderate
40,1,1,3,34,2,0,3,41,2,1,3,7,hard-moderate
38,1,1,3,44,2,1,3,30,1,0,3,7,hard-moderate
65,1,0,3,44,1,0,3,37,2,0,3,7,hard-moderate
69,1,1,3,54,2,0,3,45,1,0,3,7,hard-moderate
26,2,0,3,36,1,1,3,56,2,1,3,7,hard-moderate
62,2,0,3,41,1,0,3,65,2,0,3,7,hard-moderate
41,1,0,3,26,1,1,3,28,2,1,3,7,hard-moderate
30,1,1,3,36,2,1,3,44,1,0,3,7,hard-moderate
30,2,0,3,38,2,0,3,48,2,0,3,7,hard-moderate
53,1,0,3,61,2,1,3,54,1,1,3,7,hard-moderate
33,1,0,3,59,2,1,3,70,1,1,3,7,hard-moderate
53,1,0,3,53,2,0,3,59,2,1,3,7,hard-moderate
54,1,0,3,51,2,0,3,46,1,0,3,7,hard-moderate
49,1,0,3,29,1,0,3,51,2,1,3,7,hard-moderate
58,1,0,3,53,2,1,3,34,1,0,3,7,hard-moderate
68,1,0,3,47,1,0,3,46,1,0,3,7,hard-moderate
70,1,1,3,27,1,0,3,49,1,1,3,7,hard-moderate
41,2,0,3,70,2,1,3,40,2,0,3,7,hard-moderate
32,2,1,3,54,1,1,3,52,1,0,3,7,hard-moderate
37,2,1,3,46,2,1,3,51,1,1,3,7,hard-moderate
25,2,0,3,69,2,1,3,43,1,0,3,7,hard-moderate
51,2,0,3,62,1,1,3,27,2,1,3,7,hard-moderate
35,2,1,3,28,1,0,3,28,1,0,3,7,hard-moderate
69,1,0,3,46,1,0,3,33,2,1,3,7,hard-moderate
58,2,1,3,33,2,0,3,28,1,0,3,7,hard-moderate
28,2,0,3,36,1,1,3,30,2,1,3,7,hard-moderate
46,1,0,3,65,1,0,3,68,2,0,3,7,hard-moderate
43,2,1,3,58,1,1,3,54,2,0,3,7,hard-moderate
59,1,0,3,43,1,0,3,34,1,0,3,7,hard-moderate
57,2,0,3,42,2,0,3,60,2,1,3,7,hard-moderate
38,2,1,3,60,2,1,3,48,2,0,3,7,hard-moderate
28,1,1,3,36,2,1,3,51,2,0,3,7,hard-moderate
56,2,0,3,49,1,0,3,42,2,0,3,7,hard-moderate
31,2,1,3,65,1,0,3,50,2,0,3,7,hard-moderate
47,1,1,3,69,2,0,3,25,2,1,3,7,hard-moderate
60,2,0,3,52,1,1,3,27,2,0,3,7,hard-moderate
37,2,0,3,60,2,0,3,65,1,1,3,7,hard-moderate
49,1,1,3,59,2,1,3,61,1,0,3,7,hard-moderate
50,2,1,3,26,2,0,3,40,1,0,3,7,hard-moderate
38,2,0,3,27,1,0,3,69,1,1,3,7,hard-moderate
33,1,1,3,61,2,0,3,50,1,1,3,7,hard-moderate
52,1,0,3,45,2,0,3,53,2,1,3,7,hard-moderate
27,2,1,3,43,2,0,3,29,2,0,3,7,hard-moderate
53,1,0,3,42,2,0,3,63,1,1,3,7,hard-moderate
67,2,0,3,64,1,1,3,50,2,1,3,7,hard-moderate
56,1,0,3,52,1,1,3,43,1,1,3,7,hard-moderate
57,1,1,3,29,2,1,3,51,2,1,3,7,hard-moderate
67,2,0,3,67,1,1,3,62,2,0,3,7,hard-moderate
64,1,0,3,68,1,0,3,40,1,1,3,7,hard-moderate
69,1,1,3,26,1,0,3,31,1,1,3,7,hard-moderate
46,1,0,3,51,1,1,3,28,2,0,3,7,hard-moderate
25,2,0,3,33,2,1,3,29,1,1,3,7,hard-moderate
58,1,0,3,36,2,0,3,50,1,1,3,7,hard-moderate
37,2,1,3,39,1,1,3,58,1,1,3,7,hard-moderate
43,1,0,3,25,1,0,3,58,1,0,3,7,hard-moderate
66,2,0,3,28,1,0,3,42,2,1,3,7,hard-moderate
34,1,1,3,59,2,0,3,43,2,0,3,7,hard-moderate
28,1,1,3,41,2,0,3,44,1,0,3,7,hard-moderate
67,2,0,3,57,2,0,3,30,2,0,3,7,hard-moderate
68,1,0,3,35,1,1,3,55,1,0,3,7,hard-moderate
68,1,0,3,64,2,0,3,69,1,0,3,7,hard-moderate
67,2,0,3,63,1,0,3,25,1,0,3,7,hard-moderate
63,2,0,3,36,2,1,3,58,1,0,3,7,hard-moderate
42,2,0,3,38,1,1,3,58,2,1,3,7,hard-moderate
39,2,1,3,69,2,0,3,45,2,1,3,7,hard-moderate
67,1,0,3,35,2,0,3,54,2,1,3,7,hard-moderate
45,2,1,3,59,2,1,3,38,2,1,3,7,hard-moderate
58,2,0,3,70,1,1,3,59,1,1,3,7,hard-moderate
43,1,1,3,62,2,0,3,34,2,0,3,7,hard-moderate
57,2,1,3,57,2,0,3,61,1,1,3,7,hard-moderate
68,2,0,3,48,2,1,3,69,2,1,3,7,hard-moderate
34,2,0,3,40,2,1,3,38,2,1,3,7,hard-moderate
58,2,0,3,64,2,1,3,36,2,1,3,7,hard-moderate
31,1,1,3,62,2,0,3,54,1,0,3,7,hard-moderate
39,1,1,3,58,2,0,3,48,2,0,3,7,hard-moderate
28,2,0,3,65,2,0,3,59,1,1,3,7,hard-moderate
47,2,0,3,48,2,1,3,29,2,0,3,7,hard-moderate
33,1,0,3,62,1,1,3,66,2,1,3,7,hard-moderate
41,2,0,3,52,2,1,3,63,1,0,3,7,hard-moderate
27,1,1,3,41,1,0,3,68,1,1,3,7,hard-moderate
70,2,0,3,26,1,1,3,54,2,0,3,7,hard-moderate
54,2,0,3,44,1,1,3,25,2,0,3,7,hard-moderate
67,2,0,3,68,1,0,3,38,2,1,3,7,hard-moderate
35,1,1,3,50,1,0,3,33,1,1,3,7,hard-moderate
55,2,0,3,45,2,0,3,57,1,1,3,7,hard-moderate
47,1,1,3,42,1,1,3,25,2,0,3,7,hard-moderate
70,1,0,3,43,2,0,3,47,1,0,3,7,hard-moderate
35,2,1,3,45,2,0,3,41,2,1,3,7,hard-moderate
27,1,0,3,34,1,1,3,49,2,1,3,7,hard-moderate
28,2,0,3,52,2,0,3,30,2,0,3,7,hard-moderate
52,1,0,3,69,2,0,3,47,2,1,3,7,hard-moderate
63,1,0,3,61,1,0,3,42,2,0,3,7,hard-moderate
51,2,0,3,30,1,1,3,55,1,1,3,7,hard-moderate
52,2,1,3,44,2,1,3,32,2,1,3,7,hard-moderate
61,1,1,3,66,2,1,3,47,2,0,3,7,hard-moderate
35,2,0,3,28,2,1,3,66,2,1,3,7,hard-moderate
54,1,0,3,30,2,0,3,63,2,1,3,7,hard-moderate
67,1,1,3,45,2,0,3,57,2,0,3,7,hard-moderate
67,2,0,3,59,1,0,3,55,1,0,3,7,hard-moderate
45,1,1,3,67,2,1,3,26,1,1,3,7,hard-moderate
54,1,1,3,51,2,0,3,67,2,0,3,7,hard-moderate
65,1,0,3,55,2,1,3,56,1,0,3,7,hard-moderate
48,2,0,3,41,1,1,3,29,2,0,3,7,hard-moderate
63,1,0,3,37,1,1,3,34,2,1,3,7,hard-moderate
62,2,0,3,46,2,0,3,30,2,1,3,7,hard-moderate
45,1,0,3,55,1,0,3,27,2,1,3,7,hard-moderate
64,2,1,3,61,1,1,3,70,1,0,3,7,hard-moderate
47,2,1,3,39,1,1,3,33,2,1,3,7,hard-moderate
31,1,0,3,59,2,0,3,50,1,1,3,7,hard-moderate
68,2,1,3,41,2,1,3,63,1,0,3,7,hard-moderate
55,2,0,3,60,2,1,3,58,1,0,3,7,hard-moderate
61,1,0,3,27,2,1,3,50,2,0,3,7,hard-moderate
54,2,0,3,50,2,0,3,38,2,1,3,7,hard-moderate
36,1,0,3,29,2,1,3,43,2,1,3,7,hard-moderate
27,1,1,3,28,1,1,3,59,2,1,3,7,hard-moderate
43,2,0,3,60,2,0,3,32,1,0,3,7,hard-moderate
39,1,0,3,56,1,0,3,39,1,0,3,7,hard-moderate
59,2,0,3,36,2,0,3,42,2,1,3,7,hard-moderate
49,2,0,3,37,1,1,3,51,1,0,3,7,hard-moderate
39,1,0,3,70,1,0,3,63,1,0,3,7,hard-moderate
51,2,0,3,31,2,0,3,52,2,1,3,7,hard-moderate
65,1,0,3,62,1,1,3,32,2,1,3,7,hard-moderate
62,1,1,3,55,1,0,3,25,1,0,3,7,hard-moderate
45,2,0,3,33,1,1,3,30,1,1,3,7,hard-moderate
64,1,1,3,28,2,1,3,28,2,0,3,7,hard-moderate
68,1,0,3,59,1,0,3,51,1,1,3,7,hard-moderate
37,2,1,3,62,2,0,3,41,2,1,3,7,hard-moderate
41,1,0,3,43,2,0,3,58,1,1,3,7,hard-moderate
30,1,1,3,37,1,1,3,34,1,1,3,7,hard-moderate
29,2,1,3,70,1,0,3,36,2,1,3,7,hard-moderate
61,1,1,3,35,1,1,3,57,2,1,3,7,hard-moderate
48,1,1,3,64,1,1,3,67,1,1,3,7,hard-moderate
46,1,0,3,40,2,1,3,44,2,0,3,7,hard-moderate
65,1,1,3,32,2,1,3,27,1,1,3,7,hard-moderate
60,1,1,3,41,1,0,3,25,1,0,3,7,hard-moderate
36,2,0,3,52,2,1,3,42,2,1,3,7,hard-moderate
42,2,0,3,49,2,1,3,37,2,1,3,7,hard-moderate
64,1,1,3,28,2,0,3,48,2,0,3,7,hard-moderate
69,1,1,3,43,2,1,3,56,1,1,3,7,hard-moderate
48,1,1,3,50,1,0,3,57,2,0,3,7,hard-moderate
50,1,0,3,30,1,0,3,54,2,1,3,7,hard-moderate
67,2,1,3,31,1,0,3,61,2,0,3,7,hard-moderate
54,2,0,3,51,1,0,3,68,1,1,3,7,hard-moderate
32,1,0,3,37,1,1,3,65,1,0,3,7,hard-moderate
27,2,1,3,32,1,0,3,36,2,1,3,7,hard-moderate
69,1,1,3,33,2,0,3,62,1,1,3,7,hard-moderate
41,1,0,3,43,1,0,3,67,2,1,3,7,hard-moderate
57,2,0,3,47,1,1,3,37,2,1,3,7,hard-moderate
55,1,0,3,34,2,0,3,53,1,1,3,7,hard-moderate
66,1,0,3,34,1,1,3,39,2,0,3,7,hard-moderate
44,1,1,3,41,2,0,3,25,1,1,3,7,hard-moderate
63,1,1,3,66,1,0,3,32,2,0,3,7,hard-moderate
34,2,0,3,70,1,1,3,49,2,0,3,7,hard-moderate
49,2,0,3,46,1,0,3,37,1,0,3,7,hard-moderate
67,1,0,3,32,1,1,3,39,1,1,3,7,hard-moderate
44,2,0,3,26,1,1,3,58,1,0,3,7,hard-moderate
35,1,0,3,55,1,0,3,44,2,1,3,7,hard-moderate
59,1,0,3,48,1,0,3,42,1,1,3,7,hard-moderate
32,1,1,3,56,2,0,3,39,1,0,3,7,hard-moderate
52,1,0,3,62,2,0,3,63,2,1,3,7,hard-moderate
34,2,0,3,54,1,1,3,68,1,1,3,7,hard-moderate
55,1,0,3,30,2,0,3,25,2,0,3,7,hard-moderate
27,2,0,3,65,2,1,3,62,1,0,3,7,hard-moderate
65,1,1,3,55,2,0,3,46,1,0,3,7,hard-moderate
43,2,1,3,45,1,0,3,27,2,1,3,7,hard-moderate
26,1,1,3,59,1,1,3,61,2,1,3,7,hard-moderate
62,1,0,3,48,2,0,3,54,2,1,3,7,hard-moderate
58,1,1,3,70,1,1,3,36,1,1,3,7,hard-moderate
57,1,1,3,35,1,0,3,65,1,1,3,7,hard-moderate
28,1,1,3,46,2,0,3,35,2,1,3,7,hard-moderate
34,1,0,3,65,2,1,3,50,2,0,3,7,hard-moderate
56,1,1,3,49,1,1,3,32,2,0,3,7,hard-moderate
67,2,0,3,35,2,0,3,60,2,1,3,7,hard-moderate
38,1,1,3,41,1,0,3,30,2,0,3,7,hard-moderate
59,2,1,3,61,1,0,3,56,2,0,3,7,hard-moderate
39,1,1,3,26,1,0,3,64,1,0,3,7,hard-moderate
64,1,1,3,52,2,0,3,34,2,1,3,7,hard-moderate
54,1,1,3,25,2,1,3,45,1,1,3,7,hard-moderate
37,2,1,3,55,2,1,3,25,2,1,3,7,hard-moderate
63,2,1,3,44,1,1,3,29,1,1,3,7,hard-moderate
57,1,0,3,25,1,0,3,59,1,1,3,7,hard-moderate
29,2,1,3,55,2,0,3,29,1,1,3,7,hard-moderate
45,1,0,3,40,1,0,3,33,1,0,3,7,hard-moderate
49,2,0,3,70,1,0,3,35,2,0,3,7,hard-moderate
56,1,1,3,56,1,1,3,37,1,1,3,7,hard-moderate
49,1,1,3,35,2,1,3,31,1,1,3,7,hard-moderate
70,2,0,3,64,2,1,3,38,2,0,3,7,hard-moderate
35,2,0,3,25,2,1,3,37,2,0,3,7,hard-moderate
60,1,0,3,55,1,1,3,30,1,0,3,7,hard-moderate
43,2,1,3,39,1,1,3,67,2,0,3,7,hard-moderate
53,1,0,3,69,2,1,3,61,2,0,3,7,hard-moderate
51,1,1,3,34,2,0,3,44,2,0,3,7,hard-moderate
34,2,1,3,51,2,0,3,61,2,0,3,7,hard-moderate
43,2,1,3,45,2,1,3,52,2,1,3,7,hard-moderate
55,1,1,3,36,1,1,3,65,1,1,3,7,hard-moderate
29,2,0,3,48,2,0,3,69,2,1,3,7,hard-moderate
29,1,0,3,60,2,0,3,32,2,0,3,7,hard-moderate
52,1,1,3,58,1,0,3,62,2,1,3,7,hard-moderate
26,2,1,3,65,1,0,3,63,1,0,3,7,hard-moderate
36,1,1,3,57,1,0,3,46,2,0,3,7,hard-moderate
31,1,0,3,59,2,0,3,47,1,0,3,7,hard-moderate
28,1,0,3,38,1,0,3,62,2,0,3,7,hard-moderate
58,1,1,3,64,2,1,3,43,2,0,3,7,hard-moderate
50,2,1,3,49,2,1,3,61,2,0,3,7,hard-moderate
56,2,1,3,70,1,1,3,25,1,0,3,7,hard-moderate
45,1,0,3,37,2,0,3,52,1,0,3,7,hard-moderate
64,1,0,3,45,2,1,3,39,2,0,3,7,hard-moderate
52,2,1,3,67,2,1,3,51,1,1,3,7,hard-moderate
65,2,0,3,60,1,0,3,66,2,1,3,7,hard-moderate
32,1,1,3,36,1,0,3,50,2,0,3,7,hard-moderate
46,2,0,3,31,2,0,3,67,1,0,3,7,hard-moderate
29,2,1,3,37,1,0,3,45,1,0,3,7,hard-moderate
27,2,1,3,41,2,0,3,28,1,1,3,7,hard-moderate
36,2,0,3,65,1,1,3,37,1,0,3,7,hard-moderate
26,1,0,3,49,2,1,3,39,2,1,3,7,hard-moderate
47,2,1,3,30,2,0,3,56,1,1,3,7,hard-moderate
70,2,1,3,36,1,1,3,34,2,0,3,7,hard-moderate
44,2,1,3,47,1,1,3,67,2,1,3,7,hard-moderate
34,1,0,3,25,1,1,3,26,2,0,3,7,hard-moderate
52,2,1,3,61,1,1,3,30,2,1,3,7,hard-moderate
45,2,1,3,63,2,0,3,62,1,1,3,7,hard-moderate
45,1,1,3,41,2,0,3,57,2,1,3,7,hard-moderate
57,1,1,3,69,1,0,3,56,2,0,3,7,hard-moderate
46,2,1,3,45,1,1,3,66,2,1,3,7,hard-moderate
60,2,1,3,62,2,0,3,53,1,0,3,7,hard-moderate
70,2,1,3,37,1,1,3,48,2,0,3,7,hard-moderate
63,1,1,3,38,2,0,3,41,2,0,3,7,hard-moderate
62,1,1,3,49,1,1,3,52,2,1,3,7,hard-moderate
59,2,0,3,26,1,1,3,47,1,0,3,7,hard-moderate
33,1,1,3,35,1,0,3,59,1,0,3,7,hard-moderate
65,1,0,3,67,2,1,3,35,2,1,3,7,hard-moderate
55,1,0,3,51,1,1,3,50,2,1,3,7,hard-moderate
62,2,1,3,39,2,0,3,47,2,1,3,7,hard-moderate
62,2,1,3,57,2,0,3,40,1,1,3,7,hard-moderate
35,1,0,3,35,1,1,3,45,1,1,3,7,hard-moderate
56,1,1,3,36,2,1,3,38,1,0,3,7,hard-moderate
56,2,0,3,38,2,0,3,30,1,0,3,7,hard-moderate
45,2,0,3,67,2,1,3,36,1,1,3,7,hard-moderate
31,1,1,3,63,2,1,3,59,1,1,3,7,hard-moderate
33,2,0,3,49,1,1,3,37,2,0,3,7,hard-moderate
40,1,0,3,49,2,0,3,25,2,1,3,7,hard-moderate
26,1,1,3,55,2,1,3,47,2,1,3,7,hard-moderate
63,1,0,3,38,1,0,3,36,2,0,3,7,hard-moderate
26,1,1,3,36,1,1,3,60,2,1,3,7,hard-moderate
58,1,0,3,69,2,0,3,65,1,0,3,7,hard-moderate
64,2,1,3,55,2,1,3,64,1,1,3,7,hard-moderate
66,1,1,3,37,2,1,3,40,1,1,3,7,hard-moderate
46,1,0,3,58,2,0,3,44,2,0,3,7,hard-moderate
62,1,0,3,51,1,1,3,42,1,0,3,7,hard-moderate
70,2,0,3,60,2,1,3,49,1,0,3,7,hard-moderate
33,1,1,3,43,1,0,3,53,2,1,3,7,hard-moderate
33,1,1,3,58,1,0,3,58,1,0,3,7,hard-moderate
35,1,0,3,29,1,1,3,25,2,1,3,7,hard-moderate
67,1,1,3,55,2,0,3,61,2,1,3,7,hard-moderate
38,2,0,3,31,1,0,3,47,2,0,3,7,hard-moderate
26,2,1,3,64,2,0,3,42,2,1,3,7,hard-moderate
67,2,0,3,66,2,1,3,28,1,1,3,7,hard-moderate
52,2,1,3,65,2,0,3,31,2,1,3,7,hard-moderate
46,2,0,3,42,2,1,3,61,1,0,3,7,hard-moderate
52,2,0,3,62,1,1,3,50,1,1,3,7,hard-moderate
66,1,0,3,40,1,1,3,44,1,1,3,7,hard-moderate
68,2,1,3,65,2,0,3,69,1,0,3,7,hard-moderate
61,1,1,3,63,1,1,3,49,1,0,3,7,hard-moderate
65,2,0,3,48,2,0,3,46,2,1,3,7,hard-moderate
56,1,1,3,36,1,1,3,61,1,1,3,7,hard-moderate
28,2,0,3,48,2,0,3,31,2,0,3,7,hard-moderate
44,2,0,3,55,1,1,3,65,2,0,3,7,hard-moderate
26,1,0,3,66,1,0,3,68,2,1,3,7,hard-moderate
52,2,0,3,52,1,0,3,53,2,0,3,7,hard-moderate
53,1,0,3,62,1,0,3,59,1,0,3,7,hard-moderate
42,1,0,3,42,1,0,3,49,2,0,3,7,hard-moderate
51,1,0,3,43,2,1,3,36,2,0,3,7,hard-moderate
65,1,0,3,46,2,0,3,37,2,1,3,7,hard-moderate
56,1,1,3,63,2,1,3,70,2,1,3,7,hard-moderate
62,1,1,3,53,1,1,3,40,1,0,3,7,hard-moderate
41,1,1,3,47,1,1,3,62,2,1,3,7,hard-moderate
36,2,0,3,67,1,1,3,70,1,1,3,7,hard-moderate
43,2,1,3,54,2,1,3,27,1,1,3,7,hard-moderate
54,2,1,3,58,1,1,3,47,2,0,3,7,hard-moderate
27,1,1,3,60,1,0,3,39,2,0,3,7,hard-moderate
57,1,1,3,44,1,1,3,59,1,0,3,7,hard-moderate
60,1,1,3,38,2,0,3,53,1,0,3,7,hard-moderate
40,1,1,3,44,2,0,3,64,1,0,3,7,hard-moderate
53,1,0,3,69,2,0,3,64,1,0,3,7,hard-moderate
67,2,0,3,44,1,1,3,31,2,0,3,7,hard-moderate
34,1,0,3,61,2,0,3,26,1,0,3,7,hard-moderate
47,1,0,3,33,1,0,3,55,2,0,3,7,hard-moderate
55,1,1,3,30,2,1,3,25,2,1,3,7,hard-moderate
48,2,1,3,33,1,0,3,36,2,1,3,7,hard-moderate
35,1,0,3,70,1,1,3,56,2,1,3,7,hard-moderate
60,2,0,3,45,1,0,3,38,2,0,3,7,hard-moderate
47,2,1,3,56,1,0,3,58,1,0,3,7,hard-moderate
69,1,0,3,57,1,0,3,67,2,0,3,7,hard-moderate
69,2,0,3,66,1,0,3,68,1,0,3,7,hard-moderate
69,1,0,3,45,1,1,3,54,1,1,3,7,hard-moderate
55,2,1,3,64,2,0,3,57,2,0,3,7,hard-moderate
43,2,0,3,42,1,0,3,66,1,1,3,7,hard-moderate
69,1,1,3,48,2,1,3,27,1,1,3,7,hard-moderate
48,1,1,3,35,2,1,3,49,1,0,3,7,hard-moderate
51,1,1,3,58,1,0,3,40,1,0,3,7,hard-moderate
38,2,0,3,44,2,1,3,55,2,0,3,7,hard-moderate
35,1,0,3,43,2,1,3,68,1,1,3,7,hard-moderate
70,2,1,3,60,1,0,3,67,1,0,3,7,hard-moderate
49,2,1,3,26,2,0,3,66,1,1,3,7,hard-moderate
47,2,0,3,54,2,1,3,49,2,0,3,7,hard-moderate
33,1,1,3,27,2,0,3,39,2,1,3,7,hard-moderate
64,1,0,3,63,1,1,3,65,1,0,3,7,hard-moderate
37,2,0,3,42,2,0,3,64,1,1,3,7,hard-moderate
35,1,1,3,41,2,1,3,47,1,1,3,7,hard-moderate
45,2,0,3,59,2,0,3,43,2,1,3,7,hard-moderate
55,2,0,3,39,2,1,3,47,2,1,3,7,hard-moderate
60,1,0,3,61,2,0,3,57,2,1,3,7,hard-moderate
46,1,0,3,40,1,0,3,48,1,1,3,7,hard-moderate
64,2,1,3,57,1,1,3,37,1,0,3,7,hard-moderate
28,2,1,3,63,1,1,3,35,2,1,3,7,hard-moderate
40,1,1,3,30,1,0,3,64,2,1,3,7,hard-moderate
43,1,1,3,48,1,0,3,65,2,1,3,7,hard-moderate
62,2,0,3,63,2,0,3,27,2,0,3,7,hard-moderate
29,1,1,3,32,2,1,3,30,2,0,3,7,hard-moderate
64,2,0,3,50,1,0,3,43,1,0,3,7,hard-moderate
44,2,0,3,62,2,0,3,35,2,0,3,7,hard-moderate
51,2,1,3,60,2,0,3,52,2,0,3,7,hard-moderate
66,1,1,3,59,1,1,3,48,1,1,3,7,hard-moderate
53,2,1,3,54,2,0,3,38,2,0,3,7,hard-moderate
27,1,1,3,44,1,1,3,38,2,1,3,7,hard-moderate
28,2,0,3,69,1,1,3,68,2,1,3,7,hard-moderate
37,1,0,3,40,2,1,3,65,1,1,3,7,hard-moderate
53,1,0,3,27,1,1,3,41,1,1,3,7,hard-moderate
64,2,0,3,50,1,1,3,26,2,1,3,7,hard-moderate
36,1,1,3,47,1,1,3,25,1,1,3,7,hard-moderate
27,1,1,3,32,2,1,3,25,2,1,3,7,hard-moderate
61,2,1,3,30,2,1,3,58,2,0,3,7,hard-moderate
40,2,0,3,30,2,1,3,63,2,1,3,7,hard-moderate
51,1,0,3,45,2,1,3,34,1,0,3,7,hard-moderate
45,1,1,3,67,2,1,3,40,1,0,3,7,hard-moderate
55,1,0,3,66,2,0,3,50,1,1,3,7,hard-moderate
42,1,1,3,31,1,1,3,52,1,1,3,7,hard-moderate
43,1,1,3,49,1,1,3,67,2,1,3,7,hard-moderate
64,2,0,3,28,1,0,3,29,2,1,3,7,hard-moderate
60,1,1,3,30,2,0,3,63,1,1,3,7,hard-moderate
25,1,0,3,67,2,0,3,40,1,0,3,7,hard-moderate
32,1,1,3,30,1,0,3,35,1,0,3,7,hard-moderate
61,1,1,3,28,1,0,3,40,1,1,3,7,hard-moderate
31,1,0,3,37,2,1,3,49,1,0,3,7,hard-moderate
29,1,0,3,43,1,1,3,69,2,0,3,7,hard-moderate
66,2,1,3,60,2,0,3,65,2,0,3,7,hard-moderate
43,1,1,3,47,1,0,3,40,1,1,3,7,hard-moderate
34,2,0,3,29,1,1,3,64,2,0,3,7,hard-moderate
30,1,0,3,32,2,0,3,48,2,1,3,7,hard-moderate
51,1,0,3,45,2,0,3,60,1,1,3,7,hard-moderate
34,1,1,3,28,2,0,3,38,2,0,3,7,hard-moderate
38,2,0,3,69,2,0,3,37,2,0,3,7,hard-moderate
47,1,1,3,39,1,0,3,63,2,1,3,7,hard-moderate
50,1,0,3,61,2,1,3,67,1,1,3,7,hard-moderate
36,1,1,3,44,2,1,3,45,2,0,3,7,hard-moderate
29,1,1,3,46,2,1,3,42,1,0,3,7,hard-moderate
41,2,0,3,27,2,1,3,38,2,1,3,7,hard-moderate
60,1,0,3,39,1,1,3,49,1,0,3,7,hard-moderate
27,2,1,3,63,1,0,3,51,1,0,3,7,hard-moderate
26,1,0,3,46,2,1,3,43,2,1,3,7,hard-moderate
63,2,0,3,47,1,1,3,26,2,0,3,7,hard-moderate
67,2,1,3,42,2,0,3,41,2,1,3,7,hard-moderate
28,1,0,3,29,1,0,3,45,2,1,3,7,hard-moderate
29,2,0,3,35,1,0,3,44,1,1,3,7,hard-moderate
59,1,0,3,37,2,1,3,30,2,0,3,7,hard-moderate
55,1,1,3,44,2,0,3,58,1,1,3,7,hard-moderate
68,2,1,3,66,1,0,3,47,2,0,3,7,hard-moderate
42,2,1,3,45,2,0,3,69,1,1,3,7,hard-moderate
56,2,0,3,69,1,0,3,56,1,0,3,7,hard-moderate
63,2,0,3,37,2,1,3,61,1,0,3,7,hard-moderate
46,2,1,3,46,2,1,3,30,1,0,3,7,hard-moderate
49,1,1,3,54,2,0,3,70,1,0,3,7,hard-moderate
38,1,1,3,54,2,0,3,27,1,0,3,7,hard-moderate
65,1,1,3,44,1,0,3,42,2,0,3,7,hard-moderate
61,2,1,3,31,2,0,3,39,2,0,3,7,hard-moderate
35,1,0,3,52,1,1,3,65,2,0,3,7,hard-moderate
49,2,0,3,31,2,1,3,44,1,0,3,7,hard-moderate
29,2,0,3,64,1,1,3,27,2,0,3,7,hard-moderate
35,2,0,3,34,1,0,3,34,2,1,3,7,hard-moderate
56,1,0,3,53,2,1,3,57,2,1,3,7,hard-moderate
48,1,1,3,35,1,1,3,63,2,0,3,7,hard-moderate
60,2,1,3,30,1,0,3,32,2,0,3,7,hard-moderate
66,2,0,3,39,1,0,3,59,1,0,3,7,hard-moderate
60,2,1,3,57,1,1,3,52,2,1,3,7,hard-moderate
37,1,0,3,42,2,1,3,43,2,0,3,7,hard-moderate
28,1,1,3,50,1,0,3,58,2,1,3,7,hard-moderate
44,1,1,3,40,2,1,3,42,1,1,3,7,hard-moderate
52,2,1,3,26,2,0,3,43,1,0,3,7,hard-moderate
61,2,1,3,45,1,1,3,70,2,1,3,7,hard-moderate
65,2,1,3,61,2,1,3,59,1,1,3,7,hard-moderate
53,2,0,3,60,2,1,3,35,1,0,3,7,hard-moderate
54,1,0,3,33,2,0,3,67,2,1,3,7,hard-moderate
50,2,1,3,36,2,1,3,25,2,0,3,7,hard-moderate
31,1,0,3,62,1,1,3,54,2,1,3,7,hard-moderate
33,2,0,3,51,1,1,3,53,2,0,3,7,hard-moderate
26,1,0,3,61,1,1,3,37,2,1,3,7,hard-moderate
60,1,0,3,50,2,0,3,43,1,0,3,7,hard-moderate
32,2,0,3,42,1,1,3,38,1,1,3,7,hard-moderate
54,1,1,3,55,2,1,3,59,1,0,3,7,hard-moderate
26,2,0,3,33,2,1,3,31,1,0,3,7,hard-moderate
44,2,1,3,37,2,0,3,31,1,1,3,7,hard-moderate
53,1,0,3,48,2,1,3,43,2,0,3,7,hard-moderate
48,1,0,3,68,2,0,3,36,1,1,3,7,hard-moderate
32,2,1,3,25,2,0,3,35,1,0,3,7,hard-moderate
50,1,0,3,49,1,1,3,66,1,1,3,7,hard-moderate
32,2,0,3,69,1,0,3,26,1,1,3,7,hard-moderate
68,1,0,3,68,2,0,3,50,2,0,3,7,hard-moderate
64,1,1,3,55,1,0,3,70,2,0,3,7,hard-moderate
51,2,0,3,29,2,1,3,67,1,0,3,7,hard-moderate
44,2,0,3,59,2,0,3,35,2,1,3,7,hard-moderate
65,1,0,3,29,1,1,3,52,2,1,3,7,hard-moderate
57,2,1,3,30,2,0,3,55,1,0,3,7,hard-moderate
54,2,1,3,65,1,0,3,56,2,1,3,7,hard-moderate
70,2,1,3,57,2,1,3,48,1,0,3,7,hard-moderate
48,1,1,3,52,2,0,3,33,2,1,3,7,hard-moderate
59,1,0,3,59,2,1,3,40,2,0,3,7,hard-moderate
63,2,1,3,43,2,0,3,38,2,1,3,7,hard-moderate
48,2,1,3,40,1,1,3,54,1,0,3,7,hard-moderate
42,1,1,3,64,2,1,3,68,1,0,3,7,hard-moderate
62,2,1,3,64,2,1,3,68,1,0,3,7,hard-moderate
56,2,1,3,45,1,0,3,61,1,0,3,7,hard-moderate
47,2,1,3,39,2,0,3,30,1,0,3,7,hard-moderate
37,2,0,3,36,1,0,3,49,2,1,3,7,hard-moderate
33,2,1,3,33,2,1,3,68,1,0,3,7,hard-moderate
62,2,0,3,38,2,1,3,33,2,1,3,7,hard-moderate
50,1,0,3,45,2,0,3,42,2,1,3,7,hard-moderate
37,2,1,3,63,2,0,3,63,2,0,3,7,hard-moderate
38,1,0,3,62,2,1,3,69,1,1,3,7,hard-moderate
37,2,0,3,60,2,1,3,30,1,1,3,7,hard-moderate
46,1,1,3,28,1,1,3,26,1,1,3,7,hard-moderate
25,1,1,3,28,2,0,3,54,2,0,3,7,hard-moderate
58,1,1,3,25,1,1,3,35,2,0,3,7,hard-moderate
65,1,1,3,69,2,1,3,59,2,0,3,7,hard-moderate
35,2,1,3,61,1,1,3,43,1,1,3,7,hard-moderate
35,1,1,3,65,1,0,3,43,2,0,3,7,hard-moderate
53,1,1,3,33,1,0,3,60,2,1,3,7,hard-moderate
68,2,1,3,50,2,1,3,53,2,0,3,7,hard-moderate
45,2,1,3,33,2,1,3,29,2,0,3,7,hard-moderate
29,2,1,3,55,2,0,3,26,1,0,3,7,hard-moderate
43,1,1,3,65,2,1,3,35,1,0,3,7,hard-moderate
55,1,0,3,48,2,0,3,39,2,0,3,7,hard-moderate
53,2,0,3,69,2,1,3,28,2,0,3,7,hard-moderate
60,2,1,3,64,1,1,3,70,1,0,3,7,hard-moderate
39,2,1,3,35,2,0,3,68,2,0,3,7,hard-moderate
35,2,1,3,43,2,0,3,33,1,1,3,7,hard-moderate
55,1,1,3,31,2,0,3,47,1,1,3,7,hard-moderate
61,1,1,3,43,2,1,3,25,1,1,3,7,hard-moderate
68,2,0,3,29,1,1,3,31,1,1,3,7,hard-moderate
57,1,0,3,38,1,0,3,53,2,0,3,7,hard-moderate
61,2,0,3,33,1,1,3,54,1,1,3,7,hard-moderate
68,2,0,3,68,2,0,3,36,1,1,3,7,hard-moderate
50,2,1,3,48,2,1,3,46,2,1,3,7,hard-moderate
33,2,0,3,58,2,1,3,54,1,1,3,7,hard-moderate
49,2,0,3,29,2,0,3,49,1,0,3,7,hard-moderate
37,2,1,3,49,2,1,3,52,1,0,3,7,hard-moderate
45,1,0,3,30,1,0,3,66,2,0,3,7,hard-moderate
37,1,0,3,39,1,1,3,25,2,1,3,7,hard-moderate
27,1,1,3,49,2,0,3,66,1,1,3,7,hard-moderate
55,1,0,3,51,2,1,3,32,2,1,3,7,hard-moderate
48,1,0,3,25,1,0,3,51,1,1,3,7,hard-moderate
32,1,1,3,52,2,1,3,55,1,0,3,7,hard-moderate
30,1,1,3,65,1,1,3,30,2,1,3,7,hard-moderate
38,1,0,3,53,1,1,3,27,2,0,3,7,hard-moderate
38,1,1,3,25,2,1,3,53,1,0,3,7,hard-moderate
39,2,0,3,57,1,0,3,62,2,1,3,7,hard-moderate
61,1,1,3,27,1,1,3,25,1,1,3,7,hard-moderate
67,1,1,3,63,1,1,3,68,2,1,3,7,hard-moderate
65,1,0,3,37,2,0,3,65,2,1,3,7,hard-moderate
38,2,1,3,70,2,1,3,51,2,0,3,7,hard-moderate
66,1,1,3,69,1,1,3,27,2,0,3,7,hard-moderate
65,1,1,3,31,2,1,3,66,1,0,3,7,hard-moderate
32,2,1,3,47,2,0,3,67,2,1,3,7,hard-moderate
70,2,1,3,59,2,0,3,51,1,0,3,7,hard-moderate
43,1,0,3,35,2,1,3,46,1,1,3,7,hard-moderate
58,2,0,3,44,1,0,3,45,1,0,3,7,hard-moderate
25,2,1,3,70,2,1,3,44,1,1,3,7,hard-moderate
58,1,0,3,46,1,1,3,27,1,1,3,7,hard-moderate
30,1,1,3,62,2,0,3,50,2,0,3,7,hard-moderate
46,1,1,3,55,1,0,3,42,1,1,3,7,hard-moderate
55,1,1,3,64,2,1,3,67,2,1,3,7,hard-moderate
34,2,1,3,27,2,1,3,66,2,1,3,7,hard-moderate
59,2,1,3,69,1,0,3,28,2,1,3,7,hard-moderate
27,2,0,3,37,1,0,3,65,1,1,3,7,hard-moderate
56,2,1,3,65,1,1,3,32,2,0,3,7,hard-moderate
61,1,0,3,25,2,1,3,28,1,0,3,7,hard-moderate
30,1,0,3,70,1,0,3,34,2,1,3,7,hard-moderate
30,1,0,3,53,1,1,3,33,2,1,3,7,hard-moderate
58,2,1,3,55,1,1,3,59,1,1,3,7,hard-moderate
38,2,1,3,42,1,0,3,44,2,0,3,7,hard-moderate
46,2,1,3,46,2,1,3,64,2,0,3,7,hard-moderate
65,1,0,3,44,1,0,3,61,2,0,3,7,hard-moderate
43,1,0,3,30,1,0,3,32,1,0,3,7,hard-moderate
56,2,0,3,40,1,1,3,43,2,1,3,7,hard-moderate
55,1,1,3,55,1,0,3,45,2,1,3,7,hard-moderate
36,2,1,3,66,1,0,3,57,1,1,3,7,hard-moderate
68,1,1,3,56,1,1,3,59,1,0,3,7,hard-moderate
36,1,0,3,46,2,0,3,34,2,1,3,7,hard-moderate
56,2,0,3,55,1,1,3,70,1,0,3,7,hard-moderate
38,2,1,3,67,1,0,3,65,2,0,3,7,hard-moderate
31,1,1,3,30,2,1,3,26,1,0,3,7,hard-moderate
66,1,1,3,36,1,0,3,36,2,1,3,7,hard-moderate
43,1,1,3,60,1,0,3,30,2,1,3,7,hard-moderate
33,1,1,3,62,2,1,3,68,2,0,3,7,hard-moderate
33,1,0,3,38,2,0,3,52,2,0,3,7,hard-moderate
68,1,0,3,41,2,0,3,62,1,0,3,7,hard-moderate
62,2,0,3,67,2,1,3,61,2,0,3,7,hard-moderate
41,1,0,3,43,1,1,3,45,1,0,3,7,hard-moderate
28,2,1,3,61,1,1,3,58,1,0,3,7,hard-moderate
33,1,1,3,29,2,0,3,55,1,0,3,7,hard-moderate
48,1,0,3,28,1,1,3,45,1,1,3,7,hard-moderate
48,1,1,3,47,2,0,3,37,1,0,3,7,hard-moderate
36,1,1,3,25,1,0,3,27,2,0,3,7,hard-moderate
30,1,0,3,50,1,0,3,36,2,1,3,7,hard-moderate
48,2,1,3,30,1,1,3,64,2,0,3,7,hard-moderate
63,2,1,3,66,1,0,3,59,2,0,3,7,hard-moderate
69,1,0,3,36,1,1,3,70,2,0,3,7,hard-moderate
52,2,1,3,35,1,0,3,58,2,1,3,7,hard-moderate
65,2,1,3,53,2,1,3,41,1,1,3,7,hard-moderate
25,2,1,3,31,2,1,3,63,2,1,3,7,hard-moderate
68,1,1,3,48,2,1,3,51,2,1,3,7,hard-moderate
51,2,1,3,26,1,1,3,37,1,1,3,7,hard-moderate
51,1,0,3,43,2,0,3,45,1,0,3,7,hard-moderate
56,2,1,3,28,2,1,3,49,2,1,3,7,hard-moderate
66,2,1,3,40,2,0,3,39,2,0,3,7,hard-moderate
49,2,0,3,62,2,0,3,64,2,0,3,7,hard-moderate
63,1,1,3,27,2,0,3,55,1,0,3,7,hard-moderate
32,1,0,3,43,2,1,3,61,2,0,3,7,hard-moderate
65,1,0,3,31,1,0,3,60,2,1,3,7,hard-moderate
47,1,0,3,64,1,1,3,55,2,0,3,7,hard-moderate
53,1,1,3,37,1,1,3,36,2,0,3,7,hard-moderate
52,1,0,3,37,2,0,3,54,2,1,3,7,hard-moderate
62,2,0,3,29,2,0,3,26,2,0,3,7,hard-moderate
27,1,0,3,57,2,1,3,46,2,0,3,7,hard-moderate
44,1,1,3,67,2,0,3,26,2,0,3,7,hard-moderate
57,2,1,3,38,2,1,3,51,1,0,3,7,hard-moderate
51,2,0,3,50,1,1,3,28,1,1,3,7,hard-moderate
45,1,0,3,36,2,1,3,68,1,0,3,7,hard-moderate
56,1,1,3,63,2,1,3,51,1,0,3,7,hard-moderate
27,1,1,3,67,1,0,3,64,1,1,3,7,hard-moderate
29,2,0,3,36,2,0,3,29,1,1,3,7,hard-moderate
64,2,1,3,44,2,0,3,49,2,1,3,7,hard-moderate
51,2,0,3,57,1,1,3,55,1,0,3,7,hard-moderate
51,2,1,3,69,1,0,3,60,2,0,3,7,hard-moderate
41,2,1,3,67,2,0,3,55,2,0,3,7,hard-moderate
67,1,0,3,65,2,0,3,37,1,1,3,7,hard-moderate
58,1,1,3,44,1,1,3,29,1,0,3,7,hard-moderate
34,2,1,3,66,1,0,3,51,2,1,3,7,hard-moderate
49,1,1,3,43,2,1,3,58,2,1,3,7,hard-moderate
34,1,1,3,29,1,1,3,42,1,0,3,7,hard-moderate
33,1,0,3,33,1,1,3,66,2,0,3,7,hard-moderate
68,2,1,3,59,2,0,3,41,2,0,3,7,hard-moderate
59,1,0,3,69,2,0,3,50,2,1,3,7,hard-moderate
58,1,1,3,29,2,1,3,38,2,0,3,7,hard-moderate
43,2,0,3,50,2,0,3,31,1,1,3,7,hard-moderate
35,2,0,3,56,2,0,3,68,1,1,3,7,hard-moderate
67,1,1,3,62,2,0,3,58,2,0,3,7,hard-moderate
44,2,0,3,38,2,1,3,34,1,1,3,7,hard-moderate
35,1,1,3,63,2,0,3,43,2,1,3,7,hard-moderate
63,2,1,3,59,1,1,3,42,1,0,3,7,hard-moderate
41,2,0,3,46,1,1,3,65,2,1,3,7,hard-moderate
70,2,0,3,57,2,0,3,52,2,1,3,7,hard-moderate
59,2,1,3,26,1,1,3,70,1,0,3,7,hard-moderate
33,2,0,3,51,2,1,3,27,2,1,3,7,hard-moderate
33,2,0,3,38,2,0,3,60,2,0,3,7,hard-moderate
58,2,0,3,62,2,0,3,67,2,1,3,7,hard-moderate
64,2,1,3,28,2,1,3,45,2,0,3,7,hard-moderate
32,2,0,3,58,2,1,3,49,1,0,3,7,hard-moderate
27,2,0,3,39,1,1,3,28,2,0,3,7,hard-moderate
51,1,0,3,66,1,1,3,25,1,0,3,7,hard-moderate
68,2,1,3,45,2,0,3,54,2,0,3,7,hard-moderate
63,1,1,3,52,2,0,3,53,1,0,3,7,hard-moderate
40,1,1,3,44,2,1,3,38,2,1,3,7,hard-moderate
65,1,0,3,47,2,0,3,31,1,0,3,7,hard-moderate
25,2,0,3,46,1,1,3,59,1,0,3,7,hard-moderate
32,2,0,3,47,1,1,3,60,2,0,3,7,hard-moderate
61,2,0,3,37,1,1,3,59,2,1,3,7,hard-moderate
60,1,0,3,47,1,0,3,33,1,0,3,7,hard-moderate
68,2,0,3,25,1,0,3,68,2,1,3,7,hard-moderate
39,1,0,3,29,2,1,3,35,1,0,3,7,hard-moderate
53,1,0,3,59,1,0,3,43,1,0,3,7,hard-moderate
29,1,1,3,58,2,0,3,59,1,0,3,7,hard-moderate
36,2,1,3,28,2,1,3,38,1,1,3,7,hard-moderate
28,1,1,3,33,2,1,3,48,1,1,3,7,hard-moderate
43,1,1,3,51,2,1,3,28,2,1,3,7,hard-moderate
36,2,1,3,57,2,0,3,40,2,0,3,7,hard-moderate
27,1,0,3,34,1,1,3,61,2,1,3,7,hard-moderate
63,1,0,3,64,1,1,3,38,2,0,3,7,hard-moderate
32,2,0,3,46,2,0,3,25,1,0,3,8,hard-high
50,2,0,3,38,2,0,3,30,1,0,3,8,hard-high
43,2,0,3,49,1,0,3,33,1,0,3,8,hard-high
30,1,0,3,35,1,0,3,50,2,0,3,8,hard-high
31,1,0,3,43,1,0,3,24,1,0,3,8,hard-high
26,1,0,3,32,1,0,3,20,1,0,3,8,hard-high
34,1,0,3,59,2,0,3,49,2,0,3,8,hard-high
34,2,0,3,24,1,0,3,21,2,0,3,8,hard-high
38,2,0,3,54,2,0,3,60,2,0,3,8,hard-high
49,2,0,3,26,1,0,3,46,2,0,3,8,hard-high
45,1,0,3,21,2,0,3,48,1,0,3,8,hard-high
60,2,0,3,56,1,0,3,25,1,0,3,8,hard-high
47,2,0,3,33,1,0,3,56,1,0,3,8,hard-high
58,1,0,3,42,2,0,3,38,1,0,3,8,hard-high
50,2,0,3,39,1,0,3,33,1,0,3,8,hard-high
39,2,0,3,40,1,0,3,45,1,0,3,8,hard-high
53,2,0,3,55,2,0,3,22,2,0,3,8,hard-high
39,1,0,3,22,2,0,3,59,2,0,3,8,hard-high
43,2,0,3,53,1,0,3,60,2,0,3,8,hard-high
51,1,0,3,42,2,0,3,59,2,0,3,8,hard-high
33,1,0,3,45,2,0,3,31,1,0,3,8,hard-high
59,2,0,3,56,2,0,3,27,2,0,3,8,hard-high
59,1,0,3,33,2,0,3,24,1,0,3,8,hard-high
35,1,0,3,34,1,0,3,56,2,0,3,8,hard-high
21,1,0,3,59,1,0,3,23,2,0,3,8,hard-high
35,2,0,3,45,2,0,3,33,2,0,3,8,hard-high
47,2,0,3,45,2,0,3,42,2,0,3,8,hard-high
25,2,0,3,40,1,0,3,45,2,0,3,8,hard-high
25,2,0,3,40,2,0,3,55,2,0,3,8,hard-high
44,1,0,3,43,1,0,3,33,1,0,3,8,hard-high
50,1,0,3,38,1,0,3,50,2,0,3,8,hard-high
53,2,0,3,23,2,0,3,29,1,0,3,8,hard-high
32,2,0,3,21,1,0,3,50,1,0,3,8,hard-high
24,2,0,3,22,2,0,3,57,1,0,3,8,hard-high
39,2,0,3,22,1,0,3,50,2,0,3,8,hard-high
29,2,0,3,51,1,0,3,40,2,0,3,8,hard-high
53,1,0,3,34,1,0,3,50,1,0,3,8,hard-high
51,1,0,3,24,1,0,3,43,2,0,3,8,hard-high
20,1,0,3,26,1,0,3,28,2,0,3,8,hard-high
52,2,0,3,37,1,0,3,31,1,0,3,8,hard-high
36,1,0,3,26,1,0,3,50,1,0,3,8,hard-high
41,1,0,3,31,1,0,3,53,2,0,3,8,hard-high
42,2,0,3,39,1,0,3,29,1,0,3,8,hard-high
43,1,0,3,53,2,0,3,31,1,0,3,8,hard-high
42,1,0,3,39,2,0,3,22,2,0,3,8,hard-high
32,1,0,3,50,2,0,3,25,1,0,3,8,hard-high
35,1,0,3,52,2,0,3,52,1,0,3,8,hard-high
37,2,0,3,33,1,0,3,44,1,0,3,8,hard-high
45,2,0,3,53,2,0,3,31,1,0,3,8,hard-high
34,2,0,3,44,2,0,3,27,2,0,3,8,hard-high
21,2,0,3,54,2,0,3,60,2,0,3,8,hard-high
58,1,0,3,26,1,0,3,21,1,0,3,8,hard-high
20,1,0,3,48,1,0,3,37,1,0,3,8,hard-high
46,2,0,3,53,1,0,3,30,1,0,3,8,hard-high
43,1,0,3,52,1,0,3,60,2,0,3,8,hard-high
27,2,0,3,57,2,0,3,51,2,0,3,8,hard-high
60,1,0,3,34,1,0,3,60,1,0,3,8,hard-high
31,2,0,3,60,2,0,3,53,1,0,3,8,hard-high
49,1,0,3,41,1,0,3,25,1,0,3,8,hard-high
59,1,0,3,40,1,0,3,60,1,0,3,8,hard-high
28,1,0,3,25,1,0,3,24,2,0,3,8,hard-high
57,1,0,3,31,2,0,3,33,1,0,3,8,hard-high
21,1,0,3,44,1,0,3,27,2,0,3,8,hard-high
26,1,0,3,44,1,0,3,20,2,0,3,8,hard-high
59,1,0,3,30,2,0,3,24,2,0,3,8,hard-high
21,2,0,3,35,2,0,3,29,1,0,3,8,hard-high
26,2,0,3,53,1,0,3,34,2,0,3,8,hard-high
32,1,0,3,20,1,0,3,32,2,0,3,8,hard-high
20,1,0,3,25,2,0,3,36,1,0,3,8,hard-high
55,2,0,3,47,1,0,3,53,1,0,3,8,hard-high
50,1,0,3,57,1,0,3,57,1,0,3,8,hard-high
32,2,0,3,42,2,0,3,21,2,0,3,8,hard-high
27,2,0,3,52,2,0,3,48,1,0,3,8,hard-high
46,1,0,3,57,1,0,3,28,1,0,3,8,hard-high
51,2,0,3,39,1,0,3,55,2,0,3,8,hard-high
36,1,0,3,45,1,0,3,25,2,0,3,8,hard-high
37,2,0,3,24,1,0,3,45,2,0,3,8,hard-high
23,1,0,3,26,2,0,3,37,1,0,3,8,hard-high
27,2,0,3,42,2,0,3,43,2,0,3,8,hard-high
58,2,0,3,43,1,0,3,51,1,0,3,8,hard-high
27,1,0,3,47,1,0,3,27,2,0,3,8,hard-high
59,1,0,3,56,1,0,3,51,2,0,3,8,hard-high
30,1,0,3,43,2,0,3,36,1,0,3,8,hard-high
48,1,0,3,21,2,0,3,32,2,0,3,8,hard-high
39,2,0,3,28,2,0,3,24,2,0,3,8,hard-high
26,1,0,3,31,1,0,3,60,2,0,3,8,hard-high
33,2,0,3,21,1,0,3,21,1,0,3,8,hard-high
23,1,0,3,39,1,0,3,26,2,0,3,8,hard-high
51,1,0,3,41,1,0,3,45,1,0,3,8,hard-high
53,2,0,3,39,1,0,3,47,1,0,3,8,hard-high
28,2,0,3,52,2,0,3,25,1,0,3,8,hard-high
28,1,0,3,30,2,0,3,47,2,0,3,8,hard-high
47,2,0,3,51,1,0,3,27,1,0,3,8,hard-high
25,1,0,3,58,2,0,3,20,2,0,3,8,hard-high
57,1,0,3,55,2,0,3,27,1,0,3,8,hard-high
30,1,0,3,38,1,0,3,39,2,0,3,8,hard-high
37,1,0,3,35,1,0,3,57,2,0,3,8,hard-high
55,2,0,3,25,2,0,3,25,2,0,3,8,hard-high
46,2,0,3,34,1,0,3,23,1,0,3,8,hard-high
39,2,0,3,50,1,0,3,52,1,0,3,8,hard-high
40,1,0,3,46,1,0,3,28,2,0,3,8,hard-high
54,2,0,3,59,1,0,3,32,1,0,3,8,hard-high
53,1,0,3,33,2,0,3,29,1,0,3,8,hard-high
39,1,0,3,33,1,0,3,39,2,0,3,8,hard-high
34,1,0,3,40,2,0,3,52,2,0,3,8,hard-high
44,2,0,3,35,1,0,3,57,2,0,3,8,hard-high
44,1,0,3,43,1,0,3,24,2,0,3,8,hard-high
23,2,0,3,58,1,0,3,60,2,0,3,8,hard-high
23,2,0,3,54,1,0,3,41,2,0,3,8,hard-high
25,2,0,3,27,1,0,3,53,1,0,3,8,hard-high
39,2,0,3,35,2,0,3,29,2,0,3,8,hard-high
39,1,0,3,46,2,0,3,59,2,0,3,8,hard-high
47,1,0,3,36,2,0,3,23,2,0,3,8,hard-high
29,2,0,3,60,1,0,3,28,1,0,3,8,hard-high
26,1,0,3,26,1,0,3,34,1,0,3,8,hard-high
20,1,0,3,51,2,0,3,50,2,0,3,8,hard-high
27,1,0,3,28,1,0,3,48,1,0,3,8,hard-high
59,2,0,3,46,2,0,3,59,2,0,3,8,hard-high
22,1,0,3,43,2,0,3,48,1,0,3,8,hard-high
49,1,0,3,33,1,0,3,28,2,0,3,8,hard-high
35,2,0,3,29,2,0,3,23,1,0,3,8,hard-high
20,1,0,3,41,1,0,3,31,2,0,3,8,hard-high
43,2,0,3,20,2,0,3,23,2,0,3,8,hard-high
51,1,0,3,23,1,0,3,28,2,0,3,8,hard-high
45,1,0,3,35,1,0,3,39,2,0,3,8,hard-high
52,2,0,3,35,2,0,3,37,2,0,3,8,hard-high
28,1,0,3,53,2,0,3,30,2,0,3,8,hard-high
55,1,0,3,28,2,0,3,34,2,0,3,8,hard-high
24,2,0,3,47,2,0,3,36,1,0,3,8,hard-high
35,1,0,3,36,2,0,3,42,1,0,3,8,hard-high
54,2,0,3,36,1,0,3,23,1,0,3,8,hard-high
33,1,0,3,25,1,0,3,26,2,0,3,8,hard-high
28,1,0,3,25,1,0,3,50,1,0,3,8,hard-high
34,2,0,3,34,1,0,3,34,1,0,3,8,hard-high
53,2,0,3,49,2,0,3,43,2,0,3,8,hard-high
45,2,0,3,23,2,0,3,33,2,0,3,8,hard-high
59,2,0,3,44,1,0,3,38,1,0,3,8,hard-high
42,1,0,3,31,1,0,3,33,2,0,3,8,hard-high
58,1,0,3,20,1,0,3,56,2,0,3,8,hard-high
48,1,0,3,24,2,0,3,48,1,0,3,8,hard-high
24,1,0,3,45,1,0,3,35,1,0,3,8,hard-high
58,1,0,3,58,2,0,3,28,1,0,3,8,hard-high
39,2,0,3,33,1,0,3,40,2,0,3,8,hard-high
36,1,0,3,26,1,0,3,50,1,0,3,8,hard-high
21,2,0,3,45,2,0,3,35,1,0,3,8,hard-high
20,1,0,3,54,2,0,3,41,2,0,3,8,hard-high
21,2,0,3,48,2,0,3,55,1,0,3,8,hard-high
35,2,0,3,58,2,0,3,49,2,0,3,8,hard-high
46,2,0,3,33,1,0,3,38,2,0,3,8,hard-high
33,2,0,3,28,2,0,3,20,1,0,3,8,hard-high
55,1,0,3,51,2,0,3,37,2,0,3,8,hard-high
38,1,0,3,22,2,0,3,50,2,0,3,8,hard-high
37,2,0,3,55,2,0,3,26,2,0,3,8,hard-high
42,2,0,3,22,2,0,3,25,1,0,3,8,hard-high
58,2,0,3,22,2,0,3,34,1,0,3,8,hard-high
42,2,0,3,26,2,0,3,45,2,0,3,8,hard-high
56,1,0,3,50,2,0,3,31,2,0,3,8,hard-high
29,2,0,3,56,1,0,3,58,1,0,3,8,hard-high
41,1,0,3,35,1,0,3,44,2,0,3,8,hard-high
58,2,0,3,41,1,0,3,22,1,0,3,8,hard-high
29,2,0,3,29,1,0,3,20,2,0,3,8,hard-high
56,1,0,3,51,1,0,3,33,1,0,3,8,hard-high
57,2,0,3,23,1,0,3,30,2,0,3,8,hard-high
38,1,0,3,41,2,0,3,25,1,0,3,8,hard-high
24,2,0,3,34,2,0,3,25,2,0,3,8,hard-high
58,2,0,3,32,1,0,3,37,2,0,3,8,hard-high
43,1,0,3,20,2,0,3,38,1,0,3,8,hard-high
37,2,0,3,35,1,0,3,38,2,0,3,8,hard-high
34,1,0,3,43,1,0,3,28,1,0,3,8,hard-high
48,2,0,3,39,1,0,3,30,1,0,3,8,hard-high
33,2,0,3,43,1,0,3,33,1,0,3,8,hard-high
42,2,0,3,22,2,0,3,22,1,0,3,8,hard-high
54,1,0,3,50,2,0,3,27,1,0,3,8,hard-high
20,2,0,3,56,1,0,3,34,2,0,3,8,hard-high
26,2,0,3,35,2,0,3,47,2,0,3,8,hard-high
58,1,0,3,53,2,0,3,42,2,0,3,8,hard-high
49,1,0,3,38,2,0,3,40,2,0,3,8,hard-high
45,2,0,3,36,2,0,3,22,2,0,3,8,hard-high
47,2,0,3,59,1,0,3,25,2,0,3,8,hard-high
48,2,0,3,40,1,0,3,22,1,0,3,8,hard-high
26,2,0,3,34,1,0,3,31,2,0,3,8,hard-high
59,1,0,3,22,1,0,3,20,1,0,3,8,hard-high
38,2,0,3,26,1,0,3,52,1,0,3,8,hard-high
59,1,0,3,24,1,0,3,29,2,0,3,8,hard-high
44,2,0,3,43,2,0,3,40,1,0,3,8,hard-high
49,2,0,3,55,1,0,3,35,2,0,3,8,hard-high
35,2,0,3,34,1,0,3,20,2,0,3,8,hard-high
47,2,0,3,38,1,0,3,40,1,0,3,8,hard-high
39,1,0,3,24,2,0,3,47,2,0,3,8,hard-high
55,1,0,3,30,2,0,3,58,2,0,3,8,hard-high
53,2,0,3,38,2,0,3,20,2,0,3,8,hard-high
23,2,0,3,37,2,0,3,22,2,0,3,8,hard-high
58,2,0,3,41,1,0,3,24,2,0,3,8,hard-high
55,2,0,3,46,1,0,3,35,2,0,3,8,hard-high
23,1,0,3,52,1,0,3,30,2,0,3,8,hard-high
59,2,0,3,54,1,0,3,50,1,0,3,8,hard-high
32,1,0,3,40,1,0,3,48,2,0,3,8,hard-high
34,2,0,3,39,1,0,3,51,2,0,3,8,hard-high
59,2,0,3,46,1,0,3,26,1,0,3,8,hard-high
59,1,0,3,57,1,0,3,30,1,0,3,8,hard-high
52,2,0,3,48,2,0,3,24,1,0,3,8,hard-high
52,2,0,3,57,2,0,3,31,2,0,3,8,hard-high
54,1,0,3,52,2,0,3,53,1,0,3,8,hard-high
30,1,0,3,37,1,0,3,23,2,0,3,8,hard-high
43,2,0,3,42,2,0,3,46,1,0,3,8,hard-high
25,2,0,3,60,1,0,3,32,2,0,3,8,hard-high
35,1,0,3,23,2,0,3,33,2,0,3,8,hard-high
22,2,0,3,25,1,0,3,31,1,0,3,8,hard-high
32,1,0,3,44,2,0,3,35,1,0,3,8,hard-high
29,1,0,3,52,2,0,3,26,2,0,3,8,hard-high
45,1,0,3,22,2,0,3,51,1,0,3,8,hard-high
52,2,0,3,27,2,0,3,47,2,0,3,8,hard-high
41,1,0,3,26,2,0,3,58,1,0,3,8,hard-high
46,1,0,3,41,2,0,3,28,1,0,3,8,hard-high
28,1,0,3,21,1,0,3,60,2,0,3,8,hard-high
55,1,0,3,54,2,0,3,48,2,0,3,8,hard-high
46,1,0,3,25,2,0,3,29,2,0,3,8,hard-high
25,1,0,3,51,2,0,3,22,2,0,3,8,hard-high
48,2,0,3,43,1,0,3,23,1,0,3,8,hard-high
51,1,0,3,36,2,0,3,39,2,0,3,8,hard-high
46,1,0,3,54,2,0,3,60,2,0,3,8,hard-high
56,1,0,3,43,1,0,3,50,1,0,3,8,hard-high
55,1,0,3,28,1,0,3,21,2,0,3,8,hard-high
20,1,0,3,24,2,0,3,21,1,0,3,8,hard-high
56,2,0,3,60,1,0,3,35,2,0,3,8,hard-high
34,1,0,3,38,2,0,3,38,1,0,3,8,hard-high
33,2,0,3,39,1,0,3,42,2,0,3,8,hard-high
41,2,0,3,39,2,0,3,31,2,0,3,8,hard-high
40,2,0,3,23,1,0,3,38,1,0,3,8,hard-high
44,1,0,3,53,1,0,3,52,2,0,3,8,hard-high
44,1,0,3,47,1,0,3,29,2,0,3,8,hard-high
36,2,0,3,26,1,0,3,47,1,0,3,8,hard-high
28,2,0,3,26,1,0,3,42,1,0,3,8,hard-high
55,1,0,3,38,2,0,3,29,2,0,3,8,hard-high
60,2,0,3,22,2,0,3,58,2,0,3,8,hard-high
41,2,0,3,43,2,0,3,39,2,0,3,8,hard-high
23,2,0,3,44,1,0,3,39,1,0,3,8,hard-high
42,1,0,3,35,2,0,3,57,1,0,3,8,hard-high
34,2,0,3,38,2,0,3,42,2,0,3,8,hard-high
34,2,0,3,49,2,0,3,41,1,0,3,8,hard-high
24,1,0,3,33,1,0,3,45,1,0,3,8,hard-high
41,1,0,3,54,1,0,3,51,1,0,3,8,hard-high
54,2,0,3,25,2,0,3,24,1,0,3,8,hard-high
50,1,0,3,21,2,0,3,55,2,0,3,8,hard-high
60,1,0,3,59,1,0,3,21,2,0,3,8,hard-high
20,2,0,3,50,1,0,3,34,2,0,3,8,hard-high
40,2,0,3,41,1,0,3,56,1,0,3,8,hard-high
36,1,0,3,31,1,0,3,38,2,0,3,8,hard-high
21,1,0,3,43,2,0,3,38,2,0,3,8,hard-high
37,2,0,3,33,1,0,3,44,1,0,3,8,hard-high
29,2,0,3,48,1,0,3,55,2,0,3,8,hard-high
40,2,0,3,39,1,0,3,55,1,0,3,8,hard-high
21,1,0,3,59,1,0,3,43,2,0,3,8,hard-high
23,1,0,3,26,2,0,3,32,1,0,3,8,hard-high
43,1,0,3,48,1,0,3,22,1,0,3,8,hard-high
54,1,0,3,29,2,0,3,60,1,0,3,8,hard-high
24,2,0,3,37,2,0,3,24,1,0,3,8,hard-high
55,2,0,3,37,2,0,3,48,2,0,3,8,hard-high
20,1,0,3,31,2,0,3,22,1,0,3,8,hard-high
28,2,0,3,33,2,0,3,43,1,0,3,8,hard-high
40,2,0,3,38,1,0,3,52,2,0,3,8,hard-high
46,2,0,3,54,2,0,3,54,2,0,3,8,hard-high
21,2,0,3,35,1,0,3,43,1,0,3,8,hard-high
33,1,0,3,34,1,0,3,33,2,0,3,8,hard-high
50,1,0,3,47,2,0,3,23,2,0,3,8,hard-high
57,2,0,3,45,2,0,3,41,2,0,3,8,hard-high
27,2,0,3,46,1,0,3,57,2,0,3,8,hard-high
24,1,0,3,55,1,0,3,45,2,0,3,8,hard-high
59,2,0,3,47,1,0,3,28,2,0,3,8,hard-high
24,2,0,3,57,2,0,3,37,1,0,3,8,hard-high
49,1,0,3,37,2,0,3,58,1,0,3,8,hard-high
48,2,0,3,55,1,0,3,39,1,0,3,8,hard-high
21,1,0,3,29,2,0,3,28,1,0,3,8,hard-high
28,2,0,3,37,2,0,3,40,1,0,3,8,hard-high
43,1,0,3,39,2,0,3,36,1,0,3,8,hard-high
26,1,0,3,54,2,0,3,55,1,0,3,8,hard-high
35,1,0,3,51,1,0,3,24,2,0,3,8,hard-high
50,1,0,3,36,1,0,3,29,1,0,3,8,hard-high
51,2,0,3,43,1,0,3,52,2,0,3,8,hard-high
47,1,0,3,28,1,0,3,40,2,0,3,8,hard-high
56,1,0,3,29,1,0,3,44,1,0,3,8,hard-high
56,1,0,3,36,1,0,3,38,2,0,3,8,hard-high
40,1,0,3,35,2,0,3,38,1,0,3,8,hard-high
34,2,0,3,44,1,0,3,32,2,0,3,8,hard-high
23,1,0,3,33,2,0,3,33,2,0,3,8,hard-high
43,1,0,3,24,2,0,3,36,1,0,3,8,hard-high
42,2,0,3,25,1,0,3,52,1,0,3,8,hard-high
47,1,0,3,30,2,0,3,30,2,0,3,8,hard-high
39,1,0,3,49,1,0,3,28,2,0,3,8,hard-high
38,2,0,3,32,2,0,3,31,1,0,3,8,hard-high
57,1,0,3,37,2,0,3,24,1,0,3,8,hard-high
55,2,0,3,44,2,0,3,37,2,0,3,8,hard-high
59,1,0,3,41,2,0,3,43,1,0,3,8,hard-high
48,2,0,3,58,1,0,3,44,2,0,3,8,hard-high
39,1,0,3,45,2,0,3,25,1,0,3,8,hard-high
45,1,0,3,33,2,0,3,60,2,0,3,8,hard-high
32,1,0,3,60,1,0,3,34,2,0,3,8,hard-high
31,2,0,3,48,2,0,3,22,1,0,3,8,hard-high
22,2,0,3,51,1,0,3,43,1,0,3,8,hard-high
51,1,0,3,46,2,0,3,36,2,0,3,8,hard-high
29,2,0,3,50,2,0,3,21,2,0,3,8,hard-high
48,1,0,3,39,2,0,3,54,1,0,3,8,hard-high
44,2,0,3,43,1,0,3,59,2,0,3,8,hard-high
51,1,0,3,48,2,0,3,50,1,0,3,8,hard-high
32,2,0,3,48,1,0,3,24,1,0,3,8,hard-high
23,1,0,3,22,1,0,3,38,1,0,3,8,hard-high
53,1,0,3,22,2,0,3,55,2,0,3,8,hard-high
30,2,0,3,56,1,0,3,45,1,0,3,8,hard-high
42,1,0,3,27,2,0,3,40,1,0,3,8,hard-high
47,2,0,3,28,1,0,3,28,2,0,3,8,hard-high
45,1,0,3,50,2,0,3,42,1,0,3,8,hard-high
50,1,0,3,32,1,0,3,54,1,0,3,8,hard-high
42,2,0,3,50,2,0,3,43,2,0,3,8,hard-high
52,1,0,3,37,1,0,3,41,1,0,3,8,hard-high
42,2,0,3,25,1,0,3,56,2,0,3,8,hard-high
51,1,0,3,59,1,0,3,43,1,0,3,8,hard-high
38,2,0,3,48,1,0,3,39,2,0,3,8,hard-high
51,1,0,3,36,1,0,3,21,1,0,3,8,hard-high
39,1,0,3,39,1,0,3,50,2,0,3,8,hard-high
48,2,0,3,42,2,0,3,21,2,0,3,8,hard-high
41,1,0,3,56,2,0,3,24,2,0,3,8,hard-high
32,2,0,3,58,1,0,3,37,2,0,3,8,hard-high
23,2,0,3,52,1,0,3,29,1,0,3,8,hard-high
30,1,0,3,52,2,0,3,44,2,0,3,8,hard-high
39,2,0,3,29,1,0,3,22,2,0,3,8,hard-high
58,2,0,3,47,1,0,3,55,2,0,3,8,hard-high
59,2,0,3,51,2,0,3,37,1,0,3,8,hard-high
28,2,0,3,37,1,0,3,52,2,0,3,8,hard-high
28,1,0,3,55,1,0,3,28,1,0,3,8,hard-high
35,1,0,3,24,1,0,3,44,2,0,3,8,hard-high
52,2,0,3,32,1,0,3,51,1,0,3,8,hard-high
56,2,0,3,37,2,0,3,44,2,0,3,8,hard-high
59,1,0,3,54,2,0,3,53,2,0,3,8,hard-high
35,1,0,3,38,2,0,3,31,2,0,3,8,hard-high
60,2,0,3,30,1,0,3,38,1,0,3,8,hard-high
30,1,0,3,44,2,0,3,29,1,0,3,8,hard-high
25,2,0,3,36,1,0,3,30,1,0,3,8,hard-high
52,2,0,3,41,2,0,3,40,2,0,3,8,hard-high
50,1,0,3,40,2,0,3,34,1,0,3,8,hard-high
49,2,0,3,42,1,0,3,37,2,0,3,8,hard-high
21,1,0,3,38,2,0,3,55,2,0,3,8,hard-high
41,2,0,3,53,2,0,3,35,2,0,3,8,hard-high
35,1,0,3,34,2,0,3,37,2,0,3,8,hard-high
43,1,0,3,28,2,0,3,42,2,0,3,8,hard-high
46,1,0,3,60,1,0,3,42,2,0,3,8,hard-high
45,1,0,3,26,1,0,3,36,1,0,3,8,hard-high
55,1,0,3,25,1,0,3,40,2,0,3,8,hard-high
21,1,0,3,48,2,0,3,27,2,0,3,8,hard-high
29,2,0,3,53,1,0,3,51,2,0,3,8,hard-high
57,1,0,3,45,2,0,3,52,2,0,3,8,hard-high
55,1,0,3,46,1,0,3,31,2,0,3,8,hard-high
45,1,0,3,50,1,0,3,21,2,0,3,8,hard-high
33,2,0,3,20,1,0,3,46,2,0,3,8,hard-high
25,1,0,3,55,1,0,3,28,1,0,3,8,hard-high
56,2,0,3,29,1,0,3,54,2,0,3,8,hard-high
23,1,0,3,21,1,0,3,33,2,0,3,8,hard-high
60,2,0,3,55,2,0,3,58,1,0,3,8,hard-high
27,2,0,3,39,1,0,3,36,2,0,3,8,hard-high
20,1,0,3,54,2,0,3,31,1,0,3,8,hard-high
29,2,0,3,50,2,0,3,32,2,0,3,8,hard-high
48,1,0,3,57,2,0,3,35,1,0,3,8,hard-high
53,1,0,3,25,1,0,3,27,1,0,3,8,hard-high
22,1,0,3,33,1,0,3,21,2,0,3,8,hard-high
39,1,0,3,50,1,0,3,37,1,0,3,8,hard-high
28,1,0,3,34,1,0,3,54,1,0,3,8,hard-high
33,1,0,3,57,1,0,3,21,1,0,3,8,hard-high
53,2,0,3,60,1,0,3,53,2,0,3,8,hard-high
52,2,0,3,45,2,0,3,48,1,0,3,8,hard-high
38,2,0,3,59,2,0,3,21,1,0,3,8,hard-high
60,1,0,3,45,2,0,3,21,1,0,3,8,hard-high
38,2,0,3,21,1,0,3,42,1,0,3,8,hard-high
22,1,0,3,37,2,0,3,20,1,0,3,8,hard-high
21,1,0,3,22,1,0,3,36,1,0,3,8,hard-high
56,1,0,3,21,1,0,3,59,2,0,3,8,hard-high
49,1,0,3,51,2,0,3,31,1,0,3,8,hard-high
30,1,0,3,41,2,0,3,44,1,0,3,8,hard-high
33,1,0,3,55,2,0,3,59,1,0,3,8,hard-high
55,1,0,3,42,2,0,3,43,1,0,3,8,hard-high
22,2,0,3,53,1,0,3,38,2,0,3,8,hard-high
51,1,0,3,22,1,0,3,33,2,0,3,8,hard-high
21,1,0,3,46,1,0,3,31,1,0,3,8,hard-high
30,2,0,3,49,2,0,3,31,1,0,3,8,hard-high
50,1,0,3,28,1,0,3,32,2,0,3,8,hard-high
35,2,0,3,40,1,0,3,28,2,0,3,8,hard-high
35,1,0,3,52,1,0,3,39,2,0,3,8,hard-high
36,1,0,3,33,2,0,3,49,2,0,3,8,hard-high
23,2,0,3,57,2,0,3,53,1,0,3,8,hard-high
41,2,0,3,41,2,0,3,38,2,0,3,8,hard-high
32,2,0,3,25,1,0,3,31,2,0,3,8,hard-high
54,1,0,3,55,1,0,3,28,1,0,3,8,hard-high
35,2,0,3,42,1,0,3,33,1,0,3,8,hard-high
35,1,0,3,28,1,0,3,44,1,0,3,8,hard-high
48,1,0,3,49,2,0,3,26,2,0,3,8,hard-high
39,2,0,3,25,2,0,3,22,1,0,3,8,hard-high
28,1,0,3,43,2,0,3,39,1,0,3,8,hard-high
43,1,0,3,31,2,0,3,25,2,0,3,8,hard-high
32,2,0,3,27,2,0,3,39,2,0,3,8,hard-high
36,2,0,3,49,1,0,3,40,2,0,3,8,hard-high
30,1,0,3,50,2,0,3,55,2,0,3,8,hard-high
52,1,0,3,60,2,0,3,30,1,0,3,8,hard-high
46,1,0,3,50,1,0,3,29,1,0,3,8,hard-high
21,1,0,3,40,1,0,3,57,2,0,3,8,hard-high
48,2,0,3,20,1,0,3,49,1,0,3,8,hard-high
50,1,0,3,54,1,0,3,54,1,0,3,8,hard-high
24,1,0,3,51,1,0,3,50,1,0,3,8,hard-high
27,2,0,3,24,1,0,3,22,2,0,3,8,hard-high
29,1,0,3,49,2,0,3,38,1,0,3,8,hard-high
53,1,0,3,55,2,0,3,27,2,0,3,8,hard-high
42,2,0,3,57,2,0,3,55,1,0,3,8,hard-high
27,2,0,3,35,2,0,3,48,1,0,3,8,hard-high
43,2,0,3,26,2,0,3,31,2,0,3,8,hard-high
21,1,0,3,40,1,0,3,48,1,0,3,8,hard-high
28,2,0,3,48,1,0,3,56,2,0,3,8,hard-high
27,1,0,3,45,2,0,3,38,2,0,3,8,hard-high
30,2,0,3,29,1,0,3,58,2,0,3,8,hard-high
39,2,0,3,46,1,0,3,32,2,0,3,8,hard-high
32,2,0,3,20,2,0,3,57,1,0,3,8,hard-high
32,2,0,3,49,2,0,3,47,1,0,3,8,hard-high
26,2,0,3,37,2,0,3,52,1,0,3,8,hard-high
42,1,0,3,55,2,0,3,38,1,0,3,8,hard-high
57,1,0,3,33,1,0,3,52,2,0,3,8,hard-high
55,1,0,3,55,2,0,3,20,2,0,3,8,hard-high
43,2,0,3,30,1,0,3,25,2,0,3,8,hard-high
23,2,0,3,55,1,0,3,38,1,0,3,8,hard-high
20,2,0,3,58,1,0,3,51,1,0,3,8,hard-high
43,1,0,3,39,2,0,3,48,2,0,3,8,hard-high
59,1,0,3,49,1,0,3,53,1,0,3,8,hard-high
50,1,0,3,44,1,0,3,57,1,0,3,8,hard-high
48,1,0,3,40,1,0,3,46,1,0,3,8,hard-high
36,2,0,3,23,2,0,3,42,2,0,3,8,hard-high
47,2,0,3,41,1,0,3,41,2,0,3,8,hard-high
28,2,0,3,44,2,0,3,48,1,0,3,8,hard-high
20,2,0,3,27,2,0,3,26,1,0,3,8,hard-high
50,2,0,3,32,1,0,3,50,2,0,3,8,hard-high
58,1,0,3,42,1,0,3,26,1,0,3,8,hard-high
59,2,0,3,32,2,0,3,34,1,0,3,8,hard-high
26,2,0,3,31,1,0,3,54,1,0,3,8,hard-high
56,2,0,3,23,2,0,3,49,1,0,3,8,hard-high
24,2,0,3,33,1,0,3,56,1,0,3,8,hard-high
40,2,0,3,21,2,0,3,27,1,0,3,8,hard-high
35,2,0,3,57,1,0,3,21,2,0,3,8,hard-high
40,2,0,3,29,2,0,3,38,2,0,3,8,hard-high
52,1,0,3,20,2,0,3,51,1,0,3,8,hard-high
28,2,0,3,32,2,0,3,23,2,0,3,8,hard-high
48,2,0,3,56,2,0,3,39,1,0,3,8,hard-high
38,1,0,3,34,1,0,3,36,2,0,3,8,hard-high
24,2,0,3,37,2,0,3,26,1,0,3,8,hard-high
46,1,0,3,36,1,0,3,56,1,0,3,8,hard-high
32,1,0,3,56,1,0,3,36,2,0,3,8,hard-high
40,1,0,3,20,1,0,3,41,1,0,3,8,hard-high
24,2,0,3,28,2,0,3,28,2,0,3,8,hard-high
29,2,0,3,35,1,0,3,47,2,0,3,8,hard-high
58,1,0,3,55,1,0,3,41,2,0,3,8,hard-high
37,2,0,3,59,1,0,3,21,1,0,3,8,hard-high
47,1,0,3,51,1,0,3,26,2,0,3,8,hard-high
57,1,0,3,28,1,0,3,47,2,0,3,8,hard-high
23,2,0,3,33,1,0,3,50,2,0,3,8,hard-high
56,1,0,3,35,2,0,3,54,1,0,3,8,hard-high
23,1,0,3,25,1,0,3,43,2,0,3,8,hard-high
24,1,0,3,23,1,0,3,51,2,0,3,8,hard-high
53,2,0,3,42,1,0,3,54,2,0,3,8,hard-high
34,1,0,3,51,1,0,3,31,2,0,3,8,hard-high
42,1,0,3,58,2,0,3,32,2,0,3,8,hard-high
22,2,0,3,54,2,0,3,51,2,0,3,8,hard-high
49,1,0,3,53,2,0,3,29,1,0,3,8,hard-high
43,2,0,3,20,1,0,3,43,1,0,3,8,hard-high
50,1,0,3,36,2,0,3,60,1,0,3,8,hard-high
41,1,0,3,32,1,0,3,44,2,0,3,8,hard-high
34,1,0,3,34,1,0,3,44,2,0,3,8,hard-high
32,1,0,3,23,1,0,3,47,2,0,3,8,hard-high
42,1,0,3,24,1,0,3,57,1,0,3,8,hard-high
58,2,0,3,45,2,0,3,55,2,0,3,8,hard-high
29,1,0,3,39,2,0,3,49,2,0,3,8,hard-high
32,2,0,3,60,1,0,3,50,2,0,3,8,hard-high
22,1,0,3,47,2,0,3,38,1,0,3,8,hard-high
47,1,0,3,31,1,0,3,46,1,0,3,8,hard-high
22,2,0,3,43,1,0,3,58,2,0,3,8,hard-high
46,1,0,3,42,2,0,3,20,2,0,3,8,hard-high
52,2,0,3,48,2,0,3,24,1,0,3,8,hard-high
26,2,0,3,41,2,0,3,32,2,0,3,8,hard-high
44,2,0,3,46,2,0,3,57,1,0,3,8,hard-high
41,1,0,3,35,1,0,3,48,1,0,3,8,hard-high
42,2,0,3,36,2,0,3,41,2,0,3,8,hard-high
48,1,0,3,52,2,0,3,40,1,0,3,8,hard-high
54,1,0,3,48,1,0,3,53,1,0,3,8,hard-high
48,1,0,3,21,1,0,3,33,1,0,3,8,hard-high
34,1,0,3,22,2,0,3,34,2,0,3,8,hard-high
51,1,0,3,41,1,0,3,43,2,0,3,8,hard-high
42,1,0,3,31,2,0,3,28,1,0,3,8,hard-high
57,1,0,3,57,1,0,3,42,2,0,3,8,hard-high
39,1,0,3,20,1,0,3,31,2,0,3,8,hard-high
40,2,0,3,55,2,0,3,53,2,0,3,8,hard-high
58,2,0,3,42,1,0,3,29,2,0,3,8,hard-high
56,1,0,3,38,1,0,3,24,1,0,3,8,hard-high
23,1,0,3,38,1,0,3,57,1,0,3,8,hard-high
36,2,0,3,59,1,0,3,37,1,0,3,8,hard-high
57,1,0,3,25,2,0,3,51,1,0,3,8,hard-high
55,2,0,3,32,1,0,3,53,1,0,3,8,hard-high
53,1,0,3,24,2,0,3,52,2,0,3,8,hard-high
31,1,0,3,53,1,0,3,22,2,0,3,8,hard-high
31,2,0,3,26,1,0,3,45,1,0,3,8,hard-high
40,1,0,3,25,1,0,3,44,1,0,3,8,hard-high
32,1,0,3,42,1,0,3,39,1,0,3,8,hard-high
37,1,0,3,44,1,0,3,50,1,0,3,8,hard-high
56,1,0,3,45,2,0,3,29,1,0,3,8,hard-high
47,2,0,3,22,2,0,3,32,1,0,3,8,hard-high
26,2,0,3,58,2,0,3,32,1,0,3,8,hard-high
31,2,0,3,32,2,0,3,26,2,0,3,8,hard-high
38,1,0,3,41,2,0,3,34,1,0,3,8,hard-high
52,1,0,3,24,2,0,3,26,1,0,3,8,hard-high
57,2,0,3,41,1,0,3,45,2,0,3,8,hard-high
45,2,0,3,44,2,0,3,33,2,0,3,8,hard-high
58,1,0,3,25,2,0,3,52,2,0,3,8,hard-high
54,1,0,3,44,1,0,3,36,2,0,3,8,hard-high
58,1,0,3,58,1,0,3,47,2,0,3,8,hard-high
38,2,0,3,27,1,0,3,30,2,0,3,8,hard-high
48,1,0,3,25,2,0,3,27,2,0,3,8,hard-high
41,2,0,3,49,1,0,3,35,1,0,3,8,hard-high
47,2,0,3,55,2,0,3,35,2,0,3,8,hard-high
25,2,0,3,37,1,0,3,40,1,0,3,8,hard-high
48,1,0,3,46,1,0,3,25,2,0,3,8,hard-high
42,1,0,3,41,1,0,3,27,1,0,3,8,hard-high
45,1,0,3,56,2,0,3,48,1,0,3,8,hard-high
24,1,0,3,46,2,0,3,46,1,0,3,8,hard-high
48,1,0,3,50,2,0,3,60,2,0,3,8,hard-high
56,2,0,3,49,1,0,3,32,1,0,3,8,hard-high
59,2,0,3,47,1,0,3,41,1,0,3,8,hard-high
43,2,0,3,56,1,0,3,38,1,0,3,8,hard-high
31,1,0,3,50,1,0,3,58,1,0,3,8,hard-high
36,2,0,3,29,1,0,3,31,2,0,3,8,hard-high
28,2,0,3,38,2,0,3,40,1,0,3,8,hard-high
31,1,0,3,31,1,0,3,25,2,0,3,8,hard-high
47,1,0,3,30,1,0,3,23,1,0,3,8,hard-high
37,2,0,3,35,1,0,3,34,1,0,3,8,hard-high
34,1,0,3,58,2,0,3,57,1,0,3,8,hard-high
34,2,0,3,54,2,0,3,27,1,0,3,8,hard-high
36,2,0,3,53,2,0,3,53,1,0,3,8,hard-high
56,2,0,3,40,2,0,3,46,2,0,3,8,hard-high
20,1,0,3,22,1,0,3,22,1,0,3,8,hard-high
40,2,0,3,35,2,0,3,60,1,0,3,8,hard-high
49,2,0,3,36,1,0,3,26,1,0,3,8,hard-high
28,2,0,3,50,2,0,3,29,1,0,3,8,hard-high
45,2,0,3,45,1,0,3,50,1,0,3,8,hard-high
56,2,0,3,46,2,0,3,33,2,0,3,8,hard-high
34,2,0,3,55,1,0,3,38,1,0,3,8,hard-high
57,2,0,3,24,2,0,3,33,2,0,3,8,hard-high
40,1,0,3,41,1,0,3,26,2,0,3,8,hard-high
41,2,0,3,52,1,0,3,42,2,0,3,8,hard-high
43,1,0,3,28,1,0,3,50,1,0,3,8,hard-high
26,1,0,3,21,2,0,3,41,2,0,3,8,hard-high
43,1,0,3,40,2,0,3,27,1,0,3,8,hard-high
23,1,0,3,43,1,0,3,50,2,0,3,8,hard-high
22,2,0,3,22,1,0,3,60,1,0,3,8,hard-high
41,2,0,3,28,1,0,3,38,2,0,3,8,hard-high
30,2,0,3,37,2,0,3,38,2,0,3,8,hard-high
34,2,0,3,24,2,0,3,39,1,0,3,8,hard-high
32,1,0,3,38,1,0,3,58,1,0,3,8,hard-high
50,1,0,3,41,2,0,3,53,2,0,3,8,hard-high
52,1,0,3,28,2,0,3,46,1,0,3,8,hard-high
43,2,0,3,25,2,0,3,33,2,0,3,8,hard-high
28,2,0,3,37,1,0,3,51,1,0,3,8,hard-high
47,2,0,3,56,1,0,3,52,2,0,3,8,hard-high
21,1,0,3,38,1,0,3,59,1,0,3,8,hard-high
39,2,0,3,30,2,0,3,59,1,0,3,8,hard-high
21,2,0,3,31,1,0,3,28,1,0,3,8,hard-high
55,2,0,3,35,1,0,3,46,1,0,3,8,hard-high
26,2,0,3,43,1,0,3,49,2,0,3,8,hard-high
28,2,0,3,21,2,0,3,35,1,0,3,8,hard-high
30,1,0,3,26,1,0,3,57,1,0,3,8,hard-high
30,2,0,3,51,1,0,3,27,1,0,3,8,hard-high
23,2,0,3,32,2,0,3,22,2,0,3,8,hard-high
50,2,0,3,38,2,0,3,47,1,0,3,8,hard-high
52,2,0,3,34,1,0,3,46,2,0,3,8,hard-high
27,2,0,3,37,2,0,3,43,1,0,3,8,hard-high
25,1,0,3,25,1,0,3,40,1,0,3,8,hard-high
53,2,0,3,29,2,0,3,21,1,0,3,8,hard-high
58,1,0,3,41,1,0,3,44,2,0,3,8,hard-high
37,1,0,3,55,2,0,3,25,1,0,3,8,hard-high
23,1,0,3,58,2,0,3,37,1,0,3,8,hard-high
33,1,0,3,24,1,0,3,49,1,0,3,8,hard-high
38,1,0,3,45,2,0,3,39,1,0,3,8,hard-high
48,1,0,3,51,2,0,3,48,1,0,3,8,hard-high
24,1,0,3,26,2,0,3,32,2,0,3,8,hard-high
46,2,0,3,33,1,0,3,47,2,0,3,8,hard-high
48,2,0,3,30,2,0,3,35,2,0,3,8,hard-high
55,2,0,3,43,2,0,3,25,2,0,3,8,hard-high
43,1,0,3,52,2,0,3,24,1,0,3,8,hard-high
34,1,0,3,52,2,0,3,52,2,0,3,8,hard-high
52,2,0,3,58,2,0,3,47,2,0,3,8,hard-high
55,1,0,3,43,1,0,3,23,1,0,3,8,hard-high
34,1,0,3,41,2,0,3,53,2,0,3,8,hard-high
33,1,0,3,48,2,0,3,51,2,0,3,8,hard-high
26,2,0,3,47,2,0,3,48,1,0,3,8,hard-high
31,2,0,3,58,1,0,3,58,1,0,3,8,hard-high
46,2,0,3,39,1,0,3,54,2,0,3,8,hard-high
34,2,0,3,28,2,0,3,26,2,0,3,8,hard-high
57,2,0,3,21,2,0,3,20,1,0,3,8,hard-high
48,2,0,3,22,2,0,3,34,2,0,3,8,hard-high
52,1,0,3,20,2,0,3,38,1,0,3,8,hard-high
38,2,0,3,55,2,0,3,27,1,0,3,8,hard-high
31,1,0,3,37,1,0,3,31,1,0,3,8,hard-high
59,2,0,3,59,1,0,3,40,2,0,3,8,hard-high
43,2,0,3,52,2,0,3,24,2,0,3,8,hard-high
54,2,0,3,39,2,0,3,46,2,0,3,8,hard-high
47,2,0,3,30,1,0,3,38,1,0,3,8,hard-high
33,1,0,3,38,1,0,3,26,1,0,3,8,hard-high
35,2,0,3,53,1,0,3,46,1,0,3,8,hard-high
46,1,0,3,53,1,0,3,31,1,0,3,8,hard-high
37,2,0,3,41,1,0,3,25,1,0,3,8,hard-high
25,2,0,3,52,2,0,3,26,1,0,3,8,hard-high
49,2,0,3,48,2,0,3,44,1,0,3,8,hard-high
47,2,0,3,20,1,0,3,57,2,0,3,8,hard-high
29,2,0,3,23,2,0,3,54,2,0,3,8,hard-high
47,2,0,3,59,2,0,3,31,2,0,3,8,hard-high
45,2,0,3,30,2,0,3,44,2,0,3,8,hard-high
42,2,0,3,47,1,0,3,33,1,0,3,8,hard-high
29,2,0,3,29,2,0,3,30,1,0,3,8,hard-high
21,1,0,3,27,1,0,3,29,2,0,3,8,hard-high
54,1,0,3,29,2,0,3,20,1,0,3,8,hard-high
39,1,0,3,53,2,0,3,22,1,0,3,8,hard-high
23,1,0,3,20,1,0,3,38,1,0,3,8,hard-high
26,1,0,3,25,1,0,3,27,1,0,3,8,hard-high
47,2,0,3,23,1,0,3,47,1,0,3,8,hard-high
45,2,0,3,29,2,0,3,55,2,0,3,8,hard-high
47,1,0,3,30,1,0,3,48,1,0,3,8,hard-high
31,1,0,3,57,1,0,3,56,1,0,3,8,hard-high
46,1,0,3,50,1,0,3,60,2,0,3,8,hard-high
23,2,0,3,23,1,0,3,43,1,0,3,8,hard-high
33,2,0,3,54,1,0,3,26,1,0,3,8,hard-high
58,1,0,3,49,1,0,3,38,1,0,3,8,hard-high
51,2,0,3,51,1,0,3,39,2,0,3,8,hard-high
23,2,0,3,38,2,0,3,31,2,0,3,8,hard-high
40,2,0,3,27,1,0,3,26,1,0,3,8,hard-high
28,1,0,3,49,1,0,3,31,2,0,3,8,hard-high
49,1,0,3,58,1,0,3,53,1,0,3,8,hard-high
42,1,0,3,50,1,0,3,35,1,0,3,8,hard-high
29,2,0,3,26,2,0,3,46,1,0,3,8,hard-high
41,2,0,3,45,2,0,3,52,2,0,3,8,hard-high
22,1,0,3,33,2,0,3,54,1,0,3,8,hard-high
20,2,0,3,54,1,0,3,50,2,0,3,8,hard-high
22,1,0,3,21,2,0,3,33,1,0,3,8,hard-high
29,2,0,3,31,1,0,3,33,1,0,3,8,hard-high
32,1,0,3,32,1,0,3,33,2,0,3,8,hard-high
44,1,0,3,35,1,0,3,32,2,0,3,8,hard-high
33,1,0,3,57,2,0,3,31,2,0,3,8,hard-high
52,2,0,3,59,1,0,3,49,1,0,3,8,hard-high
30,1,0,3,45,1,0,3,53,1,0,3,8,hard-high
54,1,0,3,40,1,0,3,40,1,0,3,8,hard-high
59,2,0,3,37,1,0,3,48,1,0,3,8,hard-high
22,2,0,3,38,2,0,3,24,1,0,3,8,hard-high
54,1,0,3,53,2,0,3,24,2,0,3,8,hard-high
38,2,0,3,45,2,0,3,27,1,0,3,8,hard-high
22,2,0,3,28,2,0,3,27,1,0,3,8,hard-high
32,1,0,3,34,2,0,3,37,2,0,3,8,hard-high
26,1,0,3,31,1,0,3,39,2,0,3,8,hard-high
38,1,0,3,46,2,0,3,48,2,0,3,8,hard-high
27,1,0,3,45,2,0,3,56,1,0,3,8,hard-high
58,1,0,3,46,2,0,3,31,1,0,3,8,hard-high
27,2,0,3,34,1,0,3,36,2,0,3,8,hard-high
48,1,0,3,42,2,0,3,59,1,0,3,8,hard-high
28,2,0,3,39,2,0,3,29,2,0,3,8,hard-high
39,2,0,3,30,1,0,3,59,2,0,3,8,hard-high
44,1,0,3,28,2,0,3,45,1,0,3,8,hard-high
45,1,0,3,55,1,0,3,35,1,0,3,8,hard-high
53,1,0,3,21,2,0,3,23,1,0,3,8,hard-high
22,2,0,3,48,2,0,3,37,1,0,3,8,hard-high
32,2,0,3,55,2,0,3,57,2,0,3,8,hard-high
34,2,0,3,43,2,0,3,58,1,0,3,8,hard-high
44,1,0,3,39,1,0,3,31,1,0,3,8,hard-high
48,2,0,3,25,1,0,3,37,2,0,3,8,hard-high
27,2,0,3,23,1,0,3,20,1,0,3,8,hard-high
55,2,0,3,31,2,0,3,38,2,0,3,8,hard-high
30,1,0,3,48,2,0,3,50,1,0,3,8,hard-high
58,1,0,3,52,1,0,3,22,2,0,3,8,hard-high
33,2,0,3,27,2,0,3,44,2,0,3,8,hard-high
21,2,0,3,30,1,0,3,55,1,0,3,8,hard-high
52,2,0,3,56,1,0,3,24,2,0,3,8,hard-high
57,2,0,3,57,1,0,3,34,1,0,3,8,hard-high
29,2,0,3,58,2,0,3,58,1,0,3,8,hard-high
54,2,0,3,51,1,0,3,36,1,0,3,8,hard-high
26,1,0,3,49,1,0,3,57,2,0,3,8,hard-high
26,1,0,3,48,2,0,3,56,2,0,3,8,hard-high
45,1,0,3,38,1,0,3,51,2,0,3,8,hard-high
28,1,0,3,50,1,0,3,25,2,0,3,8,hard-high
30,2,0,3,32,2,0,3,38,1,0,3,8,hard-high
55,1,0,3,31,1,0,3,35,1,0,3,8,hard-high
30,1,0,3,47,1,0,3,59,1,0,3,8,hard-high
42,1,0,3,52,2,0,3,29,1,0,3,8,hard-high
34,2,0,3,29,2,0,3,55,2,0,3,8,hard-high
58,2,0,3,42,2,0,3,49,1,0,3,8,hard-high
34,2,0,3,30,1,0,3,54,1,0,3,8,hard-high
30,2,0,3,27,2,0,3,55,1,0,3,8,hard-high
23,2,0,3,22,1,0,3,41,2,0,3,8,hard-high
45,1,0,3,21,2,0,3,47,2,0,3,8,hard-high
25,2,0,3,51,2,0,3,44,2,0,3,8,hard-high
38,1,0,3,54,2,0,3,45,1,0,3,8,hard-high
34,2,0,3,44,1,0,3,33,2,0,3,8,hard-high
32,1,0,3,35,1,0,3,39,1,0,3,8,hard-high
43,2,0,3,42,1,0,3,36,1,0,3,8,hard-high
33,2,0,3,25,1,0,3,29,1,0,3,8,hard-high
58,1,0,3,37,1,0,3,51,2,0,3,8,hard-high
20,1,0,3,26,2,0,3,57,2,0,3,8,hard-high
52,2,0,3,28,1,0,3,27,1,0,3,8,hard-high
41,1,0,3,30,2,0,3,40,2,0,3,8,hard-high
31,2,0,3,32,1,0,3,44,1,0,3,8,hard-high
46,1,0,3,22,2,0,3,26,1,0,3,8,hard-high
46,1,0,3,43,1,0,3,38,2,0,3,8,hard-high
53,2,0,3,53,2,0,3,31,2,0,3,8,hard-high
44,1,0,3,49,1,0,3,37,1,0,3,8,hard-high
42,2,0,3,55,2,0,3,22,1,0,3,8,hard-high
37,2,0,3,29,2,0,3,36,1,0,3,8,hard-high
60,2,0,3,29,2,0,3,32,2,0,3,8,hard-high
56,1,0,3,42,1,0,3,34,1,0,3,8,hard-high
43,1,0,3,59,1,0,3,20,2,0,3,8,hard-high
59,2,0,3,47,2,0,3,43,2,0,3,8,hard-high
40,1,0,3,35,1,0,3,21,2,0,3,8,hard-high
52,1,0,3,59,1,0,3,26,2,0,3,8,hard-high
34,2,0,3,50,1,0,3,52,1,0,3,8,hard-high
37,1,0,3,55,1,0,3,23,2,0,3,8,hard-high
37,2,0,3,21,1,0,3,60,1,0,3,8,hard-high
48,2,0,3,56,2,0,3,43,2,0,3,8,hard-high
59,2,0,3,28,1,0,3,27,1,0,3,8,hard-high
46,1,0,3,38,1,0,3,50,1,0,3,8,hard-high
38,2,0,3,36,1,0,3,46,2,0,3,8,hard-high
43,2,0,3,54,1,0,3,20,2,0,3,8,hard-high
35,2,0,3,21,1,0,3,21,1,0,3,8,hard-high
60,2,0,3,53,2,0,3,22,2,0,3,8,hard-high
37,1,0,3,22,2,0,3,27,1,0,3,8,hard-high
36,2,0,3,23,2,0,3,51,1,0,3,8,hard-high
44,1,0,3,43,2,0,3,50,2,0,3,8,hard-high
20,2,0,3,41,2,0,3,25,2,0,3,8,hard-high
30,2,0,3,54,2,0,3,36,1,0,3,8,hard-high
23,2,0,3,23,1,0,3,25,2,0,3,8,hard-high
27,1,0,3,36,2,0,3,34,1,0,3,8,hard-high
47,1,0,3,49,1,0,3,60,2,0,3,8,hard-high
43,2,0,3,38,1,0,3,35,2,0,3,8,hard-high
47,2,0,3,56,1,0,3,32,1,0,3,8,hard-high
58,2,0,3,47,2,0,3,56,1,0,3,8,hard-high
40,2,0,3,56,1,0,3,51,1,0,3,8,hard-high
40,1,0,3,59,2,0,3,47,2,0,3,8,hard-high
57,2,0,3,32,1,0,3,25,2,0,3,8,hard-high
42,1,0,3,55,2,0,3,28,2,0,3,8,hard-high
55,2,0,3,46,2,0,3,26,2,0,3,8,hard-high
20,2,0,3,34,1,0,3,21,1,0,3,8,hard-high
43,2,0,3,29,2,0,3,29,1,0,3,8,hard-high
39,1,0,3,20,1,0,3,22,1,0,3,8,hard-high
32,2,0,3,37,1,0,3,50,1,0,3,8,hard-high
21,2,0,3,56,1,0,3,56,1,0,3,8,hard-high
43,2,0,3,30,1,0,3,36,1,0,3,8,hard-high
43,2,0,3,32,2,0,3,55,2,0,3,8,hard-high
54,1,0,3,58,1,0,3,59,1,0,3,8,hard-high
54,1,0,3,51,1,0,3,22,1,0,3,8,hard-high
38,2,0,3,49,2,0,3,52,2,0,3,8,hard-high
51,1,0,3,40,2,0,3,24,1,0,3,8,hard-high
34,1,0,3,50,1,0,3,31,2,0,3,8,hard-high
23,1,0,3,22,1,0,3,20,1,0,3,8,hard-high
44,2,0,3,43,1,0,3,20,1,0,3,8,hard-high
52,1,0,3,49,2,0,3,58,2,0,3,8,hard-high
37,2,0,3,27,2,0,3,46,2,0,3,8,hard-high
44,1,0,3,22,1,0,3,20,2,0,3,8,hard-high
22,2,0,3,44,2,0,3,35,1,0,3,8,hard-high
51,2,0,3,52,1,0,3,33,2,0,3,8,hard-high
53,2,0,3,41,1,0,3,38,2,0,3,8,hard-high
60,2,0,3,41,2,0,3,46,1,0,3,8,hard-high
38,1,0,3,40,2,0,3,25,2,0,3,8,hard-high
22,1,0,3,39,1,0,3,30,2,0,3,8,hard-high
22,2,0,3,42,1,0,3,32,2,0,3,8,hard-high
47,2,0,3,32,1,0,3,45,2,0,3,8,hard-high
37,1,0,3,57,1,0,3,60,2,0,3,8,hard-high
24,2,0,3,26,2,0,3,49,1,0,3,8,hard-high
51,2,0,3,20,1,0,3,32,1,0,3,8,hard-high
59,2,0,3,27,2,0,3,24,1,0,3,8,hard-high
21,1,0,3,24,2,0,3,55,1,0,3,8,hard-high
50,2,0,3,41,1,0,3,57,2,0,3,8,hard-high
39,2,0,3,58,1,0,3,23,2,0,3,8,hard-high
58,2,0,3,29,1,0,3,30,2,0,3,8,hard-high
26,2,0,3,34,2,0,3,53,2,0,3,8,hard-high
32,1,0,3,38,2,0,3,46,2,0,3,8,hard-high
43,2,0,3,41,1,0,3,54,2,0,3,8,hard-high
43,1,0,3,29,1,0,3,22,1,0,3,8,hard-high
20,2,0,3,57,2,0,3,56,2,0,3,8,hard-high
52,2,0,3,27,2,0,3,23,2,0,3,8,hard-high
60,2,0,3,54,1,0,3,37,1,0,3,8,hard-high
31,2,0,3,54,1,0,3,38,2,0,3,8,hard-high
48,1,0,3,23,2,0,3,45,1,0,3,8,hard-high
53,1,0,3,33,2,0,3,46,2,0,3,8,hard-high
51,1,0,3,42,2,0,3,55,2,0,3,8,hard-high
28,2,0,3,27,2,0,3,37,2,0,3,8,hard-high
51,1,0,3,52,2,0,3,55,2,0,3,8,hard-high
29,2,0,3,38,1,0,3,36,2,0,3,8,hard-high
32,1,0,3,39,1,0,3,32,1,0,3,8,hard-high
42,2,0,3,31,2,0,3,29,1,0,3,8,hard-high
38,1,0,3,40,1,0,3,54,2,0,3,8,hard-high
31,1,0,3,60,2,0,3,20,2,0,3,8,hard-high
53,2,0,3,31,1,0,3,54,2,0,3,8,hard-high
21,1,0,3,42,2,0,3,59,2,0,3,8,hard-high
32,1,0,3,47,2,0,3,34,2,0,3,8,hard-high
41,1,0,3,40,1,0,3,31,1,0,3,8,hard-high
31,2,0,3,34,2,0,3,53,2,0,3,8,hard-high
20,1,0,3,59,2,0,3,56,1,0,3,8,hard-high
35,1,0,3,34,2,0,3,20,1,0,3,8,hard-high
54,1,0,3,46,1,0,3,40,2,0,3,8,hard-high
30,1,0,3,50,1,0,3,28,1,0,3,8,hard-high
23,1,0,3,20,2,0,3,28,2,0,3,8,hard-high
44,1,0,3,53,2,0,3,33,1,0,3,8,hard-high
45,2,0,3,20,1,0,3,56,2,0,3,8,hard-high
59,2,0,3,52,1,0,3,35,1,0,3,8,hard-high
40,2,0,3,45,1,0,3,25,2,0,3,8,hard-high
31,1,0,3,50,2,0,3,25,1,0,3,8,hard-high
43,2,0,3,50,2,0,3,20,1,0,3,8,hard-high
60,2,0,3,37,2,0,3,36,2,0,3,8,hard-high
57,1,0,3,22,2,0,3,43,1,0,3,8,hard-high
30,1,0,3,45,2,0,3,40,2,0,3,8,hard-high
24,1,0,3,27,2,0,3,33,2,0,3,8,hard-high
52,2,0,3,25,1,0,3,23,2,0,3,8,hard-high
32,1,0,3,58,2,0,3,58,1,0,3,8,hard-high
51,2,0,3,52,1,0,3,36,1,0,3,8,hard-high
55,2,0,3,41,1,0,3,53,1,0,3,8,hard-high
59,2,0,3,36,2,0,3,30,1,0,3,8,hard-high
37,1,0,3,51,2,0,3,23,2,0,3,8,hard-high
27,2,0,3,30,1,0,3,53,2,0,3,8,hard-high
31,2,0,3,42,1,0,3,50,1,0,3,8,hard-high
56,1,0,3,34,2,0,3,57,2,0,3,8,hard-high
54,1,0,3,29,1,0,3,34,1,0,3,8,hard-high
28,2,0,3,44,2,0,3,42,1,0,3,8,hard-high
42,1,0,3,42,2,0,3,22,1,0,3,8,hard-high
51,2,0,3,52,1,0,3,41,1,0,3,8,hard-high
33,2,0,3,38,2,0,3,53,1,0,3,8,hard-high
42,1,0,3,46,2,0,3,36,1,0,3,8,hard-high
49,1,0,3,42,1,0,3,44,1,0,3,8,hard-high
35,2,0,3,27,2,0,3,48,2,0,3,8,hard-high
54,2,0,3,37,2,0,3,50,1,0,3,8,hard-high
56,1,0,3,20,2,0,3,24,2,0,3,8,hard-high
33,2,0,3,54,2,0,3,37,2,0,3,8,hard-high
60,1,0,3,59,1,0,3,53,2,0,3,8,hard-high
25,2,0,3,35,2,0,3,39,2,0,3,8,hard-high
43,1,0,3,54,2,0,3,43,2,0,3,8,hard-high
25,2,0,3,35,2,0,3,48,2,0,3,8,hard-high
23,1,0,3,49,2,0,3,33,1,0,3,8,hard-high
51,2,0,3,49,2,0,3,32,2,0,3,8,hard-high
58,2,0,3,20,2,0,3,57,2,0,3,8,hard-high
48,2,0,3,48,1,0,3,22,1,0,3,8,hard-high
35,2,0,3,57,1,0,3,30,2,0,3,8,hard-high
51,1,0,3,20,2,0,3,60,1,0,3,8,hard-high
57,1,0,3,20,2,0,3,26,2,0,3,8,hard-high
37,2,0,3,55,1,0,3,37,2,0,3,8,hard-high
35,1,0,3,30,2,0,3,43,2,0,3,8,hard-high
45,2,0,3,36,2,0,3,34,1,0,3,8,hard-high
30,2,0,3,53,2,0,3,59,2,0,3,8,hard-high
27,2,0,3,41,1,0,3,60,1,0,3,8,hard-high
30,2,0,3,59,2,0,3,57,1,0,3,8,hard-high
51,1,0,3,44,1,0,3,55,2,0,3,8,hard-high
27,1,0,3,58,1,0,3,22,2,0,3,8,hard-high
56,2,0,3,53,2,0,3,51,1,0,3,8,hard-high
25,1,0,3,29,2,0,3,27,1,0,3,8,hard-high
31,2,0,3,54,2,0,3,50,1,0,3,8,hard-high
57,1,0,3,34,1,0,3,60,1,0,3,8,hard-high
43,2,0,3,20,1,0,3,53,1,0,3,8,hard-high
56,1,0,3,34,1,0,3,26,2,0,3,8,hard-high
48,1,0,3,57,1,0,3,34,1,0,3,8,hard-high
45,2,0,3,33,1,0,3,50,1,0,3,8,hard-high
27,1,0,3,54,1,0,3,42,1,0,3,8,hard-high
25,1,0,3,53,1,0,3,40,2,0,3,8,hard-high
53,2,0,3,31,2,0,3,39,2,0,3,8,hard-high
21,1,0,3,30,1,0,3,48,1,0,3,8,hard-high
34,1,0,3,54,2,0,3,23,2,0,3,8,hard-high
37,1,0,3,21,1,0,3,31,1,0,3,8,hard-high
30,1,0,3,37,1,0,3,51,2,0,3,8,hard-high
29,2,0,3,57,1,0,3,41,1,0,3,8,hard-high
46,2,0,3,58,1,0,3,25,1,0,3,8,hard-high
53,2,0,3,48,1,0,3,54,2,0,3,8,hard-high
46,1,0,3,53,1,0,3,36,1,0,3,8,hard-high
53,2,0,3,41,2,0,3,21,2,0,3,8,hard-high
20,2,0,3,60,2,0,3,53,2,0,3,8,hard-high
47,1,0,3,53,1,0,3,38,2,0,3,8,hard-high
21,1,0,3,26,2,0,3,36,1,0,3,8,hard-high
40,2,0,3,34,2,0,3,20,2,0,3,8,hard-high
55,1,0,3,53,1,0,3,45,1,0,3,8,hard-high
57,2,0,3,27,2,0,3,26,1,0,3,8,hard-high
34,2,0,3,30,2,0,3,50,1,0,3,8,hard-high
36,1,0,3,23,1,0,3,55,1,0,3,8,hard-high
53,2,0,3,33,2,0,3,24,1,0,3,8,hard-high
55,1,0,3,53,1,0,3,51,2,0,3,8,hard-high
28,1,0,3,30,1,0,3,31,2,0,3,8,hard-high
23,1,0,3,54,1,0,3,50,1,0,3,8,hard-high
20,2,0,3,40,2,0,3,22,2,0,3,8,hard-high
24,1,0,3,48,1,0,3,58,2,0,3,8,hard-high
28,1,0,3,57,2,0,3,45,2,0,3,8,hard-high
23,1,0,3,46,2,0,3,59,2,0,3,8,hard-high
47,2,0,3,23,1,0,3,56,1,0,3,8,hard-high
35,1,0,3,50,1,0,3,43,1,0,3,8,hard-high
48,2,0,3,33,1,0,3,56,2,0,3,8,hard-high
52,1,0,3,21,2,0,3,48,2,0,3,8,hard-high
58,2,0,3,44,1,0,3,28,2,0,3,8,hard-high
47,1,0,3,41,1,0,3,38,2,0,3,8,hard-high
47,2,0,3,47,2,0,3,39,2,0,3,8,hard-high
41,2,0,3,47,1,0,3,30,1,0,3,8,hard-high
49,1,0,3,44,1,0,3,47,1,0,3,8,hard-high
51,1,0,3,47,1,0,3,39,1,0,3,8,hard-high
53,1,0,3,43,2,0,3,59,1,0,3,8,hard-high
20,2,0,3,59,1,0,3,46,2,0,3,8,hard-high
36,1,0,3,49,2,0,3,54,1,0,3,8,hard-high
33,2,0,3,36,2,0,3,22,2,0,3,8,hard-high
42,1,0,3,48,1,0,3,35,2,0,3,8,hard-high
34,1,0,3,45,2,0,3,57,2,0,3,8,hard-high
48,2,0,3,42,1,0,3,34,2,0,3,8,hard-high
20,2,0,3,25,2,0,3,27,2,0,3,8,hard-high
32,2,0,3,36,1,0,3,45,1,0,3,8,hard-high
38,2,0,3,48,1,0,3,32,2,0,3,8,hard-high
35,1,0,3,33,1,0,3,33,1,0,3,8,hard-high
58,1,0,3,37,2,0,3,51,2,0,3,8,hard-high
41,2,0,3,28,1,0,3,25,2,0,3,8,hard-high
21,1,0,3,59,1,0,3,28,1,0,3,8,hard-high
35,1,0,3,59,2,0,3,60,1,0,3,8,hard-high
35,1,0,3,57,2,0,3,42,1,0,3,8,hard-high
38,2,0,3,37,1,0,3,33,2,0,3,8,hard-high
38,1,0,3,46,2,0,3,48,2,0,3,8,hard-high
53,2,0,3,51,1,0,3,55,1,0,3,8,hard-high
38,1,0,3,40,2,0,3,46,1,0,3,8,hard-high
49,2,0,3,50,1,0,3,22,2,0,3,8,hard-high
33,2,0,3,58,1,0,3,30,1,0,3,8,hard-high
20,1,0,3,32,1,0,3,54,1,0,3,8,hard-high
28,2,0,3,58,1,0,3,48,2,0,3,8,hard-high
42,1,0,3,45,1,0,3,50,2,0,3,8,hard-high
25,2,0,3,57,1,0,3,57,2,0,3,8,hard-high
31,1,0,3,60,1,0,3,40,1,0,3,8,hard-high
50,1,0,3,60,1,0,3,36,1,0,3,8,hard-high
58,1,0,3,25,1,0,3,23,2,0,3,8,hard-high
21,1,0,3,51,1,0,3,51,1,0,3,8,hard-high
46,2,0,3,38,2,0,3,30,1,0,3,8,hard-high
52,2,0,3,57,2,0,3,53,1,0,3,8,hard-high
54,2,0,3,56,2,0,3,41,2,0,3,8,hard-high
42,1,0,3,31,2,0,3,21,1,0,3,8,hard-high
40,1,0,3,36,1,0,3,37,2,0,3,8,hard-high
37,2,0,3,30,1,0,3,28,1,0,3,8,hard-high
51,2,0,3,22,2,0,3,27,2,0,3,8,hard-high
40,1,0,3,21,2,0,3,31,2,0,3,8,hard-high
24,1,0,3,37,2,0,3,37,1,0,3,8,hard-high
42,1,0,3,32,2,0,3,40,2,0,3,8,hard-high
44,1,0,3,22,2,0,3,29,2,0,3,8,hard-high
43,2,0,3,33,2,0,3,39,1,0,3,8,hard-high
31,2,0,3,48,2,0,3,39,1,0,3,8,hard-high
37,2,0,3,58,1,0,3,26,1,0,3,8,hard-high
36,1,0,3,45,1,0,3,60,2,0,3,8,hard-high
27,1,0,3,45,1,0,3,46,2,0,3,8,hard-high
28,2,0,3,44,2,0,3,36,1,0,3,8,hard-high
30,2,0,3,26,1,0,3,34,1,0,3,8,hard-high
26,1,0,3,23,1,0,3,53,1,0,3,8,hard-high
27,2,0,3,56,1,0,3,48,1,0,3,8,hard-high
24,1,0,3,25,2,0,3,23,2,0,3,8,hard-high
43,2,0,3,40,2,0,3,27,1,0,3,8,hard-high
59,1,0,3,57,2,0,3,47,1,0,3,8,hard-high
39,1,0,3,21,1,0,3,21,1,0,3,8,hard-high
60,2,0,3,58,2,0,3,32,1,0,3,8,hard-high
23,1,0,3,44,1,0,3,25,2,0,3,8,hard-high
26,2,0,3,49,2,0,3,20,1,0,3,8,hard-high
43,2,0,3,22,2,0,3,41,1,0,3,8,hard-high
54,2,0,3,46,1,0,3,58,1,0,3,8,hard-high
22,2,0,3,56,2,0,3,42,1,0,3,8,hard-high
42,2,0,3,37,1,0,3,23,1,0,3,8,hard-high
39,1,0,3,43,2,0,3,52,2,0,3,8,hard-high
49,2,0,3,20,2,0,3,23,1,0,3,8,hard-high
59,2,0,3,58,1,0,3,57,1,0,3,8,hard-high
47,1,0,3,39,2,0,3,32,2,0,3,8,hard-high
57,1,0,3,31,2,0,3,41,2,0,3,8,hard-high
37,2,0,3,49,2,0,3,36,2,0,3,8,hard-high
40,1,0,3,38,1,0,3,28,2,0,3,8,hard-high
33,1,0,3,30,2,0,3,34,2,0,3,8,hard-high
53,2,0,3,49,2,0,3,21,2,0,3,8,hard-high
38,1,0,3,60,2,0,3,43,2,0,3,8,hard-high
40,2,0,3,39,1,0,3,32,2,0,3,8,hard-high
30,2,0,3,50,1,0,3,39,2,0,3,8,hard-high
46,2,0,3,42,2,0,3,34,2,0,3,8,hard-high
44,1,0,3,37,2,0,3,32,2,0,3,8,hard-high
46,2,0,3,25,2,0,3,58,2,0,3,8,hard-high
53,2,0,3,42,1,0,3,20,1,0,3,8,hard-high
31,1,0,3,42,1,0,3,38,1,0,3,8,hard-high
29,2,0,3,34,1,0,3,29,2,0,3,8,hard-high
53,2,0,3,46,2,0,3,40,2,0,3,8,hard-high
58,1,0,3,57,2,0,3,21,1,0,3,8,hard-high
38,1,0,3,47,1,0,3,60,1,0,3,8,hard-high
40,2,0,3,47,2,0,3,41,1,0,3,8,hard-high
58,2,0,3,52,2,0,3,37,2,0,3,8,hard-high
40,1,0,3,57,1,0,3,57,1,0,3,8,hard-high
50,1,0,3,36,1,0,3,44,2,0,3,8,hard-high
58,2,0,3,55,2,0,3,35,2,0,3,8,hard-high
33,2,0,3,43,1,0,3,32,2,0,3,8,hard-high
33,2,0,3,32,2,0,3,48,2,0,3,8,hard-high
22,2,0,3,21,2,0,3,34,1,0,3,8,hard-high
45,2,0,3,20,1,0,3,33,1,0,3,8,hard-high
45,1,0,3,35,2,0,3,41,2,0,3,8,hard-high
20,1,0,3,43,1,0,3,23,1,0,3,8,hard-high
30,2,0,3,24,2,0,3,24,1,0,3,8,hard-high
22,2,0,3,46,2,0,3,48,2,0,3,8,hard-high
24,1,0,3,30,2,0,3,50,1,0,3,8,hard-high
55,2,0,3,50,2,0,3,36,2,0,3,8,hard-high
59,1,0,3,44,2,0,3,41,1,0,3,8,hard-high
58,2,0,3,46,1,0,3,56,1,0,3,8,hard-high
22,2,0,3,54,2,0,3,27,2,0,3,8,hard-high
35,1,0,3,42,2,0,3,35,2,0,3,8,hard-high
